# Fio procedural theatre spotlight / Fresnel-style stage fixture
# Units are arbitrary Fio world units; Y-up, optical axis along Z, lens faces -Z.
mtllib Theatre_Spotlight.mtl
o Theatre_Spotlight
v 0.750000 0.000000 -0.780000
v 0.743584 0.097895 -0.780000
v 0.822899 0.108337 -0.620000
v 0.830000 0.000000 -0.620000
v 0.724444 0.194114 -0.780000
v 0.801718 0.214820 -0.620000
v 0.692910 0.287013 -0.780000
v 0.766820 0.317627 -0.620000
v 0.649519 0.375000 -0.780000
v 0.718801 0.415000 -0.620000
v 0.595015 0.456571 -0.780000
v 0.658483 0.505272 -0.620000
v 0.530330 0.530330 -0.780000
v 0.586899 0.586899 -0.620000
v 0.456571 0.595015 -0.780000
v 0.505272 0.658483 -0.620000
v 0.375000 0.649519 -0.780000
v 0.415000 0.718801 -0.620000
v 0.287013 0.692910 -0.780000
v 0.317627 0.766820 -0.620000
v 0.194114 0.724444 -0.780000
v 0.214820 0.801718 -0.620000
v 0.097895 0.743584 -0.780000
v 0.108337 0.822899 -0.620000
v 0.000000 0.750000 -0.780000
v 0.000000 0.830000 -0.620000
v -0.097895 0.743584 -0.780000
v -0.108337 0.822899 -0.620000
v -0.194114 0.724444 -0.780000
v -0.214820 0.801718 -0.620000
v -0.287013 0.692910 -0.780000
v -0.317627 0.766820 -0.620000
v -0.375000 0.649519 -0.780000
v -0.415000 0.718801 -0.620000
v -0.456571 0.595015 -0.780000
v -0.505272 0.658483 -0.620000
v -0.530330 0.530330 -0.780000
v -0.586899 0.586899 -0.620000
v -0.595015 0.456571 -0.780000
v -0.658483 0.505272 -0.620000
v -0.649519 0.375000 -0.780000
v -0.718801 0.415000 -0.620000
v -0.692910 0.287013 -0.780000
v -0.766820 0.317627 -0.620000
v -0.724444 0.194114 -0.780000
v -0.801718 0.214820 -0.620000
v -0.743584 0.097895 -0.780000
v -0.822899 0.108337 -0.620000
v -0.750000 0.000000 -0.780000
v -0.830000 0.000000 -0.620000
v -0.743584 -0.097895 -0.780000
v -0.822899 -0.108337 -0.620000
v -0.724444 -0.194114 -0.780000
v -0.801718 -0.214820 -0.620000
v -0.692910 -0.287013 -0.780000
v -0.766820 -0.317627 -0.620000
v -0.649519 -0.375000 -0.780000
v -0.718801 -0.415000 -0.620000
v -0.595015 -0.456571 -0.780000
v -0.658483 -0.505272 -0.620000
v -0.530330 -0.530330 -0.780000
v -0.586899 -0.586899 -0.620000
v -0.456571 -0.595015 -0.780000
v -0.505272 -0.658483 -0.620000
v -0.375000 -0.649519 -0.780000
v -0.415000 -0.718801 -0.620000
v -0.287013 -0.692910 -0.780000
v -0.317627 -0.766820 -0.620000
v -0.194114 -0.724444 -0.780000
v -0.214820 -0.801718 -0.620000
v -0.097895 -0.743584 -0.780000
v -0.108337 -0.822899 -0.620000
v -0.000000 -0.750000 -0.780000
v -0.000000 -0.830000 -0.620000
v 0.097895 -0.743584 -0.780000
v 0.108337 -0.822899 -0.620000
v 0.194114 -0.724444 -0.780000
v 0.214820 -0.801718 -0.620000
v 0.287013 -0.692910 -0.780000
v 0.317627 -0.766820 -0.620000
v 0.375000 -0.649519 -0.780000
v 0.415000 -0.718801 -0.620000
v 0.456571 -0.595015 -0.780000
v 0.505272 -0.658483 -0.620000
v 0.530330 -0.530330 -0.780000
v 0.586899 -0.586899 -0.620000
v 0.595015 -0.456571 -0.780000
v 0.658483 -0.505272 -0.620000
v 0.649519 -0.375000 -0.780000
v 0.718801 -0.415000 -0.620000
v 0.692910 -0.287013 -0.780000
v 0.766820 -0.317627 -0.620000
v 0.724444 -0.194114 -0.780000
v 0.801718 -0.214820 -0.620000
v 0.743584 -0.097895 -0.780000
v 0.822899 -0.108337 -0.620000
v 0.872471 0.114863 -0.300000
v 0.880000 0.000000 -0.300000
v 0.850015 0.227761 -0.300000
v 0.813014 0.336761 -0.300000
v 0.762102 0.440000 -0.300000
v 0.698151 0.535710 -0.300000
v 0.622254 0.622254 -0.300000
v 0.535710 0.698151 -0.300000
v 0.440000 0.762102 -0.300000
v 0.336761 0.813014 -0.300000
v 0.227761 0.850015 -0.300000
v 0.114863 0.872471 -0.300000
v 0.000000 0.880000 -0.300000
v -0.114863 0.872471 -0.300000
v -0.227761 0.850015 -0.300000
v -0.336761 0.813014 -0.300000
v -0.440000 0.762102 -0.300000
v -0.535710 0.698151 -0.300000
v -0.622254 0.622254 -0.300000
v -0.698151 0.535710 -0.300000
v -0.762102 0.440000 -0.300000
v -0.813014 0.336761 -0.300000
v -0.850015 0.227761 -0.300000
v -0.872471 0.114863 -0.300000
v -0.880000 0.000000 -0.300000
v -0.872471 -0.114863 -0.300000
v -0.850015 -0.227761 -0.300000
v -0.813014 -0.336761 -0.300000
v -0.762102 -0.440000 -0.300000
v -0.698151 -0.535710 -0.300000
v -0.622254 -0.622254 -0.300000
v -0.535710 -0.698151 -0.300000
v -0.440000 -0.762102 -0.300000
v -0.336761 -0.813014 -0.300000
v -0.227761 -0.850015 -0.300000
v -0.114863 -0.872471 -0.300000
v -0.000000 -0.880000 -0.300000
v 0.114863 -0.872471 -0.300000
v 0.227761 -0.850015 -0.300000
v 0.336761 -0.813014 -0.300000
v 0.440000 -0.762102 -0.300000
v 0.535710 -0.698151 -0.300000
v 0.622254 -0.622254 -0.300000
v 0.698151 -0.535710 -0.300000
v 0.762102 -0.440000 -0.300000
v 0.813014 -0.336761 -0.300000
v 0.850015 -0.227761 -0.300000
v 0.872471 -0.114863 -0.300000
v 0.852643 0.112253 0.480000
v 0.860000 0.000000 0.480000
v 0.830696 0.222584 0.480000
v 0.794536 0.329108 0.480000
v 0.744782 0.430000 0.480000
v 0.682284 0.523535 0.480000
v 0.608112 0.608112 0.480000
v 0.523535 0.682284 0.480000
v 0.430000 0.744782 0.480000
v 0.329108 0.794536 0.480000
v 0.222584 0.830696 0.480000
v 0.112253 0.852643 0.480000
v 0.000000 0.860000 0.480000
v -0.112253 0.852643 0.480000
v -0.222584 0.830696 0.480000
v -0.329108 0.794536 0.480000
v -0.430000 0.744782 0.480000
v -0.523535 0.682284 0.480000
v -0.608112 0.608112 0.480000
v -0.682284 0.523535 0.480000
v -0.744782 0.430000 0.480000
v -0.794536 0.329108 0.480000
v -0.830696 0.222584 0.480000
v -0.852643 0.112253 0.480000
v -0.860000 0.000000 0.480000
v -0.852643 -0.112253 0.480000
v -0.830696 -0.222584 0.480000
v -0.794536 -0.329108 0.480000
v -0.744782 -0.430000 0.480000
v -0.682284 -0.523535 0.480000
v -0.608112 -0.608112 0.480000
v -0.523535 -0.682284 0.480000
v -0.430000 -0.744782 0.480000
v -0.329108 -0.794536 0.480000
v -0.222584 -0.830696 0.480000
v -0.112253 -0.852643 0.480000
v -0.000000 -0.860000 0.480000
v 0.112253 -0.852643 0.480000
v 0.222584 -0.830696 0.480000
v 0.329108 -0.794536 0.480000
v 0.430000 -0.744782 0.480000
v 0.523535 -0.682284 0.480000
v 0.608112 -0.608112 0.480000
v 0.682284 -0.523535 0.480000
v 0.744782 -0.430000 0.480000
v 0.794536 -0.329108 0.480000
v 0.830696 -0.222584 0.480000
v 0.852643 -0.112253 0.480000
v 0.773327 0.101810 1.280000
v 0.780000 0.000000 1.280000
v 0.753422 0.201879 1.280000
v 0.720626 0.298493 1.280000
v 0.675500 0.390000 1.280000
v 0.618816 0.474834 1.280000
v 0.551543 0.551543 1.280000
v 0.474834 0.618816 1.280000
v 0.390000 0.675500 1.280000
v 0.298493 0.720626 1.280000
v 0.201879 0.753422 1.280000
v 0.101810 0.773327 1.280000
v 0.000000 0.780000 1.280000
v -0.101810 0.773327 1.280000
v -0.201879 0.753422 1.280000
v -0.298493 0.720626 1.280000
v -0.390000 0.675500 1.280000
v -0.474834 0.618816 1.280000
v -0.551543 0.551543 1.280000
v -0.618816 0.474834 1.280000
v -0.675500 0.390000 1.280000
v -0.720626 0.298493 1.280000
v -0.753422 0.201879 1.280000
v -0.773327 0.101810 1.280000
v -0.780000 0.000000 1.280000
v -0.773327 -0.101810 1.280000
v -0.753422 -0.201879 1.280000
v -0.720626 -0.298493 1.280000
v -0.675500 -0.390000 1.280000
v -0.618816 -0.474834 1.280000
v -0.551543 -0.551543 1.280000
v -0.474834 -0.618816 1.280000
v -0.390000 -0.675500 1.280000
v -0.298493 -0.720626 1.280000
v -0.201879 -0.753422 1.280000
v -0.101810 -0.773327 1.280000
v -0.000000 -0.780000 1.280000
v 0.101810 -0.773327 1.280000
v 0.201879 -0.753422 1.280000
v 0.298493 -0.720626 1.280000
v 0.390000 -0.675500 1.280000
v 0.474834 -0.618816 1.280000
v 0.551543 -0.551543 1.280000
v 0.618816 -0.474834 1.280000
v 0.675500 -0.390000 1.280000
v 0.720626 -0.298493 1.280000
v 0.753422 -0.201879 1.280000
v 0.773327 -0.101810 1.280000
v 0.684097 0.090063 1.650000
v 0.690000 0.000000 1.650000
v 0.666489 0.178585 1.650000
v 0.637477 0.264052 1.650000
v 0.597558 0.345000 1.650000
v 0.547414 0.420045 1.650000
v 0.487904 0.487904 1.650000
v 0.420045 0.547414 1.650000
v 0.345000 0.597558 1.650000
v 0.264052 0.637477 1.650000
v 0.178585 0.666489 1.650000
v 0.090063 0.684097 1.650000
v 0.000000 0.690000 1.650000
v -0.090063 0.684097 1.650000
v -0.178585 0.666489 1.650000
v -0.264052 0.637477 1.650000
v -0.345000 0.597558 1.650000
v -0.420045 0.547414 1.650000
v -0.487904 0.487904 1.650000
v -0.547414 0.420045 1.650000
v -0.597558 0.345000 1.650000
v -0.637477 0.264052 1.650000
v -0.666489 0.178585 1.650000
v -0.684097 0.090063 1.650000
v -0.690000 0.000000 1.650000
v -0.684097 -0.090063 1.650000
v -0.666489 -0.178585 1.650000
v -0.637477 -0.264052 1.650000
v -0.597558 -0.345000 1.650000
v -0.547414 -0.420045 1.650000
v -0.487904 -0.487904 1.650000
v -0.420045 -0.547414 1.650000
v -0.345000 -0.597558 1.650000
v -0.264052 -0.637477 1.650000
v -0.178585 -0.666489 1.650000
v -0.090063 -0.684097 1.650000
v -0.000000 -0.690000 1.650000
v 0.090063 -0.684097 1.650000
v 0.178585 -0.666489 1.650000
v 0.264052 -0.637477 1.650000
v 0.345000 -0.597558 1.650000
v 0.420045 -0.547414 1.650000
v 0.487904 -0.487904 1.650000
v 0.547414 -0.420045 1.650000
v 0.597558 -0.345000 1.650000
v 0.637477 -0.264052 1.650000
v 0.666489 -0.178585 1.650000
v 0.684097 -0.090063 1.650000
v 0.634525 0.083537 1.840000
v 0.640000 0.000000 1.840000
v 0.618193 0.165644 1.840000
v 0.591283 0.244917 1.840000
v 0.554256 0.320000 1.840000
v 0.507746 0.389607 1.840000
v 0.452548 0.452548 1.840000
v 0.389607 0.507746 1.840000
v 0.320000 0.554256 1.840000
v 0.244917 0.591283 1.840000
v 0.165644 0.618193 1.840000
v 0.083537 0.634525 1.840000
v 0.000000 0.640000 1.840000
v -0.083537 0.634525 1.840000
v -0.165644 0.618193 1.840000
v -0.244917 0.591283 1.840000
v -0.320000 0.554256 1.840000
v -0.389607 0.507746 1.840000
v -0.452548 0.452548 1.840000
v -0.507746 0.389607 1.840000
v -0.554256 0.320000 1.840000
v -0.591283 0.244917 1.840000
v -0.618193 0.165644 1.840000
v -0.634525 0.083537 1.840000
v -0.640000 0.000000 1.840000
v -0.634525 -0.083537 1.840000
v -0.618193 -0.165644 1.840000
v -0.591283 -0.244917 1.840000
v -0.554256 -0.320000 1.840000
v -0.507746 -0.389607 1.840000
v -0.452548 -0.452548 1.840000
v -0.389607 -0.507746 1.840000
v -0.320000 -0.554256 1.840000
v -0.244917 -0.591283 1.840000
v -0.165644 -0.618193 1.840000
v -0.083537 -0.634525 1.840000
v -0.000000 -0.640000 1.840000
v 0.083537 -0.634525 1.840000
v 0.165644 -0.618193 1.840000
v 0.244917 -0.591283 1.840000
v 0.320000 -0.554256 1.840000
v 0.389607 -0.507746 1.840000
v 0.452548 -0.452548 1.840000
v 0.507746 -0.389607 1.840000
v 0.554256 -0.320000 1.840000
v 0.591283 -0.244917 1.840000
v 0.618193 -0.165644 1.840000
v 0.634525 -0.083537 1.840000
v 0.000000 0.000000 -0.780000
v 0.000000 0.000000 1.840000
v 0.840000 0.000000 -0.770000
v 0.832814 0.109642 -0.770000
v 0.811035 0.106775 -0.716967
v 0.818033 0.000000 -0.716967
v 0.758455 0.099853 -0.695000
v 0.765000 0.000000 -0.695000
v 0.705876 0.092930 -0.716967
v 0.711967 0.000000 -0.716967
v 0.684097 0.090063 -0.770000
v 0.690000 0.000000 -0.770000
v 0.705876 0.092930 -0.823033
v 0.711967 0.000000 -0.823033
v 0.758455 0.099853 -0.845000
v 0.765000 0.000000 -0.845000
v 0.811035 0.106775 -0.823033
v 0.818033 0.000000 -0.823033
v 0.811378 0.217408 -0.770000
v 0.790159 0.211723 -0.716967
v 0.738933 0.197997 -0.695000
v 0.687707 0.184271 -0.716967
v 0.666489 0.178585 -0.770000
v 0.687707 0.184271 -0.823033
v 0.738933 0.197997 -0.845000
v 0.790159 0.211723 -0.823033
v 0.776059 0.321454 -0.770000
v 0.755764 0.313048 -0.716967
v 0.706768 0.292753 -0.695000
v 0.657772 0.272458 -0.716967
v 0.637477 0.264052 -0.770000
v 0.657772 0.272458 -0.823033
v 0.706768 0.292753 -0.845000
v 0.755764 0.313048 -0.823033
v 0.727461 0.420000 -0.770000
v 0.708437 0.409017 -0.716967
v 0.662509 0.382500 -0.695000
v 0.616582 0.355983 -0.716967
v 0.597558 0.345000 -0.770000
v 0.616582 0.355983 -0.823033
v 0.662509 0.382500 -0.845000
v 0.708437 0.409017 -0.823033
v 0.666417 0.511360 -0.770000
v 0.648989 0.497987 -0.716967
v 0.606915 0.465702 -0.695000
v 0.564841 0.433418 -0.716967
v 0.547414 0.420045 -0.770000
v 0.564841 0.433418 -0.823033
v 0.606915 0.465702 -0.845000
v 0.648989 0.497987 -0.823033
v 0.593970 0.593970 -0.770000
v 0.578437 0.578437 -0.716967
v 0.540937 0.540937 -0.695000
v 0.503437 0.503437 -0.716967
v 0.487904 0.487904 -0.770000
v 0.503437 0.503437 -0.823033
v 0.540937 0.540937 -0.845000
v 0.578437 0.578437 -0.823033
v 0.511360 0.666417 -0.770000
v 0.497987 0.648989 -0.716967
v 0.465702 0.606915 -0.695000
v 0.433418 0.564841 -0.716967
v 0.420045 0.547414 -0.770000
v 0.433418 0.564841 -0.823033
v 0.465702 0.606915 -0.845000
v 0.497987 0.648989 -0.823033
v 0.420000 0.727461 -0.770000
v 0.409017 0.708437 -0.716967
v 0.382500 0.662509 -0.695000
v 0.355983 0.616582 -0.716967
v 0.345000 0.597558 -0.770000
v 0.355983 0.616582 -0.823033
v 0.382500 0.662509 -0.845000
v 0.409017 0.708437 -0.823033
v 0.321454 0.776059 -0.770000
v 0.313048 0.755764 -0.716967
v 0.292753 0.706768 -0.695000
v 0.272458 0.657772 -0.716967
v 0.264052 0.637477 -0.770000
v 0.272458 0.657772 -0.823033
v 0.292753 0.706768 -0.845000
v 0.313048 0.755764 -0.823033
v 0.217408 0.811378 -0.770000
v 0.211723 0.790159 -0.716967
v 0.197997 0.738933 -0.695000
v 0.184271 0.687707 -0.716967
v 0.178585 0.666489 -0.770000
v 0.184271 0.687707 -0.823033
v 0.197997 0.738933 -0.845000
v 0.211723 0.790159 -0.823033
v 0.109642 0.832814 -0.770000
v 0.106775 0.811035 -0.716967
v 0.099853 0.758455 -0.695000
v 0.092930 0.705876 -0.716967
v 0.090063 0.684097 -0.770000
v 0.092930 0.705876 -0.823033
v 0.099853 0.758455 -0.845000
v 0.106775 0.811035 -0.823033
v 0.000000 0.840000 -0.770000
v 0.000000 0.818033 -0.716967
v 0.000000 0.765000 -0.695000
v 0.000000 0.711967 -0.716967
v 0.000000 0.690000 -0.770000
v 0.000000 0.711967 -0.823033
v 0.000000 0.765000 -0.845000
v 0.000000 0.818033 -0.823033
v -0.109642 0.832814 -0.770000
v -0.106775 0.811035 -0.716967
v -0.099853 0.758455 -0.695000
v -0.092930 0.705876 -0.716967
v -0.090063 0.684097 -0.770000
v -0.092930 0.705876 -0.823033
v -0.099853 0.758455 -0.845000
v -0.106775 0.811035 -0.823033
v -0.217408 0.811378 -0.770000
v -0.211723 0.790159 -0.716967
v -0.197997 0.738933 -0.695000
v -0.184271 0.687707 -0.716967
v -0.178585 0.666489 -0.770000
v -0.184271 0.687707 -0.823033
v -0.197997 0.738933 -0.845000
v -0.211723 0.790159 -0.823033
v -0.321454 0.776059 -0.770000
v -0.313048 0.755764 -0.716967
v -0.292753 0.706768 -0.695000
v -0.272458 0.657772 -0.716967
v -0.264052 0.637477 -0.770000
v -0.272458 0.657772 -0.823033
v -0.292753 0.706768 -0.845000
v -0.313048 0.755764 -0.823033
v -0.420000 0.727461 -0.770000
v -0.409017 0.708437 -0.716967
v -0.382500 0.662509 -0.695000
v -0.355983 0.616582 -0.716967
v -0.345000 0.597558 -0.770000
v -0.355983 0.616582 -0.823033
v -0.382500 0.662509 -0.845000
v -0.409017 0.708437 -0.823033
v -0.511360 0.666417 -0.770000
v -0.497987 0.648989 -0.716967
v -0.465702 0.606915 -0.695000
v -0.433418 0.564841 -0.716967
v -0.420045 0.547414 -0.770000
v -0.433418 0.564841 -0.823033
v -0.465702 0.606915 -0.845000
v -0.497987 0.648989 -0.823033
v -0.593970 0.593970 -0.770000
v -0.578437 0.578437 -0.716967
v -0.540937 0.540937 -0.695000
v -0.503437 0.503437 -0.716967
v -0.487904 0.487904 -0.770000
v -0.503437 0.503437 -0.823033
v -0.540937 0.540937 -0.845000
v -0.578437 0.578437 -0.823033
v -0.666417 0.511360 -0.770000
v -0.648989 0.497987 -0.716967
v -0.606915 0.465702 -0.695000
v -0.564841 0.433418 -0.716967
v -0.547414 0.420045 -0.770000
v -0.564841 0.433418 -0.823033
v -0.606915 0.465702 -0.845000
v -0.648989 0.497987 -0.823033
v -0.727461 0.420000 -0.770000
v -0.708437 0.409017 -0.716967
v -0.662509 0.382500 -0.695000
v -0.616582 0.355983 -0.716967
v -0.597558 0.345000 -0.770000
v -0.616582 0.355983 -0.823033
v -0.662509 0.382500 -0.845000
v -0.708437 0.409017 -0.823033
v -0.776059 0.321454 -0.770000
v -0.755764 0.313048 -0.716967
v -0.706768 0.292753 -0.695000
v -0.657772 0.272458 -0.716967
v -0.637477 0.264052 -0.770000
v -0.657772 0.272458 -0.823033
v -0.706768 0.292753 -0.845000
v -0.755764 0.313048 -0.823033
v -0.811378 0.217408 -0.770000
v -0.790159 0.211723 -0.716967
v -0.738933 0.197997 -0.695000
v -0.687707 0.184271 -0.716967
v -0.666489 0.178585 -0.770000
v -0.687707 0.184271 -0.823033
v -0.738933 0.197997 -0.845000
v -0.790159 0.211723 -0.823033
v -0.832814 0.109642 -0.770000
v -0.811035 0.106775 -0.716967
v -0.758455 0.099853 -0.695000
v -0.705876 0.092930 -0.716967
v -0.684097 0.090063 -0.770000
v -0.705876 0.092930 -0.823033
v -0.758455 0.099853 -0.845000
v -0.811035 0.106775 -0.823033
v -0.840000 0.000000 -0.770000
v -0.818033 0.000000 -0.716967
v -0.765000 0.000000 -0.695000
v -0.711967 0.000000 -0.716967
v -0.690000 0.000000 -0.770000
v -0.711967 0.000000 -0.823033
v -0.765000 0.000000 -0.845000
v -0.818033 0.000000 -0.823033
v -0.832814 -0.109642 -0.770000
v -0.811035 -0.106775 -0.716967
v -0.758455 -0.099853 -0.695000
v -0.705876 -0.092930 -0.716967
v -0.684097 -0.090063 -0.770000
v -0.705876 -0.092930 -0.823033
v -0.758455 -0.099853 -0.845000
v -0.811035 -0.106775 -0.823033
v -0.811378 -0.217408 -0.770000
v -0.790159 -0.211723 -0.716967
v -0.738933 -0.197997 -0.695000
v -0.687707 -0.184271 -0.716967
v -0.666489 -0.178585 -0.770000
v -0.687707 -0.184271 -0.823033
v -0.738933 -0.197997 -0.845000
v -0.790159 -0.211723 -0.823033
v -0.776059 -0.321454 -0.770000
v -0.755764 -0.313048 -0.716967
v -0.706768 -0.292753 -0.695000
v -0.657772 -0.272458 -0.716967
v -0.637477 -0.264052 -0.770000
v -0.657772 -0.272458 -0.823033
v -0.706768 -0.292753 -0.845000
v -0.755764 -0.313048 -0.823033
v -0.727461 -0.420000 -0.770000
v -0.708437 -0.409017 -0.716967
v -0.662509 -0.382500 -0.695000
v -0.616582 -0.355983 -0.716967
v -0.597558 -0.345000 -0.770000
v -0.616582 -0.355983 -0.823033
v -0.662509 -0.382500 -0.845000
v -0.708437 -0.409017 -0.823033
v -0.666417 -0.511360 -0.770000
v -0.648989 -0.497987 -0.716967
v -0.606915 -0.465702 -0.695000
v -0.564841 -0.433418 -0.716967
v -0.547414 -0.420045 -0.770000
v -0.564841 -0.433418 -0.823033
v -0.606915 -0.465702 -0.845000
v -0.648989 -0.497987 -0.823033
v -0.593970 -0.593970 -0.770000
v -0.578437 -0.578437 -0.716967
v -0.540937 -0.540937 -0.695000
v -0.503437 -0.503437 -0.716967
v -0.487904 -0.487904 -0.770000
v -0.503437 -0.503437 -0.823033
v -0.540937 -0.540937 -0.845000
v -0.578437 -0.578437 -0.823033
v -0.511360 -0.666417 -0.770000
v -0.497987 -0.648989 -0.716967
v -0.465702 -0.606915 -0.695000
v -0.433418 -0.564841 -0.716967
v -0.420045 -0.547414 -0.770000
v -0.433418 -0.564841 -0.823033
v -0.465702 -0.606915 -0.845000
v -0.497987 -0.648989 -0.823033
v -0.420000 -0.727461 -0.770000
v -0.409017 -0.708437 -0.716967
v -0.382500 -0.662509 -0.695000
v -0.355983 -0.616582 -0.716967
v -0.345000 -0.597558 -0.770000
v -0.355983 -0.616582 -0.823033
v -0.382500 -0.662509 -0.845000
v -0.409017 -0.708437 -0.823033
v -0.321454 -0.776059 -0.770000
v -0.313048 -0.755764 -0.716967
v -0.292753 -0.706768 -0.695000
v -0.272458 -0.657772 -0.716967
v -0.264052 -0.637477 -0.770000
v -0.272458 -0.657772 -0.823033
v -0.292753 -0.706768 -0.845000
v -0.313048 -0.755764 -0.823033
v -0.217408 -0.811378 -0.770000
v -0.211723 -0.790159 -0.716967
v -0.197997 -0.738933 -0.695000
v -0.184271 -0.687707 -0.716967
v -0.178585 -0.666489 -0.770000
v -0.184271 -0.687707 -0.823033
v -0.197997 -0.738933 -0.845000
v -0.211723 -0.790159 -0.823033
v -0.109642 -0.832814 -0.770000
v -0.106775 -0.811035 -0.716967
v -0.099853 -0.758455 -0.695000
v -0.092930 -0.705876 -0.716967
v -0.090063 -0.684097 -0.770000
v -0.092930 -0.705876 -0.823033
v -0.099853 -0.758455 -0.845000
v -0.106775 -0.811035 -0.823033
v -0.000000 -0.840000 -0.770000
v -0.000000 -0.818033 -0.716967
v -0.000000 -0.765000 -0.695000
v -0.000000 -0.711967 -0.716967
v -0.000000 -0.690000 -0.770000
v -0.000000 -0.711967 -0.823033
v -0.000000 -0.765000 -0.845000
v -0.000000 -0.818033 -0.823033
v 0.109642 -0.832814 -0.770000
v 0.106775 -0.811035 -0.716967
v 0.099853 -0.758455 -0.695000
v 0.092930 -0.705876 -0.716967
v 0.090063 -0.684097 -0.770000
v 0.092930 -0.705876 -0.823033
v 0.099853 -0.758455 -0.845000
v 0.106775 -0.811035 -0.823033
v 0.217408 -0.811378 -0.770000
v 0.211723 -0.790159 -0.716967
v 0.197997 -0.738933 -0.695000
v 0.184271 -0.687707 -0.716967
v 0.178585 -0.666489 -0.770000
v 0.184271 -0.687707 -0.823033
v 0.197997 -0.738933 -0.845000
v 0.211723 -0.790159 -0.823033
v 0.321454 -0.776059 -0.770000
v 0.313048 -0.755764 -0.716967
v 0.292753 -0.706768 -0.695000
v 0.272458 -0.657772 -0.716967
v 0.264052 -0.637477 -0.770000
v 0.272458 -0.657772 -0.823033
v 0.292753 -0.706768 -0.845000
v 0.313048 -0.755764 -0.823033
v 0.420000 -0.727461 -0.770000
v 0.409017 -0.708437 -0.716967
v 0.382500 -0.662509 -0.695000
v 0.355983 -0.616582 -0.716967
v 0.345000 -0.597558 -0.770000
v 0.355983 -0.616582 -0.823033
v 0.382500 -0.662509 -0.845000
v 0.409017 -0.708437 -0.823033
v 0.511360 -0.666417 -0.770000
v 0.497987 -0.648989 -0.716967
v 0.465702 -0.606915 -0.695000
v 0.433418 -0.564841 -0.716967
v 0.420045 -0.547414 -0.770000
v 0.433418 -0.564841 -0.823033
v 0.465702 -0.606915 -0.845000
v 0.497987 -0.648989 -0.823033
v 0.593970 -0.593970 -0.770000
v 0.578437 -0.578437 -0.716967
v 0.540937 -0.540937 -0.695000
v 0.503437 -0.503437 -0.716967
v 0.487904 -0.487904 -0.770000
v 0.503437 -0.503437 -0.823033
v 0.540937 -0.540937 -0.845000
v 0.578437 -0.578437 -0.823033
v 0.666417 -0.511360 -0.770000
v 0.648989 -0.497987 -0.716967
v 0.606915 -0.465702 -0.695000
v 0.564841 -0.433418 -0.716967
v 0.547414 -0.420045 -0.770000
v 0.564841 -0.433418 -0.823033
v 0.606915 -0.465702 -0.845000
v 0.648989 -0.497987 -0.823033
v 0.727461 -0.420000 -0.770000
v 0.708437 -0.409017 -0.716967
v 0.662509 -0.382500 -0.695000
v 0.616582 -0.355983 -0.716967
v 0.597558 -0.345000 -0.770000
v 0.616582 -0.355983 -0.823033
v 0.662509 -0.382500 -0.845000
v 0.708437 -0.409017 -0.823033
v 0.776059 -0.321454 -0.770000
v 0.755764 -0.313048 -0.716967
v 0.706768 -0.292753 -0.695000
v 0.657772 -0.272458 -0.716967
v 0.637477 -0.264052 -0.770000
v 0.657772 -0.272458 -0.823033
v 0.706768 -0.292753 -0.845000
v 0.755764 -0.313048 -0.823033
v 0.811378 -0.217408 -0.770000
v 0.790159 -0.211723 -0.716967
v 0.738933 -0.197997 -0.695000
v 0.687707 -0.184271 -0.716967
v 0.666489 -0.178585 -0.770000
v 0.687707 -0.184271 -0.823033
v 0.738933 -0.197997 -0.845000
v 0.790159 -0.211723 -0.823033
v 0.832814 -0.109642 -0.770000
v 0.811035 -0.106775 -0.716967
v 0.758455 -0.099853 -0.695000
v 0.705876 -0.092930 -0.716967
v 0.684097 -0.090063 -0.770000
v 0.705876 -0.092930 -0.823033
v 0.758455 -0.099853 -0.845000
v 0.811035 -0.106775 -0.823033
v 0.830000 0.000000 -0.910000
v 0.822899 0.108337 -0.910000
v 0.809832 0.106616 -0.878180
v 0.816820 0.000000 -0.878180
v 0.778284 0.102463 -0.865000
v 0.785000 0.000000 -0.865000
v 0.746737 0.098310 -0.878180
v 0.753180 0.000000 -0.878180
v 0.733669 0.096589 -0.910000
v 0.740000 0.000000 -0.910000
v 0.746737 0.098310 -0.941820
v 0.753180 0.000000 -0.941820
v 0.778284 0.102463 -0.955000
v 0.785000 0.000000 -0.955000
v 0.809832 0.106616 -0.941820
v 0.816820 0.000000 -0.941820
v 0.801718 0.214820 -0.910000
v 0.788987 0.211409 -0.878180
v 0.758252 0.203173 -0.865000
v 0.727516 0.194937 -0.878180
v 0.714785 0.191526 -0.910000
v 0.727516 0.194937 -0.941820
v 0.758252 0.203173 -0.955000
v 0.788987 0.211409 -0.941820
v 0.766820 0.317627 -0.910000
v 0.754643 0.312583 -0.878180
v 0.725245 0.300406 -0.865000
v 0.695848 0.288230 -0.878180
v 0.683671 0.283186 -0.910000
v 0.695848 0.288230 -0.941820
v 0.725245 0.300406 -0.955000
v 0.754643 0.312583 -0.941820
v 0.718801 0.415000 -0.910000
v 0.707387 0.408410 -0.878180
v 0.679830 0.392500 -0.865000
v 0.652273 0.376590 -0.878180
v 0.640859 0.370000 -0.910000
v 0.652273 0.376590 -0.941820
v 0.679830 0.392500 -0.955000
v 0.707387 0.408410 -0.941820
v 0.658483 0.505272 -0.910000
v 0.648027 0.497248 -0.878180
v 0.622782 0.477878 -0.865000
v 0.597538 0.458507 -0.878180
v 0.587081 0.450483 -0.910000
v 0.597538 0.458507 -0.941820
v 0.622782 0.477878 -0.955000
v 0.648027 0.497248 -0.941820
v 0.586899 0.586899 -0.910000
v 0.577579 0.577579 -0.878180
v 0.555079 0.555079 -0.865000
v 0.532579 0.532579 -0.878180
v 0.523259 0.523259 -0.910000
v 0.532579 0.532579 -0.941820
v 0.555079 0.555079 -0.955000
v 0.577579 0.577579 -0.941820
v 0.505272 0.658483 -0.910000
v 0.497248 0.648027 -0.878180
v 0.477878 0.622782 -0.865000
v 0.458507 0.597538 -0.878180
v 0.450483 0.587081 -0.910000
v 0.458507 0.597538 -0.941820
v 0.477878 0.622782 -0.955000
v 0.497248 0.648027 -0.941820
v 0.415000 0.718801 -0.910000
v 0.408410 0.707387 -0.878180
v 0.392500 0.679830 -0.865000
v 0.376590 0.652273 -0.878180
v 0.370000 0.640859 -0.910000
v 0.376590 0.652273 -0.941820
v 0.392500 0.679830 -0.955000
v 0.408410 0.707387 -0.941820
v 0.317627 0.766820 -0.910000
v 0.312583 0.754643 -0.878180
v 0.300406 0.725245 -0.865000
v 0.288230 0.695848 -0.878180
v 0.283186 0.683671 -0.910000
v 0.288230 0.695848 -0.941820
v 0.300406 0.725245 -0.955000
v 0.312583 0.754643 -0.941820
v 0.214820 0.801718 -0.910000
v 0.211409 0.788987 -0.878180
v 0.203173 0.758252 -0.865000
v 0.194937 0.727516 -0.878180
v 0.191526 0.714785 -0.910000
v 0.194937 0.727516 -0.941820
v 0.203173 0.758252 -0.955000
v 0.211409 0.788987 -0.941820
v 0.108337 0.822899 -0.910000
v 0.106616 0.809832 -0.878180
v 0.102463 0.778284 -0.865000
v 0.098310 0.746737 -0.878180
v 0.096589 0.733669 -0.910000
v 0.098310 0.746737 -0.941820
v 0.102463 0.778284 -0.955000
v 0.106616 0.809832 -0.941820
v 0.000000 0.830000 -0.910000
v 0.000000 0.816820 -0.878180
v 0.000000 0.785000 -0.865000
v 0.000000 0.753180 -0.878180
v 0.000000 0.740000 -0.910000
v 0.000000 0.753180 -0.941820
v 0.000000 0.785000 -0.955000
v 0.000000 0.816820 -0.941820
v -0.108337 0.822899 -0.910000
v -0.106616 0.809832 -0.878180
v -0.102463 0.778284 -0.865000
v -0.098310 0.746737 -0.878180
v -0.096589 0.733669 -0.910000
v -0.098310 0.746737 -0.941820
v -0.102463 0.778284 -0.955000
v -0.106616 0.809832 -0.941820
v -0.214820 0.801718 -0.910000
v -0.211409 0.788987 -0.878180
v -0.203173 0.758252 -0.865000
v -0.194937 0.727516 -0.878180
v -0.191526 0.714785 -0.910000
v -0.194937 0.727516 -0.941820
v -0.203173 0.758252 -0.955000
v -0.211409 0.788987 -0.941820
v -0.317627 0.766820 -0.910000
v -0.312583 0.754643 -0.878180
v -0.300406 0.725245 -0.865000
v -0.288230 0.695848 -0.878180
v -0.283186 0.683671 -0.910000
v -0.288230 0.695848 -0.941820
v -0.300406 0.725245 -0.955000
v -0.312583 0.754643 -0.941820
v -0.415000 0.718801 -0.910000
v -0.408410 0.707387 -0.878180
v -0.392500 0.679830 -0.865000
v -0.376590 0.652273 -0.878180
v -0.370000 0.640859 -0.910000
v -0.376590 0.652273 -0.941820
v -0.392500 0.679830 -0.955000
v -0.408410 0.707387 -0.941820
v -0.505272 0.658483 -0.910000
v -0.497248 0.648027 -0.878180
v -0.477878 0.622782 -0.865000
v -0.458507 0.597538 -0.878180
v -0.450483 0.587081 -0.910000
v -0.458507 0.597538 -0.941820
v -0.477878 0.622782 -0.955000
v -0.497248 0.648027 -0.941820
v -0.586899 0.586899 -0.910000
v -0.577579 0.577579 -0.878180
v -0.555079 0.555079 -0.865000
v -0.532579 0.532579 -0.878180
v -0.523259 0.523259 -0.910000
v -0.532579 0.532579 -0.941820
v -0.555079 0.555079 -0.955000
v -0.577579 0.577579 -0.941820
v -0.658483 0.505272 -0.910000
v -0.648027 0.497248 -0.878180
v -0.622782 0.477878 -0.865000
v -0.597538 0.458507 -0.878180
v -0.587081 0.450483 -0.910000
v -0.597538 0.458507 -0.941820
v -0.622782 0.477878 -0.955000
v -0.648027 0.497248 -0.941820
v -0.718801 0.415000 -0.910000
v -0.707387 0.408410 -0.878180
v -0.679830 0.392500 -0.865000
v -0.652273 0.376590 -0.878180
v -0.640859 0.370000 -0.910000
v -0.652273 0.376590 -0.941820
v -0.679830 0.392500 -0.955000
v -0.707387 0.408410 -0.941820
v -0.766820 0.317627 -0.910000
v -0.754643 0.312583 -0.878180
v -0.725245 0.300406 -0.865000
v -0.695848 0.288230 -0.878180
v -0.683671 0.283186 -0.910000
v -0.695848 0.288230 -0.941820
v -0.725245 0.300406 -0.955000
v -0.754643 0.312583 -0.941820
v -0.801718 0.214820 -0.910000
v -0.788987 0.211409 -0.878180
v -0.758252 0.203173 -0.865000
v -0.727516 0.194937 -0.878180
v -0.714785 0.191526 -0.910000
v -0.727516 0.194937 -0.941820
v -0.758252 0.203173 -0.955000
v -0.788987 0.211409 -0.941820
v -0.822899 0.108337 -0.910000
v -0.809832 0.106616 -0.878180
v -0.778284 0.102463 -0.865000
v -0.746737 0.098310 -0.878180
v -0.733669 0.096589 -0.910000
v -0.746737 0.098310 -0.941820
v -0.778284 0.102463 -0.955000
v -0.809832 0.106616 -0.941820
v -0.830000 0.000000 -0.910000
v -0.816820 0.000000 -0.878180
v -0.785000 0.000000 -0.865000
v -0.753180 0.000000 -0.878180
v -0.740000 0.000000 -0.910000
v -0.753180 0.000000 -0.941820
v -0.785000 0.000000 -0.955000
v -0.816820 0.000000 -0.941820
v -0.822899 -0.108337 -0.910000
v -0.809832 -0.106616 -0.878180
v -0.778284 -0.102463 -0.865000
v -0.746737 -0.098310 -0.878180
v -0.733669 -0.096589 -0.910000
v -0.746737 -0.098310 -0.941820
v -0.778284 -0.102463 -0.955000
v -0.809832 -0.106616 -0.941820
v -0.801718 -0.214820 -0.910000
v -0.788987 -0.211409 -0.878180
v -0.758252 -0.203173 -0.865000
v -0.727516 -0.194937 -0.878180
v -0.714785 -0.191526 -0.910000
v -0.727516 -0.194937 -0.941820
v -0.758252 -0.203173 -0.955000
v -0.788987 -0.211409 -0.941820
v -0.766820 -0.317627 -0.910000
v -0.754643 -0.312583 -0.878180
v -0.725245 -0.300406 -0.865000
v -0.695848 -0.288230 -0.878180
v -0.683671 -0.283186 -0.910000
v -0.695848 -0.288230 -0.941820
v -0.725245 -0.300406 -0.955000
v -0.754643 -0.312583 -0.941820
v -0.718801 -0.415000 -0.910000
v -0.707387 -0.408410 -0.878180
v -0.679830 -0.392500 -0.865000
v -0.652273 -0.376590 -0.878180
v -0.640859 -0.370000 -0.910000
v -0.652273 -0.376590 -0.941820
v -0.679830 -0.392500 -0.955000
v -0.707387 -0.408410 -0.941820
v -0.658483 -0.505272 -0.910000
v -0.648027 -0.497248 -0.878180
v -0.622782 -0.477878 -0.865000
v -0.597538 -0.458507 -0.878180
v -0.587081 -0.450483 -0.910000
v -0.597538 -0.458507 -0.941820
v -0.622782 -0.477878 -0.955000
v -0.648027 -0.497248 -0.941820
v -0.586899 -0.586899 -0.910000
v -0.577579 -0.577579 -0.878180
v -0.555079 -0.555079 -0.865000
v -0.532579 -0.532579 -0.878180
v -0.523259 -0.523259 -0.910000
v -0.532579 -0.532579 -0.941820
v -0.555079 -0.555079 -0.955000
v -0.577579 -0.577579 -0.941820
v -0.505272 -0.658483 -0.910000
v -0.497248 -0.648027 -0.878180
v -0.477878 -0.622782 -0.865000
v -0.458507 -0.597538 -0.878180
v -0.450483 -0.587081 -0.910000
v -0.458507 -0.597538 -0.941820
v -0.477878 -0.622782 -0.955000
v -0.497248 -0.648027 -0.941820
v -0.415000 -0.718801 -0.910000
v -0.408410 -0.707387 -0.878180
v -0.392500 -0.679830 -0.865000
v -0.376590 -0.652273 -0.878180
v -0.370000 -0.640859 -0.910000
v -0.376590 -0.652273 -0.941820
v -0.392500 -0.679830 -0.955000
v -0.408410 -0.707387 -0.941820
v -0.317627 -0.766820 -0.910000
v -0.312583 -0.754643 -0.878180
v -0.300406 -0.725245 -0.865000
v -0.288230 -0.695848 -0.878180
v -0.283186 -0.683671 -0.910000
v -0.288230 -0.695848 -0.941820
v -0.300406 -0.725245 -0.955000
v -0.312583 -0.754643 -0.941820
v -0.214820 -0.801718 -0.910000
v -0.211409 -0.788987 -0.878180
v -0.203173 -0.758252 -0.865000
v -0.194937 -0.727516 -0.878180
v -0.191526 -0.714785 -0.910000
v -0.194937 -0.727516 -0.941820
v -0.203173 -0.758252 -0.955000
v -0.211409 -0.788987 -0.941820
v -0.108337 -0.822899 -0.910000
v -0.106616 -0.809832 -0.878180
v -0.102463 -0.778284 -0.865000
v -0.098310 -0.746737 -0.878180
v -0.096589 -0.733669 -0.910000
v -0.098310 -0.746737 -0.941820
v -0.102463 -0.778284 -0.955000
v -0.106616 -0.809832 -0.941820
v -0.000000 -0.830000 -0.910000
v -0.000000 -0.816820 -0.878180
v -0.000000 -0.785000 -0.865000
v -0.000000 -0.753180 -0.878180
v -0.000000 -0.740000 -0.910000
v -0.000000 -0.753180 -0.941820
v -0.000000 -0.785000 -0.955000
v -0.000000 -0.816820 -0.941820
v 0.108337 -0.822899 -0.910000
v 0.106616 -0.809832 -0.878180
v 0.102463 -0.778284 -0.865000
v 0.098310 -0.746737 -0.878180
v 0.096589 -0.733669 -0.910000
v 0.098310 -0.746737 -0.941820
v 0.102463 -0.778284 -0.955000
v 0.106616 -0.809832 -0.941820
v 0.214820 -0.801718 -0.910000
v 0.211409 -0.788987 -0.878180
v 0.203173 -0.758252 -0.865000
v 0.194937 -0.727516 -0.878180
v 0.191526 -0.714785 -0.910000
v 0.194937 -0.727516 -0.941820
v 0.203173 -0.758252 -0.955000
v 0.211409 -0.788987 -0.941820
v 0.317627 -0.766820 -0.910000
v 0.312583 -0.754643 -0.878180
v 0.300406 -0.725245 -0.865000
v 0.288230 -0.695848 -0.878180
v 0.283186 -0.683671 -0.910000
v 0.288230 -0.695848 -0.941820
v 0.300406 -0.725245 -0.955000
v 0.312583 -0.754643 -0.941820
v 0.415000 -0.718801 -0.910000
v 0.408410 -0.707387 -0.878180
v 0.392500 -0.679830 -0.865000
v 0.376590 -0.652273 -0.878180
v 0.370000 -0.640859 -0.910000
v 0.376590 -0.652273 -0.941820
v 0.392500 -0.679830 -0.955000
v 0.408410 -0.707387 -0.941820
v 0.505272 -0.658483 -0.910000
v 0.497248 -0.648027 -0.878180
v 0.477878 -0.622782 -0.865000
v 0.458507 -0.597538 -0.878180
v 0.450483 -0.587081 -0.910000
v 0.458507 -0.597538 -0.941820
v 0.477878 -0.622782 -0.955000
v 0.497248 -0.648027 -0.941820
v 0.586899 -0.586899 -0.910000
v 0.577579 -0.577579 -0.878180
v 0.555079 -0.555079 -0.865000
v 0.532579 -0.532579 -0.878180
v 0.523259 -0.523259 -0.910000
v 0.532579 -0.532579 -0.941820
v 0.555079 -0.555079 -0.955000
v 0.577579 -0.577579 -0.941820
v 0.658483 -0.505272 -0.910000
v 0.648027 -0.497248 -0.878180
v 0.622782 -0.477878 -0.865000
v 0.597538 -0.458507 -0.878180
v 0.587081 -0.450483 -0.910000
v 0.597538 -0.458507 -0.941820
v 0.622782 -0.477878 -0.955000
v 0.648027 -0.497248 -0.941820
v 0.718801 -0.415000 -0.910000
v 0.707387 -0.408410 -0.878180
v 0.679830 -0.392500 -0.865000
v 0.652273 -0.376590 -0.878180
v 0.640859 -0.370000 -0.910000
v 0.652273 -0.376590 -0.941820
v 0.679830 -0.392500 -0.955000
v 0.707387 -0.408410 -0.941820
v 0.766820 -0.317627 -0.910000
v 0.754643 -0.312583 -0.878180
v 0.725245 -0.300406 -0.865000
v 0.695848 -0.288230 -0.878180
v 0.683671 -0.283186 -0.910000
v 0.695848 -0.288230 -0.941820
v 0.725245 -0.300406 -0.955000
v 0.754643 -0.312583 -0.941820
v 0.801718 -0.214820 -0.910000
v 0.788987 -0.211409 -0.878180
v 0.758252 -0.203173 -0.865000
v 0.727516 -0.194937 -0.878180
v 0.714785 -0.191526 -0.910000
v 0.727516 -0.194937 -0.941820
v 0.758252 -0.203173 -0.955000
v 0.788987 -0.211409 -0.941820
v 0.822899 -0.108337 -0.910000
v 0.809832 -0.106616 -0.878180
v 0.778284 -0.102463 -0.865000
v 0.746737 -0.098310 -0.878180
v 0.733669 -0.096589 -0.910000
v 0.746737 -0.098310 -0.941820
v 0.778284 -0.102463 -0.955000
v 0.809832 -0.106616 -0.941820
v 0.810000 0.000000 -1.005000
v 0.803070 0.105726 -1.005000
v 0.784195 0.103241 -0.959038
v 0.790962 0.000000 -0.959038
v 0.738626 0.097242 -0.940000
v 0.745000 0.000000 -0.940000
v 0.693058 0.091243 -0.959038
v 0.699038 0.000000 -0.959038
v 0.674183 0.088758 -1.005000
v 0.680000 0.000000 -1.005000
v 0.693058 0.091243 -1.050962
v 0.699038 0.000000 -1.050962
v 0.738626 0.097242 -1.070000
v 0.745000 0.000000 -1.070000
v 0.784195 0.103241 -1.050962
v 0.790962 0.000000 -1.050962
v 0.782400 0.209643 -1.005000
v 0.764011 0.204716 -0.959038
v 0.719615 0.192820 -0.940000
v 0.675219 0.180924 -0.959038
v 0.656830 0.175997 -1.005000
v 0.675219 0.180924 -1.050962
v 0.719615 0.192820 -1.070000
v 0.764011 0.204716 -1.050962
v 0.748342 0.309974 -1.005000
v 0.730754 0.302688 -0.959038
v 0.688290 0.285099 -0.940000
v 0.645827 0.267510 -0.959038
v 0.628238 0.260225 -1.005000
v 0.645827 0.267510 -1.050962
v 0.688290 0.285099 -1.070000
v 0.730754 0.302688 -1.050962
v 0.701481 0.405000 -1.005000
v 0.684993 0.395481 -0.959038
v 0.645189 0.372500 -0.940000
v 0.605385 0.349519 -0.959038
v 0.588897 0.340000 -1.005000
v 0.605385 0.349519 -1.050962
v 0.645189 0.372500 -1.070000
v 0.684993 0.395481 -1.050962
v 0.642616 0.493097 -1.005000
v 0.627512 0.481507 -0.959038
v 0.591048 0.453527 -0.940000
v 0.554584 0.425547 -0.959038
v 0.539480 0.413958 -1.005000
v 0.554584 0.425547 -1.050962
v 0.591048 0.453527 -1.070000
v 0.627512 0.481507 -1.050962
v 0.572756 0.572756 -1.005000
v 0.559295 0.559295 -0.959038
v 0.526795 0.526795 -0.940000
v 0.494295 0.494295 -0.959038
v 0.480833 0.480833 -1.005000
v 0.494295 0.494295 -1.050962
v 0.526795 0.526795 -1.070000
v 0.559295 0.559295 -1.050962
v 0.493097 0.642616 -1.005000
v 0.481507 0.627512 -0.959038
v 0.453527 0.591048 -0.940000
v 0.425547 0.554584 -0.959038
v 0.413958 0.539480 -1.005000
v 0.425547 0.554584 -1.050962
v 0.453527 0.591048 -1.070000
v 0.481507 0.627512 -1.050962
v 0.405000 0.701481 -1.005000
v 0.395481 0.684993 -0.959038
v 0.372500 0.645189 -0.940000
v 0.349519 0.605385 -0.959038
v 0.340000 0.588897 -1.005000
v 0.349519 0.605385 -1.050962
v 0.372500 0.645189 -1.070000
v 0.395481 0.684993 -1.050962
v 0.309974 0.748342 -1.005000
v 0.302688 0.730754 -0.959038
v 0.285099 0.688290 -0.940000
v 0.267510 0.645827 -0.959038
v 0.260225 0.628238 -1.005000
v 0.267510 0.645827 -1.050962
v 0.285099 0.688290 -1.070000
v 0.302688 0.730754 -1.050962
v 0.209643 0.782400 -1.005000
v 0.204716 0.764011 -0.959038
v 0.192820 0.719615 -0.940000
v 0.180924 0.675219 -0.959038
v 0.175997 0.656830 -1.005000
v 0.180924 0.675219 -1.050962
v 0.192820 0.719615 -1.070000
v 0.204716 0.764011 -1.050962
v 0.105726 0.803070 -1.005000
v 0.103241 0.784195 -0.959038
v 0.097242 0.738626 -0.940000
v 0.091243 0.693058 -0.959038
v 0.088758 0.674183 -1.005000
v 0.091243 0.693058 -1.050962
v 0.097242 0.738626 -1.070000
v 0.103241 0.784195 -1.050962
v 0.000000 0.810000 -1.005000
v 0.000000 0.790962 -0.959038
v 0.000000 0.745000 -0.940000
v 0.000000 0.699038 -0.959038
v 0.000000 0.680000 -1.005000
v 0.000000 0.699038 -1.050962
v 0.000000 0.745000 -1.070000
v 0.000000 0.790962 -1.050962
v -0.105726 0.803070 -1.005000
v -0.103241 0.784195 -0.959038
v -0.097242 0.738626 -0.940000
v -0.091243 0.693058 -0.959038
v -0.088758 0.674183 -1.005000
v -0.091243 0.693058 -1.050962
v -0.097242 0.738626 -1.070000
v -0.103241 0.784195 -1.050962
v -0.209643 0.782400 -1.005000
v -0.204716 0.764011 -0.959038
v -0.192820 0.719615 -0.940000
v -0.180924 0.675219 -0.959038
v -0.175997 0.656830 -1.005000
v -0.180924 0.675219 -1.050962
v -0.192820 0.719615 -1.070000
v -0.204716 0.764011 -1.050962
v -0.309974 0.748342 -1.005000
v -0.302688 0.730754 -0.959038
v -0.285099 0.688290 -0.940000
v -0.267510 0.645827 -0.959038
v -0.260225 0.628238 -1.005000
v -0.267510 0.645827 -1.050962
v -0.285099 0.688290 -1.070000
v -0.302688 0.730754 -1.050962
v -0.405000 0.701481 -1.005000
v -0.395481 0.684993 -0.959038
v -0.372500 0.645189 -0.940000
v -0.349519 0.605385 -0.959038
v -0.340000 0.588897 -1.005000
v -0.349519 0.605385 -1.050962
v -0.372500 0.645189 -1.070000
v -0.395481 0.684993 -1.050962
v -0.493097 0.642616 -1.005000
v -0.481507 0.627512 -0.959038
v -0.453527 0.591048 -0.940000
v -0.425547 0.554584 -0.959038
v -0.413958 0.539480 -1.005000
v -0.425547 0.554584 -1.050962
v -0.453527 0.591048 -1.070000
v -0.481507 0.627512 -1.050962
v -0.572756 0.572756 -1.005000
v -0.559295 0.559295 -0.959038
v -0.526795 0.526795 -0.940000
v -0.494295 0.494295 -0.959038
v -0.480833 0.480833 -1.005000
v -0.494295 0.494295 -1.050962
v -0.526795 0.526795 -1.070000
v -0.559295 0.559295 -1.050962
v -0.642616 0.493097 -1.005000
v -0.627512 0.481507 -0.959038
v -0.591048 0.453527 -0.940000
v -0.554584 0.425547 -0.959038
v -0.539480 0.413958 -1.005000
v -0.554584 0.425547 -1.050962
v -0.591048 0.453527 -1.070000
v -0.627512 0.481507 -1.050962
v -0.701481 0.405000 -1.005000
v -0.684993 0.395481 -0.959038
v -0.645189 0.372500 -0.940000
v -0.605385 0.349519 -0.959038
v -0.588897 0.340000 -1.005000
v -0.605385 0.349519 -1.050962
v -0.645189 0.372500 -1.070000
v -0.684993 0.395481 -1.050962
v -0.748342 0.309974 -1.005000
v -0.730754 0.302688 -0.959038
v -0.688290 0.285099 -0.940000
v -0.645827 0.267510 -0.959038
v -0.628238 0.260225 -1.005000
v -0.645827 0.267510 -1.050962
v -0.688290 0.285099 -1.070000
v -0.730754 0.302688 -1.050962
v -0.782400 0.209643 -1.005000
v -0.764011 0.204716 -0.959038
v -0.719615 0.192820 -0.940000
v -0.675219 0.180924 -0.959038
v -0.656830 0.175997 -1.005000
v -0.675219 0.180924 -1.050962
v -0.719615 0.192820 -1.070000
v -0.764011 0.204716 -1.050962
v -0.803070 0.105726 -1.005000
v -0.784195 0.103241 -0.959038
v -0.738626 0.097242 -0.940000
v -0.693058 0.091243 -0.959038
v -0.674183 0.088758 -1.005000
v -0.693058 0.091243 -1.050962
v -0.738626 0.097242 -1.070000
v -0.784195 0.103241 -1.050962
v -0.810000 0.000000 -1.005000
v -0.790962 0.000000 -0.959038
v -0.745000 0.000000 -0.940000
v -0.699038 0.000000 -0.959038
v -0.680000 0.000000 -1.005000
v -0.699038 0.000000 -1.050962
v -0.745000 0.000000 -1.070000
v -0.790962 0.000000 -1.050962
v -0.803070 -0.105726 -1.005000
v -0.784195 -0.103241 -0.959038
v -0.738626 -0.097242 -0.940000
v -0.693058 -0.091243 -0.959038
v -0.674183 -0.088758 -1.005000
v -0.693058 -0.091243 -1.050962
v -0.738626 -0.097242 -1.070000
v -0.784195 -0.103241 -1.050962
v -0.782400 -0.209643 -1.005000
v -0.764011 -0.204716 -0.959038
v -0.719615 -0.192820 -0.940000
v -0.675219 -0.180924 -0.959038
v -0.656830 -0.175997 -1.005000
v -0.675219 -0.180924 -1.050962
v -0.719615 -0.192820 -1.070000
v -0.764011 -0.204716 -1.050962
v -0.748342 -0.309974 -1.005000
v -0.730754 -0.302688 -0.959038
v -0.688290 -0.285099 -0.940000
v -0.645827 -0.267510 -0.959038
v -0.628238 -0.260225 -1.005000
v -0.645827 -0.267510 -1.050962
v -0.688290 -0.285099 -1.070000
v -0.730754 -0.302688 -1.050962
v -0.701481 -0.405000 -1.005000
v -0.684993 -0.395481 -0.959038
v -0.645189 -0.372500 -0.940000
v -0.605385 -0.349519 -0.959038
v -0.588897 -0.340000 -1.005000
v -0.605385 -0.349519 -1.050962
v -0.645189 -0.372500 -1.070000
v -0.684993 -0.395481 -1.050962
v -0.642616 -0.493097 -1.005000
v -0.627512 -0.481507 -0.959038
v -0.591048 -0.453527 -0.940000
v -0.554584 -0.425547 -0.959038
v -0.539480 -0.413958 -1.005000
v -0.554584 -0.425547 -1.050962
v -0.591048 -0.453527 -1.070000
v -0.627512 -0.481507 -1.050962
v -0.572756 -0.572756 -1.005000
v -0.559295 -0.559295 -0.959038
v -0.526795 -0.526795 -0.940000
v -0.494295 -0.494295 -0.959038
v -0.480833 -0.480833 -1.005000
v -0.494295 -0.494295 -1.050962
v -0.526795 -0.526795 -1.070000
v -0.559295 -0.559295 -1.050962
v -0.493097 -0.642616 -1.005000
v -0.481507 -0.627512 -0.959038
v -0.453527 -0.591048 -0.940000
v -0.425547 -0.554584 -0.959038
v -0.413958 -0.539480 -1.005000
v -0.425547 -0.554584 -1.050962
v -0.453527 -0.591048 -1.070000
v -0.481507 -0.627512 -1.050962
v -0.405000 -0.701481 -1.005000
v -0.395481 -0.684993 -0.959038
v -0.372500 -0.645189 -0.940000
v -0.349519 -0.605385 -0.959038
v -0.340000 -0.588897 -1.005000
v -0.349519 -0.605385 -1.050962
v -0.372500 -0.645189 -1.070000
v -0.395481 -0.684993 -1.050962
v -0.309974 -0.748342 -1.005000
v -0.302688 -0.730754 -0.959038
v -0.285099 -0.688290 -0.940000
v -0.267510 -0.645827 -0.959038
v -0.260225 -0.628238 -1.005000
v -0.267510 -0.645827 -1.050962
v -0.285099 -0.688290 -1.070000
v -0.302688 -0.730754 -1.050962
v -0.209643 -0.782400 -1.005000
v -0.204716 -0.764011 -0.959038
v -0.192820 -0.719615 -0.940000
v -0.180924 -0.675219 -0.959038
v -0.175997 -0.656830 -1.005000
v -0.180924 -0.675219 -1.050962
v -0.192820 -0.719615 -1.070000
v -0.204716 -0.764011 -1.050962
v -0.105726 -0.803070 -1.005000
v -0.103241 -0.784195 -0.959038
v -0.097242 -0.738626 -0.940000
v -0.091243 -0.693058 -0.959038
v -0.088758 -0.674183 -1.005000
v -0.091243 -0.693058 -1.050962
v -0.097242 -0.738626 -1.070000
v -0.103241 -0.784195 -1.050962
v -0.000000 -0.810000 -1.005000
v -0.000000 -0.790962 -0.959038
v -0.000000 -0.745000 -0.940000
v -0.000000 -0.699038 -0.959038
v -0.000000 -0.680000 -1.005000
v -0.000000 -0.699038 -1.050962
v -0.000000 -0.745000 -1.070000
v -0.000000 -0.790962 -1.050962
v 0.105726 -0.803070 -1.005000
v 0.103241 -0.784195 -0.959038
v 0.097242 -0.738626 -0.940000
v 0.091243 -0.693058 -0.959038
v 0.088758 -0.674183 -1.005000
v 0.091243 -0.693058 -1.050962
v 0.097242 -0.738626 -1.070000
v 0.103241 -0.784195 -1.050962
v 0.209643 -0.782400 -1.005000
v 0.204716 -0.764011 -0.959038
v 0.192820 -0.719615 -0.940000
v 0.180924 -0.675219 -0.959038
v 0.175997 -0.656830 -1.005000
v 0.180924 -0.675219 -1.050962
v 0.192820 -0.719615 -1.070000
v 0.204716 -0.764011 -1.050962
v 0.309974 -0.748342 -1.005000
v 0.302688 -0.730754 -0.959038
v 0.285099 -0.688290 -0.940000
v 0.267510 -0.645827 -0.959038
v 0.260225 -0.628238 -1.005000
v 0.267510 -0.645827 -1.050962
v 0.285099 -0.688290 -1.070000
v 0.302688 -0.730754 -1.050962
v 0.405000 -0.701481 -1.005000
v 0.395481 -0.684993 -0.959038
v 0.372500 -0.645189 -0.940000
v 0.349519 -0.605385 -0.959038
v 0.340000 -0.588897 -1.005000
v 0.349519 -0.605385 -1.050962
v 0.372500 -0.645189 -1.070000
v 0.395481 -0.684993 -1.050962
v 0.493097 -0.642616 -1.005000
v 0.481507 -0.627512 -0.959038
v 0.453527 -0.591048 -0.940000
v 0.425547 -0.554584 -0.959038
v 0.413958 -0.539480 -1.005000
v 0.425547 -0.554584 -1.050962
v 0.453527 -0.591048 -1.070000
v 0.481507 -0.627512 -1.050962
v 0.572756 -0.572756 -1.005000
v 0.559295 -0.559295 -0.959038
v 0.526795 -0.526795 -0.940000
v 0.494295 -0.494295 -0.959038
v 0.480833 -0.480833 -1.005000
v 0.494295 -0.494295 -1.050962
v 0.526795 -0.526795 -1.070000
v 0.559295 -0.559295 -1.050962
v 0.642616 -0.493097 -1.005000
v 0.627512 -0.481507 -0.959038
v 0.591048 -0.453527 -0.940000
v 0.554584 -0.425547 -0.959038
v 0.539480 -0.413958 -1.005000
v 0.554584 -0.425547 -1.050962
v 0.591048 -0.453527 -1.070000
v 0.627512 -0.481507 -1.050962
v 0.701481 -0.405000 -1.005000
v 0.684993 -0.395481 -0.959038
v 0.645189 -0.372500 -0.940000
v 0.605385 -0.349519 -0.959038
v 0.588897 -0.340000 -1.005000
v 0.605385 -0.349519 -1.050962
v 0.645189 -0.372500 -1.070000
v 0.684993 -0.395481 -1.050962
v 0.748342 -0.309974 -1.005000
v 0.730754 -0.302688 -0.959038
v 0.688290 -0.285099 -0.940000
v 0.645827 -0.267510 -0.959038
v 0.628238 -0.260225 -1.005000
v 0.645827 -0.267510 -1.050962
v 0.688290 -0.285099 -1.070000
v 0.730754 -0.302688 -1.050962
v 0.782400 -0.209643 -1.005000
v 0.764011 -0.204716 -0.959038
v 0.719615 -0.192820 -0.940000
v 0.675219 -0.180924 -0.959038
v 0.656830 -0.175997 -1.005000
v 0.675219 -0.180924 -1.050962
v 0.719615 -0.192820 -1.070000
v 0.764011 -0.204716 -1.050962
v 0.803070 -0.105726 -1.005000
v 0.784195 -0.103241 -0.959038
v 0.738626 -0.097242 -0.940000
v 0.693058 -0.091243 -0.959038
v 0.674183 -0.088758 -1.005000
v 0.693058 -0.091243 -1.050962
v 0.738626 -0.097242 -1.070000
v 0.784195 -0.103241 -1.050962
v 0.748000 0.000000 -1.075000
v 0.741601 0.097634 -1.075000
v 0.732308 0.096410 -1.052373
v 0.738627 0.000000 -1.052373
v 0.709875 0.093457 -1.043000
v 0.716000 0.000000 -1.043000
v 0.687441 0.090503 -1.052373
v 0.693373 0.000000 -1.052373
v 0.678148 0.089280 -1.075000
v 0.684000 0.000000 -1.075000
v 0.687441 0.090503 -1.097627
v 0.693373 0.000000 -1.097627
v 0.709875 0.093457 -1.107000
v 0.716000 0.000000 -1.107000
v 0.732308 0.096410 -1.097627
v 0.738627 0.000000 -1.097627
v 0.722513 0.193597 -1.075000
v 0.713459 0.191171 -1.052373
v 0.691603 0.185314 -1.043000
v 0.669746 0.179458 -1.052373
v 0.660693 0.177032 -1.075000
v 0.669746 0.179458 -1.097627
v 0.691603 0.185314 -1.107000
v 0.713459 0.191171 -1.097627
v 0.691062 0.286247 -1.075000
v 0.682403 0.282660 -1.052373
v 0.661498 0.274001 -1.043000
v 0.640593 0.265342 -1.052373
v 0.631934 0.261755 -1.075000
v 0.640593 0.265342 -1.097627
v 0.661498 0.274001 -1.107000
v 0.682403 0.282660 -1.097627
v 0.647787 0.374000 -1.075000
v 0.639670 0.369314 -1.052373
v 0.620074 0.358000 -1.043000
v 0.600478 0.346686 -1.052373
v 0.592361 0.342000 -1.075000
v 0.600478 0.346686 -1.097627
v 0.620074 0.358000 -1.107000
v 0.639670 0.369314 -1.097627
v 0.593428 0.455354 -1.075000
v 0.585993 0.449648 -1.052373
v 0.568041 0.435873 -1.043000
v 0.550089 0.422098 -1.052373
v 0.542654 0.416393 -1.075000
v 0.550089 0.422098 -1.097627
v 0.568041 0.435873 -1.107000
v 0.585993 0.449648 -1.097627
v 0.528916 0.528916 -1.075000
v 0.522288 0.522288 -1.052373
v 0.506288 0.506288 -1.043000
v 0.490288 0.490288 -1.052373
v 0.483661 0.483661 -1.075000
v 0.490288 0.490288 -1.097627
v 0.506288 0.506288 -1.107000
v 0.522288 0.522288 -1.097627
v 0.455354 0.593428 -1.075000
v 0.449648 0.585993 -1.052373
v 0.435873 0.568041 -1.043000
v 0.422098 0.550089 -1.052373
v 0.416393 0.542654 -1.075000
v 0.422098 0.550089 -1.097627
v 0.435873 0.568041 -1.107000
v 0.449648 0.585993 -1.097627
v 0.374000 0.647787 -1.075000
v 0.369314 0.639670 -1.052373
v 0.358000 0.620074 -1.043000
v 0.346686 0.600478 -1.052373
v 0.342000 0.592361 -1.075000
v 0.346686 0.600478 -1.097627
v 0.358000 0.620074 -1.107000
v 0.369314 0.639670 -1.097627
v 0.286247 0.691062 -1.075000
v 0.282660 0.682403 -1.052373
v 0.274001 0.661498 -1.043000
v 0.265342 0.640593 -1.052373
v 0.261755 0.631934 -1.075000
v 0.265342 0.640593 -1.097627
v 0.274001 0.661498 -1.107000
v 0.282660 0.682403 -1.097627
v 0.193597 0.722513 -1.075000
v 0.191171 0.713459 -1.052373
v 0.185314 0.691603 -1.043000
v 0.179458 0.669746 -1.052373
v 0.177032 0.660693 -1.075000
v 0.179458 0.669746 -1.097627
v 0.185314 0.691603 -1.107000
v 0.191171 0.713459 -1.097627
v 0.097634 0.741601 -1.075000
v 0.096410 0.732308 -1.052373
v 0.093457 0.709875 -1.043000
v 0.090503 0.687441 -1.052373
v 0.089280 0.678148 -1.075000
v 0.090503 0.687441 -1.097627
v 0.093457 0.709875 -1.107000
v 0.096410 0.732308 -1.097627
v 0.000000 0.748000 -1.075000
v 0.000000 0.738627 -1.052373
v 0.000000 0.716000 -1.043000
v 0.000000 0.693373 -1.052373
v 0.000000 0.684000 -1.075000
v 0.000000 0.693373 -1.097627
v 0.000000 0.716000 -1.107000
v 0.000000 0.738627 -1.097627
v -0.097634 0.741601 -1.075000
v -0.096410 0.732308 -1.052373
v -0.093457 0.709875 -1.043000
v -0.090503 0.687441 -1.052373
v -0.089280 0.678148 -1.075000
v -0.090503 0.687441 -1.097627
v -0.093457 0.709875 -1.107000
v -0.096410 0.732308 -1.097627
v -0.193597 0.722513 -1.075000
v -0.191171 0.713459 -1.052373
v -0.185314 0.691603 -1.043000
v -0.179458 0.669746 -1.052373
v -0.177032 0.660693 -1.075000
v -0.179458 0.669746 -1.097627
v -0.185314 0.691603 -1.107000
v -0.191171 0.713459 -1.097627
v -0.286247 0.691062 -1.075000
v -0.282660 0.682403 -1.052373
v -0.274001 0.661498 -1.043000
v -0.265342 0.640593 -1.052373
v -0.261755 0.631934 -1.075000
v -0.265342 0.640593 -1.097627
v -0.274001 0.661498 -1.107000
v -0.282660 0.682403 -1.097627
v -0.374000 0.647787 -1.075000
v -0.369314 0.639670 -1.052373
v -0.358000 0.620074 -1.043000
v -0.346686 0.600478 -1.052373
v -0.342000 0.592361 -1.075000
v -0.346686 0.600478 -1.097627
v -0.358000 0.620074 -1.107000
v -0.369314 0.639670 -1.097627
v -0.455354 0.593428 -1.075000
v -0.449648 0.585993 -1.052373
v -0.435873 0.568041 -1.043000
v -0.422098 0.550089 -1.052373
v -0.416393 0.542654 -1.075000
v -0.422098 0.550089 -1.097627
v -0.435873 0.568041 -1.107000
v -0.449648 0.585993 -1.097627
v -0.528916 0.528916 -1.075000
v -0.522288 0.522288 -1.052373
v -0.506288 0.506288 -1.043000
v -0.490288 0.490288 -1.052373
v -0.483661 0.483661 -1.075000
v -0.490288 0.490288 -1.097627
v -0.506288 0.506288 -1.107000
v -0.522288 0.522288 -1.097627
v -0.593428 0.455354 -1.075000
v -0.585993 0.449648 -1.052373
v -0.568041 0.435873 -1.043000
v -0.550089 0.422098 -1.052373
v -0.542654 0.416393 -1.075000
v -0.550089 0.422098 -1.097627
v -0.568041 0.435873 -1.107000
v -0.585993 0.449648 -1.097627
v -0.647787 0.374000 -1.075000
v -0.639670 0.369314 -1.052373
v -0.620074 0.358000 -1.043000
v -0.600478 0.346686 -1.052373
v -0.592361 0.342000 -1.075000
v -0.600478 0.346686 -1.097627
v -0.620074 0.358000 -1.107000
v -0.639670 0.369314 -1.097627
v -0.691062 0.286247 -1.075000
v -0.682403 0.282660 -1.052373
v -0.661498 0.274001 -1.043000
v -0.640593 0.265342 -1.052373
v -0.631934 0.261755 -1.075000
v -0.640593 0.265342 -1.097627
v -0.661498 0.274001 -1.107000
v -0.682403 0.282660 -1.097627
v -0.722513 0.193597 -1.075000
v -0.713459 0.191171 -1.052373
v -0.691603 0.185314 -1.043000
v -0.669746 0.179458 -1.052373
v -0.660693 0.177032 -1.075000
v -0.669746 0.179458 -1.097627
v -0.691603 0.185314 -1.107000
v -0.713459 0.191171 -1.097627
v -0.741601 0.097634 -1.075000
v -0.732308 0.096410 -1.052373
v -0.709875 0.093457 -1.043000
v -0.687441 0.090503 -1.052373
v -0.678148 0.089280 -1.075000
v -0.687441 0.090503 -1.097627
v -0.709875 0.093457 -1.107000
v -0.732308 0.096410 -1.097627
v -0.748000 0.000000 -1.075000
v -0.738627 0.000000 -1.052373
v -0.716000 0.000000 -1.043000
v -0.693373 0.000000 -1.052373
v -0.684000 0.000000 -1.075000
v -0.693373 0.000000 -1.097627
v -0.716000 0.000000 -1.107000
v -0.738627 0.000000 -1.097627
v -0.741601 -0.097634 -1.075000
v -0.732308 -0.096410 -1.052373
v -0.709875 -0.093457 -1.043000
v -0.687441 -0.090503 -1.052373
v -0.678148 -0.089280 -1.075000
v -0.687441 -0.090503 -1.097627
v -0.709875 -0.093457 -1.107000
v -0.732308 -0.096410 -1.097627
v -0.722513 -0.193597 -1.075000
v -0.713459 -0.191171 -1.052373
v -0.691603 -0.185314 -1.043000
v -0.669746 -0.179458 -1.052373
v -0.660693 -0.177032 -1.075000
v -0.669746 -0.179458 -1.097627
v -0.691603 -0.185314 -1.107000
v -0.713459 -0.191171 -1.097627
v -0.691062 -0.286247 -1.075000
v -0.682403 -0.282660 -1.052373
v -0.661498 -0.274001 -1.043000
v -0.640593 -0.265342 -1.052373
v -0.631934 -0.261755 -1.075000
v -0.640593 -0.265342 -1.097627
v -0.661498 -0.274001 -1.107000
v -0.682403 -0.282660 -1.097627
v -0.647787 -0.374000 -1.075000
v -0.639670 -0.369314 -1.052373
v -0.620074 -0.358000 -1.043000
v -0.600478 -0.346686 -1.052373
v -0.592361 -0.342000 -1.075000
v -0.600478 -0.346686 -1.097627
v -0.620074 -0.358000 -1.107000
v -0.639670 -0.369314 -1.097627
v -0.593428 -0.455354 -1.075000
v -0.585993 -0.449648 -1.052373
v -0.568041 -0.435873 -1.043000
v -0.550089 -0.422098 -1.052373
v -0.542654 -0.416393 -1.075000
v -0.550089 -0.422098 -1.097627
v -0.568041 -0.435873 -1.107000
v -0.585993 -0.449648 -1.097627
v -0.528916 -0.528916 -1.075000
v -0.522288 -0.522288 -1.052373
v -0.506288 -0.506288 -1.043000
v -0.490288 -0.490288 -1.052373
v -0.483661 -0.483661 -1.075000
v -0.490288 -0.490288 -1.097627
v -0.506288 -0.506288 -1.107000
v -0.522288 -0.522288 -1.097627
v -0.455354 -0.593428 -1.075000
v -0.449648 -0.585993 -1.052373
v -0.435873 -0.568041 -1.043000
v -0.422098 -0.550089 -1.052373
v -0.416393 -0.542654 -1.075000
v -0.422098 -0.550089 -1.097627
v -0.435873 -0.568041 -1.107000
v -0.449648 -0.585993 -1.097627
v -0.374000 -0.647787 -1.075000
v -0.369314 -0.639670 -1.052373
v -0.358000 -0.620074 -1.043000
v -0.346686 -0.600478 -1.052373
v -0.342000 -0.592361 -1.075000
v -0.346686 -0.600478 -1.097627
v -0.358000 -0.620074 -1.107000
v -0.369314 -0.639670 -1.097627
v -0.286247 -0.691062 -1.075000
v -0.282660 -0.682403 -1.052373
v -0.274001 -0.661498 -1.043000
v -0.265342 -0.640593 -1.052373
v -0.261755 -0.631934 -1.075000
v -0.265342 -0.640593 -1.097627
v -0.274001 -0.661498 -1.107000
v -0.282660 -0.682403 -1.097627
v -0.193597 -0.722513 -1.075000
v -0.191171 -0.713459 -1.052373
v -0.185314 -0.691603 -1.043000
v -0.179458 -0.669746 -1.052373
v -0.177032 -0.660693 -1.075000
v -0.179458 -0.669746 -1.097627
v -0.185314 -0.691603 -1.107000
v -0.191171 -0.713459 -1.097627
v -0.097634 -0.741601 -1.075000
v -0.096410 -0.732308 -1.052373
v -0.093457 -0.709875 -1.043000
v -0.090503 -0.687441 -1.052373
v -0.089280 -0.678148 -1.075000
v -0.090503 -0.687441 -1.097627
v -0.093457 -0.709875 -1.107000
v -0.096410 -0.732308 -1.097627
v -0.000000 -0.748000 -1.075000
v -0.000000 -0.738627 -1.052373
v -0.000000 -0.716000 -1.043000
v -0.000000 -0.693373 -1.052373
v -0.000000 -0.684000 -1.075000
v -0.000000 -0.693373 -1.097627
v -0.000000 -0.716000 -1.107000
v -0.000000 -0.738627 -1.097627
v 0.097634 -0.741601 -1.075000
v 0.096410 -0.732308 -1.052373
v 0.093457 -0.709875 -1.043000
v 0.090503 -0.687441 -1.052373
v 0.089280 -0.678148 -1.075000
v 0.090503 -0.687441 -1.097627
v 0.093457 -0.709875 -1.107000
v 0.096410 -0.732308 -1.097627
v 0.193597 -0.722513 -1.075000
v 0.191171 -0.713459 -1.052373
v 0.185314 -0.691603 -1.043000
v 0.179458 -0.669746 -1.052373
v 0.177032 -0.660693 -1.075000
v 0.179458 -0.669746 -1.097627
v 0.185314 -0.691603 -1.107000
v 0.191171 -0.713459 -1.097627
v 0.286247 -0.691062 -1.075000
v 0.282660 -0.682403 -1.052373
v 0.274001 -0.661498 -1.043000
v 0.265342 -0.640593 -1.052373
v 0.261755 -0.631934 -1.075000
v 0.265342 -0.640593 -1.097627
v 0.274001 -0.661498 -1.107000
v 0.282660 -0.682403 -1.097627
v 0.374000 -0.647787 -1.075000
v 0.369314 -0.639670 -1.052373
v 0.358000 -0.620074 -1.043000
v 0.346686 -0.600478 -1.052373
v 0.342000 -0.592361 -1.075000
v 0.346686 -0.600478 -1.097627
v 0.358000 -0.620074 -1.107000
v 0.369314 -0.639670 -1.097627
v 0.455354 -0.593428 -1.075000
v 0.449648 -0.585993 -1.052373
v 0.435873 -0.568041 -1.043000
v 0.422098 -0.550089 -1.052373
v 0.416393 -0.542654 -1.075000
v 0.422098 -0.550089 -1.097627
v 0.435873 -0.568041 -1.107000
v 0.449648 -0.585993 -1.097627
v 0.528916 -0.528916 -1.075000
v 0.522288 -0.522288 -1.052373
v 0.506288 -0.506288 -1.043000
v 0.490288 -0.490288 -1.052373
v 0.483661 -0.483661 -1.075000
v 0.490288 -0.490288 -1.097627
v 0.506288 -0.506288 -1.107000
v 0.522288 -0.522288 -1.097627
v 0.593428 -0.455354 -1.075000
v 0.585993 -0.449648 -1.052373
v 0.568041 -0.435873 -1.043000
v 0.550089 -0.422098 -1.052373
v 0.542654 -0.416393 -1.075000
v 0.550089 -0.422098 -1.097627
v 0.568041 -0.435873 -1.107000
v 0.585993 -0.449648 -1.097627
v 0.647787 -0.374000 -1.075000
v 0.639670 -0.369314 -1.052373
v 0.620074 -0.358000 -1.043000
v 0.600478 -0.346686 -1.052373
v 0.592361 -0.342000 -1.075000
v 0.600478 -0.346686 -1.097627
v 0.620074 -0.358000 -1.107000
v 0.639670 -0.369314 -1.097627
v 0.691062 -0.286247 -1.075000
v 0.682403 -0.282660 -1.052373
v 0.661498 -0.274001 -1.043000
v 0.640593 -0.265342 -1.052373
v 0.631934 -0.261755 -1.075000
v 0.640593 -0.265342 -1.097627
v 0.661498 -0.274001 -1.107000
v 0.682403 -0.282660 -1.097627
v 0.722513 -0.193597 -1.075000
v 0.713459 -0.191171 -1.052373
v 0.691603 -0.185314 -1.043000
v 0.669746 -0.179458 -1.052373
v 0.660693 -0.177032 -1.075000
v 0.669746 -0.179458 -1.097627
v 0.691603 -0.185314 -1.107000
v 0.713459 -0.191171 -1.097627
v 0.741601 -0.097634 -1.075000
v 0.732308 -0.096410 -1.052373
v 0.709875 -0.093457 -1.043000
v 0.687441 -0.090503 -1.052373
v 0.678148 -0.089280 -1.075000
v 0.687441 -0.090503 -1.097627
v 0.709875 -0.093457 -1.107000
v 0.732308 -0.096410 -1.097627
v 0.696000 0.000000 -1.100000
v 0.690046 0.090846 -1.100000
v 0.683657 0.090005 -1.084444
v 0.689556 0.000000 -1.084444
v 0.668234 0.087975 -1.078000
v 0.674000 0.000000 -1.078000
v 0.652811 0.085944 -1.084444
v 0.658444 0.000000 -1.084444
v 0.646422 0.085103 -1.100000
v 0.652000 0.000000 -1.100000
v 0.652811 0.085944 -1.115556
v 0.658444 0.000000 -1.115556
v 0.668234 0.087975 -1.122000
v 0.674000 0.000000 -1.122000
v 0.683657 0.090005 -1.115556
v 0.689556 0.000000 -1.115556
v 0.672284 0.180138 -1.100000
v 0.666060 0.178470 -1.084444
v 0.651034 0.174444 -1.078000
v 0.636008 0.170418 -1.084444
v 0.629784 0.168750 -1.100000
v 0.636008 0.170418 -1.115556
v 0.651034 0.174444 -1.122000
v 0.666060 0.178470 -1.115556
v 0.643020 0.266348 -1.100000
v 0.637067 0.263882 -1.084444
v 0.622695 0.257929 -1.078000
v 0.608323 0.251975 -1.084444
v 0.602369 0.249510 -1.100000
v 0.608323 0.251975 -1.115556
v 0.622695 0.257929 -1.122000
v 0.637067 0.263882 -1.115556
v 0.602754 0.348000 -1.100000
v 0.597173 0.344778 -1.084444
v 0.583701 0.337000 -1.078000
v 0.570229 0.329222 -1.084444
v 0.564649 0.326000 -1.100000
v 0.570229 0.329222 -1.115556
v 0.583701 0.337000 -1.122000
v 0.597173 0.344778 -1.115556
v 0.552174 0.423698 -1.100000
v 0.547062 0.419775 -1.084444
v 0.534720 0.410305 -1.078000
v 0.522378 0.400835 -1.084444
v 0.517266 0.396912 -1.100000
v 0.522378 0.400835 -1.115556
v 0.534720 0.410305 -1.122000
v 0.547062 0.419775 -1.115556
v 0.492146 0.492146 -1.100000
v 0.487590 0.487590 -1.084444
v 0.476590 0.476590 -1.078000
v 0.465590 0.465590 -1.084444
v 0.461034 0.461034 -1.100000
v 0.465590 0.465590 -1.115556
v 0.476590 0.476590 -1.122000
v 0.487590 0.487590 -1.115556
v 0.423698 0.552174 -1.100000
v 0.419775 0.547062 -1.084444
v 0.410305 0.534720 -1.078000
v 0.400835 0.522378 -1.084444
v 0.396912 0.517266 -1.100000
v 0.400835 0.522378 -1.115556
v 0.410305 0.534720 -1.122000
v 0.419775 0.547062 -1.115556
v 0.348000 0.602754 -1.100000
v 0.344778 0.597173 -1.084444
v 0.337000 0.583701 -1.078000
v 0.329222 0.570229 -1.084444
v 0.326000 0.564649 -1.100000
v 0.329222 0.570229 -1.115556
v 0.337000 0.583701 -1.122000
v 0.344778 0.597173 -1.115556
v 0.266348 0.643020 -1.100000
v 0.263882 0.637067 -1.084444
v 0.257929 0.622695 -1.078000
v 0.251975 0.608323 -1.084444
v 0.249510 0.602369 -1.100000
v 0.251975 0.608323 -1.115556
v 0.257929 0.622695 -1.122000
v 0.263882 0.637067 -1.115556
v 0.180138 0.672284 -1.100000
v 0.178470 0.666060 -1.084444
v 0.174444 0.651034 -1.078000
v 0.170418 0.636008 -1.084444
v 0.168750 0.629784 -1.100000
v 0.170418 0.636008 -1.115556
v 0.174444 0.651034 -1.122000
v 0.178470 0.666060 -1.115556
v 0.090846 0.690046 -1.100000
v 0.090005 0.683657 -1.084444
v 0.087975 0.668234 -1.078000
v 0.085944 0.652811 -1.084444
v 0.085103 0.646422 -1.100000
v 0.085944 0.652811 -1.115556
v 0.087975 0.668234 -1.122000
v 0.090005 0.683657 -1.115556
v 0.000000 0.696000 -1.100000
v 0.000000 0.689556 -1.084444
v 0.000000 0.674000 -1.078000
v 0.000000 0.658444 -1.084444
v 0.000000 0.652000 -1.100000
v 0.000000 0.658444 -1.115556
v 0.000000 0.674000 -1.122000
v 0.000000 0.689556 -1.115556
v -0.090846 0.690046 -1.100000
v -0.090005 0.683657 -1.084444
v -0.087975 0.668234 -1.078000
v -0.085944 0.652811 -1.084444
v -0.085103 0.646422 -1.100000
v -0.085944 0.652811 -1.115556
v -0.087975 0.668234 -1.122000
v -0.090005 0.683657 -1.115556
v -0.180138 0.672284 -1.100000
v -0.178470 0.666060 -1.084444
v -0.174444 0.651034 -1.078000
v -0.170418 0.636008 -1.084444
v -0.168750 0.629784 -1.100000
v -0.170418 0.636008 -1.115556
v -0.174444 0.651034 -1.122000
v -0.178470 0.666060 -1.115556
v -0.266348 0.643020 -1.100000
v -0.263882 0.637067 -1.084444
v -0.257929 0.622695 -1.078000
v -0.251975 0.608323 -1.084444
v -0.249510 0.602369 -1.100000
v -0.251975 0.608323 -1.115556
v -0.257929 0.622695 -1.122000
v -0.263882 0.637067 -1.115556
v -0.348000 0.602754 -1.100000
v -0.344778 0.597173 -1.084444
v -0.337000 0.583701 -1.078000
v -0.329222 0.570229 -1.084444
v -0.326000 0.564649 -1.100000
v -0.329222 0.570229 -1.115556
v -0.337000 0.583701 -1.122000
v -0.344778 0.597173 -1.115556
v -0.423698 0.552174 -1.100000
v -0.419775 0.547062 -1.084444
v -0.410305 0.534720 -1.078000
v -0.400835 0.522378 -1.084444
v -0.396912 0.517266 -1.100000
v -0.400835 0.522378 -1.115556
v -0.410305 0.534720 -1.122000
v -0.419775 0.547062 -1.115556
v -0.492146 0.492146 -1.100000
v -0.487590 0.487590 -1.084444
v -0.476590 0.476590 -1.078000
v -0.465590 0.465590 -1.084444
v -0.461034 0.461034 -1.100000
v -0.465590 0.465590 -1.115556
v -0.476590 0.476590 -1.122000
v -0.487590 0.487590 -1.115556
v -0.552174 0.423698 -1.100000
v -0.547062 0.419775 -1.084444
v -0.534720 0.410305 -1.078000
v -0.522378 0.400835 -1.084444
v -0.517266 0.396912 -1.100000
v -0.522378 0.400835 -1.115556
v -0.534720 0.410305 -1.122000
v -0.547062 0.419775 -1.115556
v -0.602754 0.348000 -1.100000
v -0.597173 0.344778 -1.084444
v -0.583701 0.337000 -1.078000
v -0.570229 0.329222 -1.084444
v -0.564649 0.326000 -1.100000
v -0.570229 0.329222 -1.115556
v -0.583701 0.337000 -1.122000
v -0.597173 0.344778 -1.115556
v -0.643020 0.266348 -1.100000
v -0.637067 0.263882 -1.084444
v -0.622695 0.257929 -1.078000
v -0.608323 0.251975 -1.084444
v -0.602369 0.249510 -1.100000
v -0.608323 0.251975 -1.115556
v -0.622695 0.257929 -1.122000
v -0.637067 0.263882 -1.115556
v -0.672284 0.180138 -1.100000
v -0.666060 0.178470 -1.084444
v -0.651034 0.174444 -1.078000
v -0.636008 0.170418 -1.084444
v -0.629784 0.168750 -1.100000
v -0.636008 0.170418 -1.115556
v -0.651034 0.174444 -1.122000
v -0.666060 0.178470 -1.115556
v -0.690046 0.090846 -1.100000
v -0.683657 0.090005 -1.084444
v -0.668234 0.087975 -1.078000
v -0.652811 0.085944 -1.084444
v -0.646422 0.085103 -1.100000
v -0.652811 0.085944 -1.115556
v -0.668234 0.087975 -1.122000
v -0.683657 0.090005 -1.115556
v -0.696000 0.000000 -1.100000
v -0.689556 0.000000 -1.084444
v -0.674000 0.000000 -1.078000
v -0.658444 0.000000 -1.084444
v -0.652000 0.000000 -1.100000
v -0.658444 0.000000 -1.115556
v -0.674000 0.000000 -1.122000
v -0.689556 0.000000 -1.115556
v -0.690046 -0.090846 -1.100000
v -0.683657 -0.090005 -1.084444
v -0.668234 -0.087975 -1.078000
v -0.652811 -0.085944 -1.084444
v -0.646422 -0.085103 -1.100000
v -0.652811 -0.085944 -1.115556
v -0.668234 -0.087975 -1.122000
v -0.683657 -0.090005 -1.115556
v -0.672284 -0.180138 -1.100000
v -0.666060 -0.178470 -1.084444
v -0.651034 -0.174444 -1.078000
v -0.636008 -0.170418 -1.084444
v -0.629784 -0.168750 -1.100000
v -0.636008 -0.170418 -1.115556
v -0.651034 -0.174444 -1.122000
v -0.666060 -0.178470 -1.115556
v -0.643020 -0.266348 -1.100000
v -0.637067 -0.263882 -1.084444
v -0.622695 -0.257929 -1.078000
v -0.608323 -0.251975 -1.084444
v -0.602369 -0.249510 -1.100000
v -0.608323 -0.251975 -1.115556
v -0.622695 -0.257929 -1.122000
v -0.637067 -0.263882 -1.115556
v -0.602754 -0.348000 -1.100000
v -0.597173 -0.344778 -1.084444
v -0.583701 -0.337000 -1.078000
v -0.570229 -0.329222 -1.084444
v -0.564649 -0.326000 -1.100000
v -0.570229 -0.329222 -1.115556
v -0.583701 -0.337000 -1.122000
v -0.597173 -0.344778 -1.115556
v -0.552174 -0.423698 -1.100000
v -0.547062 -0.419775 -1.084444
v -0.534720 -0.410305 -1.078000
v -0.522378 -0.400835 -1.084444
v -0.517266 -0.396912 -1.100000
v -0.522378 -0.400835 -1.115556
v -0.534720 -0.410305 -1.122000
v -0.547062 -0.419775 -1.115556
v -0.492146 -0.492146 -1.100000
v -0.487590 -0.487590 -1.084444
v -0.476590 -0.476590 -1.078000
v -0.465590 -0.465590 -1.084444
v -0.461034 -0.461034 -1.100000
v -0.465590 -0.465590 -1.115556
v -0.476590 -0.476590 -1.122000
v -0.487590 -0.487590 -1.115556
v -0.423698 -0.552174 -1.100000
v -0.419775 -0.547062 -1.084444
v -0.410305 -0.534720 -1.078000
v -0.400835 -0.522378 -1.084444
v -0.396912 -0.517266 -1.100000
v -0.400835 -0.522378 -1.115556
v -0.410305 -0.534720 -1.122000
v -0.419775 -0.547062 -1.115556
v -0.348000 -0.602754 -1.100000
v -0.344778 -0.597173 -1.084444
v -0.337000 -0.583701 -1.078000
v -0.329222 -0.570229 -1.084444
v -0.326000 -0.564649 -1.100000
v -0.329222 -0.570229 -1.115556
v -0.337000 -0.583701 -1.122000
v -0.344778 -0.597173 -1.115556
v -0.266348 -0.643020 -1.100000
v -0.263882 -0.637067 -1.084444
v -0.257929 -0.622695 -1.078000
v -0.251975 -0.608323 -1.084444
v -0.249510 -0.602369 -1.100000
v -0.251975 -0.608323 -1.115556
v -0.257929 -0.622695 -1.122000
v -0.263882 -0.637067 -1.115556
v -0.180138 -0.672284 -1.100000
v -0.178470 -0.666060 -1.084444
v -0.174444 -0.651034 -1.078000
v -0.170418 -0.636008 -1.084444
v -0.168750 -0.629784 -1.100000
v -0.170418 -0.636008 -1.115556
v -0.174444 -0.651034 -1.122000
v -0.178470 -0.666060 -1.115556
v -0.090846 -0.690046 -1.100000
v -0.090005 -0.683657 -1.084444
v -0.087975 -0.668234 -1.078000
v -0.085944 -0.652811 -1.084444
v -0.085103 -0.646422 -1.100000
v -0.085944 -0.652811 -1.115556
v -0.087975 -0.668234 -1.122000
v -0.090005 -0.683657 -1.115556
v -0.000000 -0.696000 -1.100000
v -0.000000 -0.689556 -1.084444
v -0.000000 -0.674000 -1.078000
v -0.000000 -0.658444 -1.084444
v -0.000000 -0.652000 -1.100000
v -0.000000 -0.658444 -1.115556
v -0.000000 -0.674000 -1.122000
v -0.000000 -0.689556 -1.115556
v 0.090846 -0.690046 -1.100000
v 0.090005 -0.683657 -1.084444
v 0.087975 -0.668234 -1.078000
v 0.085944 -0.652811 -1.084444
v 0.085103 -0.646422 -1.100000
v 0.085944 -0.652811 -1.115556
v 0.087975 -0.668234 -1.122000
v 0.090005 -0.683657 -1.115556
v 0.180138 -0.672284 -1.100000
v 0.178470 -0.666060 -1.084444
v 0.174444 -0.651034 -1.078000
v 0.170418 -0.636008 -1.084444
v 0.168750 -0.629784 -1.100000
v 0.170418 -0.636008 -1.115556
v 0.174444 -0.651034 -1.122000
v 0.178470 -0.666060 -1.115556
v 0.266348 -0.643020 -1.100000
v 0.263882 -0.637067 -1.084444
v 0.257929 -0.622695 -1.078000
v 0.251975 -0.608323 -1.084444
v 0.249510 -0.602369 -1.100000
v 0.251975 -0.608323 -1.115556
v 0.257929 -0.622695 -1.122000
v 0.263882 -0.637067 -1.115556
v 0.348000 -0.602754 -1.100000
v 0.344778 -0.597173 -1.084444
v 0.337000 -0.583701 -1.078000
v 0.329222 -0.570229 -1.084444
v 0.326000 -0.564649 -1.100000
v 0.329222 -0.570229 -1.115556
v 0.337000 -0.583701 -1.122000
v 0.344778 -0.597173 -1.115556
v 0.423698 -0.552174 -1.100000
v 0.419775 -0.547062 -1.084444
v 0.410305 -0.534720 -1.078000
v 0.400835 -0.522378 -1.084444
v 0.396912 -0.517266 -1.100000
v 0.400835 -0.522378 -1.115556
v 0.410305 -0.534720 -1.122000
v 0.419775 -0.547062 -1.115556
v 0.492146 -0.492146 -1.100000
v 0.487590 -0.487590 -1.084444
v 0.476590 -0.476590 -1.078000
v 0.465590 -0.465590 -1.084444
v 0.461034 -0.461034 -1.100000
v 0.465590 -0.465590 -1.115556
v 0.476590 -0.476590 -1.122000
v 0.487590 -0.487590 -1.115556
v 0.552174 -0.423698 -1.100000
v 0.547062 -0.419775 -1.084444
v 0.534720 -0.410305 -1.078000
v 0.522378 -0.400835 -1.084444
v 0.517266 -0.396912 -1.100000
v 0.522378 -0.400835 -1.115556
v 0.534720 -0.410305 -1.122000
v 0.547062 -0.419775 -1.115556
v 0.602754 -0.348000 -1.100000
v 0.597173 -0.344778 -1.084444
v 0.583701 -0.337000 -1.078000
v 0.570229 -0.329222 -1.084444
v 0.564649 -0.326000 -1.100000
v 0.570229 -0.329222 -1.115556
v 0.583701 -0.337000 -1.122000
v 0.597173 -0.344778 -1.115556
v 0.643020 -0.266348 -1.100000
v 0.637067 -0.263882 -1.084444
v 0.622695 -0.257929 -1.078000
v 0.608323 -0.251975 -1.084444
v 0.602369 -0.249510 -1.100000
v 0.608323 -0.251975 -1.115556
v 0.622695 -0.257929 -1.122000
v 0.637067 -0.263882 -1.115556
v 0.672284 -0.180138 -1.100000
v 0.666060 -0.178470 -1.084444
v 0.651034 -0.174444 -1.078000
v 0.636008 -0.170418 -1.084444
v 0.629784 -0.168750 -1.100000
v 0.636008 -0.170418 -1.115556
v 0.651034 -0.174444 -1.122000
v 0.666060 -0.178470 -1.115556
v 0.690046 -0.090846 -1.100000
v 0.683657 -0.090005 -1.084444
v 0.668234 -0.087975 -1.078000
v 0.652811 -0.085944 -1.084444
v 0.646422 -0.085103 -1.100000
v 0.652811 -0.085944 -1.115556
v 0.668234 -0.087975 -1.122000
v 0.683657 -0.090005 -1.115556
v 0.000000 0.000000 -1.088000
v 0.661798 0.065181 -1.088000
v 0.665000 0.000000 -1.088000
v 0.652222 0.129735 -1.088000
v 0.636365 0.193039 -1.088000
v 0.614380 0.254484 -1.088000
v 0.586478 0.313479 -1.088000
v 0.552927 0.369454 -1.088000
v 0.514052 0.421872 -1.088000
v 0.470226 0.470226 -1.088000
v 0.421872 0.514052 -1.088000
v 0.369454 0.552927 -1.088000
v 0.313479 0.586478 -1.088000
v 0.254484 0.614380 -1.088000
v 0.193039 0.636365 -1.088000
v 0.129735 0.652222 -1.088000
v 0.065181 0.661798 -1.088000
v 0.000000 0.665000 -1.088000
v -0.065181 0.661798 -1.088000
v -0.129735 0.652222 -1.088000
v -0.193039 0.636365 -1.088000
v -0.254484 0.614380 -1.088000
v -0.313479 0.586478 -1.088000
v -0.369454 0.552927 -1.088000
v -0.421872 0.514052 -1.088000
v -0.470226 0.470226 -1.088000
v -0.514052 0.421872 -1.088000
v -0.552927 0.369454 -1.088000
v -0.586478 0.313479 -1.088000
v -0.614380 0.254484 -1.088000
v -0.636365 0.193039 -1.088000
v -0.652222 0.129735 -1.088000
v -0.661798 0.065181 -1.088000
v -0.665000 0.000000 -1.088000
v -0.661798 -0.065181 -1.088000
v -0.652222 -0.129735 -1.088000
v -0.636365 -0.193039 -1.088000
v -0.614380 -0.254484 -1.088000
v -0.586478 -0.313479 -1.088000
v -0.552927 -0.369454 -1.088000
v -0.514052 -0.421872 -1.088000
v -0.470226 -0.470226 -1.088000
v -0.421872 -0.514052 -1.088000
v -0.369454 -0.552927 -1.088000
v -0.313479 -0.586478 -1.088000
v -0.254484 -0.614380 -1.088000
v -0.193039 -0.636365 -1.088000
v -0.129735 -0.652222 -1.088000
v -0.065181 -0.661798 -1.088000
v -0.000000 -0.665000 -1.088000
v 0.065181 -0.661798 -1.088000
v 0.129735 -0.652222 -1.088000
v 0.193039 -0.636365 -1.088000
v 0.254484 -0.614380 -1.088000
v 0.313479 -0.586478 -1.088000
v 0.369454 -0.552927 -1.088000
v 0.421872 -0.514052 -1.088000
v 0.470226 -0.470226 -1.088000
v 0.514052 -0.421872 -1.088000
v 0.552927 -0.369454 -1.088000
v 0.586478 -0.313479 -1.088000
v 0.614380 -0.254484 -1.088000
v 0.636365 -0.193039 -1.088000
v 0.652222 -0.129735 -1.088000
v 0.661798 -0.065181 -1.088000
v 0.000000 0.000000 -1.096000
v 0.582183 0.057340 -1.096000
v 0.585000 0.000000 -1.096000
v 0.573759 0.114128 -1.096000
v 0.559810 0.169817 -1.096000
v 0.540470 0.223870 -1.096000
v 0.515924 0.275767 -1.096000
v 0.486410 0.325009 -1.096000
v 0.452211 0.371120 -1.096000
v 0.413657 0.413657 -1.096000
v 0.371120 0.452211 -1.096000
v 0.325009 0.486410 -1.096000
v 0.275767 0.515924 -1.096000
v 0.223870 0.540470 -1.096000
v 0.169817 0.559810 -1.096000
v 0.114128 0.573759 -1.096000
v 0.057340 0.582183 -1.096000
v 0.000000 0.585000 -1.096000
v -0.057340 0.582183 -1.096000
v -0.114128 0.573759 -1.096000
v -0.169817 0.559810 -1.096000
v -0.223870 0.540470 -1.096000
v -0.275767 0.515924 -1.096000
v -0.325009 0.486410 -1.096000
v -0.371120 0.452211 -1.096000
v -0.413657 0.413657 -1.096000
v -0.452211 0.371120 -1.096000
v -0.486410 0.325009 -1.096000
v -0.515924 0.275767 -1.096000
v -0.540470 0.223870 -1.096000
v -0.559810 0.169817 -1.096000
v -0.573759 0.114128 -1.096000
v -0.582183 0.057340 -1.096000
v -0.585000 0.000000 -1.096000
v -0.582183 -0.057340 -1.096000
v -0.573759 -0.114128 -1.096000
v -0.559810 -0.169817 -1.096000
v -0.540470 -0.223870 -1.096000
v -0.515924 -0.275767 -1.096000
v -0.486410 -0.325009 -1.096000
v -0.452211 -0.371120 -1.096000
v -0.413657 -0.413657 -1.096000
v -0.371120 -0.452211 -1.096000
v -0.325009 -0.486410 -1.096000
v -0.275767 -0.515924 -1.096000
v -0.223870 -0.540470 -1.096000
v -0.169817 -0.559810 -1.096000
v -0.114128 -0.573759 -1.096000
v -0.057340 -0.582183 -1.096000
v -0.000000 -0.585000 -1.096000
v 0.057340 -0.582183 -1.096000
v 0.114128 -0.573759 -1.096000
v 0.169817 -0.559810 -1.096000
v 0.223870 -0.540470 -1.096000
v 0.275767 -0.515924 -1.096000
v 0.325009 -0.486410 -1.096000
v 0.371120 -0.452211 -1.096000
v 0.413657 -0.413657 -1.096000
v 0.452211 -0.371120 -1.096000
v 0.486410 -0.325009 -1.096000
v 0.515924 -0.275767 -1.096000
v 0.540470 -0.223870 -1.096000
v 0.559810 -0.169817 -1.096000
v 0.573759 -0.114128 -1.096000
v 0.582183 -0.057340 -1.096000
v 0.000000 0.000000 -1.101000
v 0.542376 0.053419 -1.101000
v 0.545000 0.000000 -1.101000
v 0.534528 0.106324 -1.101000
v 0.521532 0.158205 -1.101000
v 0.503514 0.208562 -1.101000
v 0.480647 0.256911 -1.101000
v 0.453151 0.302786 -1.101000
v 0.421291 0.345744 -1.101000
v 0.385373 0.385373 -1.101000
v 0.345744 0.421291 -1.101000
v 0.302786 0.453151 -1.101000
v 0.256911 0.480647 -1.101000
v 0.208562 0.503514 -1.101000
v 0.158205 0.521532 -1.101000
v 0.106324 0.534528 -1.101000
v 0.053419 0.542376 -1.101000
v 0.000000 0.545000 -1.101000
v -0.053419 0.542376 -1.101000
v -0.106324 0.534528 -1.101000
v -0.158205 0.521532 -1.101000
v -0.208562 0.503514 -1.101000
v -0.256911 0.480647 -1.101000
v -0.302786 0.453151 -1.101000
v -0.345744 0.421291 -1.101000
v -0.385373 0.385373 -1.101000
v -0.421291 0.345744 -1.101000
v -0.453151 0.302786 -1.101000
v -0.480647 0.256911 -1.101000
v -0.503514 0.208562 -1.101000
v -0.521532 0.158205 -1.101000
v -0.534528 0.106324 -1.101000
v -0.542376 0.053419 -1.101000
v -0.545000 0.000000 -1.101000
v -0.542376 -0.053419 -1.101000
v -0.534528 -0.106324 -1.101000
v -0.521532 -0.158205 -1.101000
v -0.503514 -0.208562 -1.101000
v -0.480647 -0.256911 -1.101000
v -0.453151 -0.302786 -1.101000
v -0.421291 -0.345744 -1.101000
v -0.385373 -0.385373 -1.101000
v -0.345744 -0.421291 -1.101000
v -0.302786 -0.453151 -1.101000
v -0.256911 -0.480647 -1.101000
v -0.208562 -0.503514 -1.101000
v -0.158205 -0.521532 -1.101000
v -0.106324 -0.534528 -1.101000
v -0.053419 -0.542376 -1.101000
v -0.000000 -0.545000 -1.101000
v 0.053419 -0.542376 -1.101000
v 0.106324 -0.534528 -1.101000
v 0.158205 -0.521532 -1.101000
v 0.208562 -0.503514 -1.101000
v 0.256911 -0.480647 -1.101000
v 0.302786 -0.453151 -1.101000
v 0.345744 -0.421291 -1.101000
v 0.385373 -0.385373 -1.101000
v 0.421291 -0.345744 -1.101000
v 0.453151 -0.302786 -1.101000
v 0.480647 -0.256911 -1.101000
v 0.503514 -0.208562 -1.101000
v 0.521532 -0.158205 -1.101000
v 0.534528 -0.106324 -1.101000
v 0.542376 -0.053419 -1.101000
v -0.400000 0.380000 -1.108000
v -0.200000 0.500000 -1.108000
v 0.190000 -0.390000 -1.108000
v 0.030000 -0.470000 -1.108000
v 0.030000 -0.470000 -1.106000
v 0.190000 -0.390000 -1.106000
v -0.200000 0.500000 -1.106000
v -0.400000 0.380000 -1.106000
v 0.498000 0.000000 -0.995000
v 0.491869 0.077904 -0.995000
v 0.486662 0.077080 -0.982272
v 0.492728 0.000000 -0.982272
v 0.474090 0.075089 -0.977000
v 0.480000 0.000000 -0.977000
v 0.461519 0.073097 -0.982272
v 0.467272 0.000000 -0.982272
v 0.456312 0.072273 -0.995000
v 0.462000 0.000000 -0.995000
v 0.461519 0.073097 -1.007728
v 0.467272 0.000000 -1.007728
v 0.474090 0.075089 -1.013000
v 0.480000 0.000000 -1.013000
v 0.486662 0.077080 -1.007728
v 0.492728 0.000000 -1.007728
v 0.473626 0.153890 -0.995000
v 0.468612 0.152261 -0.982272
v 0.456507 0.148328 -0.977000
v 0.444402 0.144395 -0.982272
v 0.439388 0.142766 -0.995000
v 0.444402 0.144395 -1.007728
v 0.456507 0.148328 -1.013000
v 0.468612 0.152261 -1.007728
v 0.443721 0.226087 -0.995000
v 0.439024 0.223694 -0.982272
v 0.427683 0.217915 -0.977000
v 0.416342 0.212137 -0.982272
v 0.411645 0.209744 -0.995000
v 0.416342 0.212137 -1.007728
v 0.427683 0.217915 -1.013000
v 0.439024 0.223694 -1.007728
v 0.402890 0.292717 -0.995000
v 0.398625 0.289618 -0.982272
v 0.388328 0.282137 -0.977000
v 0.378031 0.274656 -0.982272
v 0.373766 0.271557 -0.995000
v 0.378031 0.274656 -1.007728
v 0.388328 0.282137 -1.013000
v 0.398625 0.289618 -1.007728
v 0.352139 0.352139 -0.995000
v 0.348411 0.348411 -0.982272
v 0.339411 0.339411 -0.977000
v 0.330411 0.330411 -0.982272
v 0.326683 0.326683 -0.995000
v 0.330411 0.330411 -1.007728
v 0.339411 0.339411 -1.013000
v 0.348411 0.348411 -1.007728
v 0.292717 0.402890 -0.995000
v 0.289618 0.398625 -0.982272
v 0.282137 0.388328 -0.977000
v 0.274656 0.378031 -0.982272
v 0.271557 0.373766 -0.995000
v 0.274656 0.378031 -1.007728
v 0.282137 0.388328 -1.013000
v 0.289618 0.398625 -1.007728
v 0.226087 0.443721 -0.995000
v 0.223694 0.439024 -0.982272
v 0.217915 0.427683 -0.977000
v 0.212137 0.416342 -0.982272
v 0.209744 0.411645 -0.995000
v 0.212137 0.416342 -1.007728
v 0.217915 0.427683 -1.013000
v 0.223694 0.439024 -1.007728
v 0.153890 0.473626 -0.995000
v 0.152261 0.468612 -0.982272
v 0.148328 0.456507 -0.977000
v 0.144395 0.444402 -0.982272
v 0.142766 0.439388 -0.995000
v 0.144395 0.444402 -1.007728
v 0.148328 0.456507 -1.013000
v 0.152261 0.468612 -1.007728
v 0.077904 0.491869 -0.995000
v 0.077080 0.486662 -0.982272
v 0.075089 0.474090 -0.977000
v 0.073097 0.461519 -0.982272
v 0.072273 0.456312 -0.995000
v 0.073097 0.461519 -1.007728
v 0.075089 0.474090 -1.013000
v 0.077080 0.486662 -1.007728
v 0.000000 0.498000 -0.995000
v 0.000000 0.492728 -0.982272
v 0.000000 0.480000 -0.977000
v 0.000000 0.467272 -0.982272
v 0.000000 0.462000 -0.995000
v 0.000000 0.467272 -1.007728
v 0.000000 0.480000 -1.013000
v 0.000000 0.492728 -1.007728
v -0.077904 0.491869 -0.995000
v -0.077080 0.486662 -0.982272
v -0.075089 0.474090 -0.977000
v -0.073097 0.461519 -0.982272
v -0.072273 0.456312 -0.995000
v -0.073097 0.461519 -1.007728
v -0.075089 0.474090 -1.013000
v -0.077080 0.486662 -1.007728
v -0.153890 0.473626 -0.995000
v -0.152261 0.468612 -0.982272
v -0.148328 0.456507 -0.977000
v -0.144395 0.444402 -0.982272
v -0.142766 0.439388 -0.995000
v -0.144395 0.444402 -1.007728
v -0.148328 0.456507 -1.013000
v -0.152261 0.468612 -1.007728
v -0.226087 0.443721 -0.995000
v -0.223694 0.439024 -0.982272
v -0.217915 0.427683 -0.977000
v -0.212137 0.416342 -0.982272
v -0.209744 0.411645 -0.995000
v -0.212137 0.416342 -1.007728
v -0.217915 0.427683 -1.013000
v -0.223694 0.439024 -1.007728
v -0.292717 0.402890 -0.995000
v -0.289618 0.398625 -0.982272
v -0.282137 0.388328 -0.977000
v -0.274656 0.378031 -0.982272
v -0.271557 0.373766 -0.995000
v -0.274656 0.378031 -1.007728
v -0.282137 0.388328 -1.013000
v -0.289618 0.398625 -1.007728
v -0.352139 0.352139 -0.995000
v -0.348411 0.348411 -0.982272
v -0.339411 0.339411 -0.977000
v -0.330411 0.330411 -0.982272
v -0.326683 0.326683 -0.995000
v -0.330411 0.330411 -1.007728
v -0.339411 0.339411 -1.013000
v -0.348411 0.348411 -1.007728
v -0.402890 0.292717 -0.995000
v -0.398625 0.289618 -0.982272
v -0.388328 0.282137 -0.977000
v -0.378031 0.274656 -0.982272
v -0.373766 0.271557 -0.995000
v -0.378031 0.274656 -1.007728
v -0.388328 0.282137 -1.013000
v -0.398625 0.289618 -1.007728
v -0.443721 0.226087 -0.995000
v -0.439024 0.223694 -0.982272
v -0.427683 0.217915 -0.977000
v -0.416342 0.212137 -0.982272
v -0.411645 0.209744 -0.995000
v -0.416342 0.212137 -1.007728
v -0.427683 0.217915 -1.013000
v -0.439024 0.223694 -1.007728
v -0.473626 0.153890 -0.995000
v -0.468612 0.152261 -0.982272
v -0.456507 0.148328 -0.977000
v -0.444402 0.144395 -0.982272
v -0.439388 0.142766 -0.995000
v -0.444402 0.144395 -1.007728
v -0.456507 0.148328 -1.013000
v -0.468612 0.152261 -1.007728
v -0.491869 0.077904 -0.995000
v -0.486662 0.077080 -0.982272
v -0.474090 0.075089 -0.977000
v -0.461519 0.073097 -0.982272
v -0.456312 0.072273 -0.995000
v -0.461519 0.073097 -1.007728
v -0.474090 0.075089 -1.013000
v -0.486662 0.077080 -1.007728
v -0.498000 0.000000 -0.995000
v -0.492728 0.000000 -0.982272
v -0.480000 0.000000 -0.977000
v -0.467272 0.000000 -0.982272
v -0.462000 0.000000 -0.995000
v -0.467272 0.000000 -1.007728
v -0.480000 0.000000 -1.013000
v -0.492728 0.000000 -1.007728
v -0.491869 -0.077904 -0.995000
v -0.486662 -0.077080 -0.982272
v -0.474090 -0.075089 -0.977000
v -0.461519 -0.073097 -0.982272
v -0.456312 -0.072273 -0.995000
v -0.461519 -0.073097 -1.007728
v -0.474090 -0.075089 -1.013000
v -0.486662 -0.077080 -1.007728
v -0.473626 -0.153890 -0.995000
v -0.468612 -0.152261 -0.982272
v -0.456507 -0.148328 -0.977000
v -0.444402 -0.144395 -0.982272
v -0.439388 -0.142766 -0.995000
v -0.444402 -0.144395 -1.007728
v -0.456507 -0.148328 -1.013000
v -0.468612 -0.152261 -1.007728
v -0.443721 -0.226087 -0.995000
v -0.439024 -0.223694 -0.982272
v -0.427683 -0.217915 -0.977000
v -0.416342 -0.212137 -0.982272
v -0.411645 -0.209744 -0.995000
v -0.416342 -0.212137 -1.007728
v -0.427683 -0.217915 -1.013000
v -0.439024 -0.223694 -1.007728
v -0.402890 -0.292717 -0.995000
v -0.398625 -0.289618 -0.982272
v -0.388328 -0.282137 -0.977000
v -0.378031 -0.274656 -0.982272
v -0.373766 -0.271557 -0.995000
v -0.378031 -0.274656 -1.007728
v -0.388328 -0.282137 -1.013000
v -0.398625 -0.289618 -1.007728
v -0.352139 -0.352139 -0.995000
v -0.348411 -0.348411 -0.982272
v -0.339411 -0.339411 -0.977000
v -0.330411 -0.330411 -0.982272
v -0.326683 -0.326683 -0.995000
v -0.330411 -0.330411 -1.007728
v -0.339411 -0.339411 -1.013000
v -0.348411 -0.348411 -1.007728
v -0.292717 -0.402890 -0.995000
v -0.289618 -0.398625 -0.982272
v -0.282137 -0.388328 -0.977000
v -0.274656 -0.378031 -0.982272
v -0.271557 -0.373766 -0.995000
v -0.274656 -0.378031 -1.007728
v -0.282137 -0.388328 -1.013000
v -0.289618 -0.398625 -1.007728
v -0.226087 -0.443721 -0.995000
v -0.223694 -0.439024 -0.982272
v -0.217915 -0.427683 -0.977000
v -0.212137 -0.416342 -0.982272
v -0.209744 -0.411645 -0.995000
v -0.212137 -0.416342 -1.007728
v -0.217915 -0.427683 -1.013000
v -0.223694 -0.439024 -1.007728
v -0.153890 -0.473626 -0.995000
v -0.152261 -0.468612 -0.982272
v -0.148328 -0.456507 -0.977000
v -0.144395 -0.444402 -0.982272
v -0.142766 -0.439388 -0.995000
v -0.144395 -0.444402 -1.007728
v -0.148328 -0.456507 -1.013000
v -0.152261 -0.468612 -1.007728
v -0.077904 -0.491869 -0.995000
v -0.077080 -0.486662 -0.982272
v -0.075089 -0.474090 -0.977000
v -0.073097 -0.461519 -0.982272
v -0.072273 -0.456312 -0.995000
v -0.073097 -0.461519 -1.007728
v -0.075089 -0.474090 -1.013000
v -0.077080 -0.486662 -1.007728
v -0.000000 -0.498000 -0.995000
v -0.000000 -0.492728 -0.982272
v -0.000000 -0.480000 -0.977000
v -0.000000 -0.467272 -0.982272
v -0.000000 -0.462000 -0.995000
v -0.000000 -0.467272 -1.007728
v -0.000000 -0.480000 -1.013000
v -0.000000 -0.492728 -1.007728
v 0.077904 -0.491869 -0.995000
v 0.077080 -0.486662 -0.982272
v 0.075089 -0.474090 -0.977000
v 0.073097 -0.461519 -0.982272
v 0.072273 -0.456312 -0.995000
v 0.073097 -0.461519 -1.007728
v 0.075089 -0.474090 -1.013000
v 0.077080 -0.486662 -1.007728
v 0.153890 -0.473626 -0.995000
v 0.152261 -0.468612 -0.982272
v 0.148328 -0.456507 -0.977000
v 0.144395 -0.444402 -0.982272
v 0.142766 -0.439388 -0.995000
v 0.144395 -0.444402 -1.007728
v 0.148328 -0.456507 -1.013000
v 0.152261 -0.468612 -1.007728
v 0.226087 -0.443721 -0.995000
v 0.223694 -0.439024 -0.982272
v 0.217915 -0.427683 -0.977000
v 0.212137 -0.416342 -0.982272
v 0.209744 -0.411645 -0.995000
v 0.212137 -0.416342 -1.007728
v 0.217915 -0.427683 -1.013000
v 0.223694 -0.439024 -1.007728
v 0.292717 -0.402890 -0.995000
v 0.289618 -0.398625 -0.982272
v 0.282137 -0.388328 -0.977000
v 0.274656 -0.378031 -0.982272
v 0.271557 -0.373766 -0.995000
v 0.274656 -0.378031 -1.007728
v 0.282137 -0.388328 -1.013000
v 0.289618 -0.398625 -1.007728
v 0.352139 -0.352139 -0.995000
v 0.348411 -0.348411 -0.982272
v 0.339411 -0.339411 -0.977000
v 0.330411 -0.330411 -0.982272
v 0.326683 -0.326683 -0.995000
v 0.330411 -0.330411 -1.007728
v 0.339411 -0.339411 -1.013000
v 0.348411 -0.348411 -1.007728
v 0.402890 -0.292717 -0.995000
v 0.398625 -0.289618 -0.982272
v 0.388328 -0.282137 -0.977000
v 0.378031 -0.274656 -0.982272
v 0.373766 -0.271557 -0.995000
v 0.378031 -0.274656 -1.007728
v 0.388328 -0.282137 -1.013000
v 0.398625 -0.289618 -1.007728
v 0.443721 -0.226087 -0.995000
v 0.439024 -0.223694 -0.982272
v 0.427683 -0.217915 -0.977000
v 0.416342 -0.212137 -0.982272
v 0.411645 -0.209744 -0.995000
v 0.416342 -0.212137 -1.007728
v 0.427683 -0.217915 -1.013000
v 0.439024 -0.223694 -1.007728
v 0.473626 -0.153890 -0.995000
v 0.468612 -0.152261 -0.982272
v 0.456507 -0.148328 -0.977000
v 0.444402 -0.144395 -0.982272
v 0.439388 -0.142766 -0.995000
v 0.444402 -0.144395 -1.007728
v 0.456507 -0.148328 -1.013000
v 0.468612 -0.152261 -1.007728
v 0.491869 -0.077904 -0.995000
v 0.486662 -0.077080 -0.982272
v 0.474090 -0.075089 -0.977000
v 0.461519 -0.073097 -0.982272
v 0.456312 -0.072273 -0.995000
v 0.461519 -0.073097 -1.007728
v 0.474090 -0.075089 -1.013000
v 0.486662 -0.077080 -1.007728
v 0.432000 0.000000 -0.977000
v 0.426681 0.067580 -0.977000
v 0.423210 0.067030 -0.968515
v 0.428485 0.000000 -0.968515
v 0.414829 0.065702 -0.965000
v 0.420000 0.000000 -0.965000
v 0.406448 0.064375 -0.968515
v 0.411515 0.000000 -0.968515
v 0.402977 0.063825 -0.977000
v 0.408000 0.000000 -0.977000
v 0.406448 0.064375 -0.985485
v 0.411515 0.000000 -0.985485
v 0.414829 0.065702 -0.989000
v 0.420000 0.000000 -0.989000
v 0.423210 0.067030 -0.985485
v 0.428485 0.000000 -0.985485
v 0.410856 0.133495 -0.977000
v 0.407514 0.132409 -0.968515
v 0.399444 0.129787 -0.965000
v 0.391374 0.127165 -0.968515
v 0.388031 0.126079 -0.977000
v 0.391374 0.127165 -0.985485
v 0.399444 0.129787 -0.989000
v 0.407514 0.132409 -0.985485
v 0.384915 0.196124 -0.977000
v 0.381783 0.194528 -0.968515
v 0.374223 0.190676 -0.965000
v 0.366662 0.186824 -0.968515
v 0.363531 0.185228 -0.977000
v 0.366662 0.186824 -0.985485
v 0.374223 0.190676 -0.989000
v 0.381783 0.194528 -0.985485
v 0.349495 0.253923 -0.977000
v 0.346652 0.251857 -0.968515
v 0.339787 0.246870 -0.965000
v 0.332922 0.241882 -0.968515
v 0.330079 0.239816 -0.977000
v 0.332922 0.241882 -0.985485
v 0.339787 0.246870 -0.989000
v 0.346652 0.251857 -0.985485
v 0.305470 0.305470 -0.977000
v 0.302985 0.302985 -0.968515
v 0.296985 0.296985 -0.965000
v 0.290985 0.290985 -0.968515
v 0.288500 0.288500 -0.977000
v 0.290985 0.290985 -0.985485
v 0.296985 0.296985 -0.989000
v 0.302985 0.302985 -0.985485
v 0.253923 0.349495 -0.977000
v 0.251857 0.346652 -0.968515
v 0.246870 0.339787 -0.965000
v 0.241882 0.332922 -0.968515
v 0.239816 0.330079 -0.977000
v 0.241882 0.332922 -0.985485
v 0.246870 0.339787 -0.989000
v 0.251857 0.346652 -0.985485
v 0.196124 0.384915 -0.977000
v 0.194528 0.381783 -0.968515
v 0.190676 0.374223 -0.965000
v 0.186824 0.366662 -0.968515
v 0.185228 0.363531 -0.977000
v 0.186824 0.366662 -0.985485
v 0.190676 0.374223 -0.989000
v 0.194528 0.381783 -0.985485
v 0.133495 0.410856 -0.977000
v 0.132409 0.407514 -0.968515
v 0.129787 0.399444 -0.965000
v 0.127165 0.391374 -0.968515
v 0.126079 0.388031 -0.977000
v 0.127165 0.391374 -0.985485
v 0.129787 0.399444 -0.989000
v 0.132409 0.407514 -0.985485
v 0.067580 0.426681 -0.977000
v 0.067030 0.423210 -0.968515
v 0.065702 0.414829 -0.965000
v 0.064375 0.406448 -0.968515
v 0.063825 0.402977 -0.977000
v 0.064375 0.406448 -0.985485
v 0.065702 0.414829 -0.989000
v 0.067030 0.423210 -0.985485
v 0.000000 0.432000 -0.977000
v 0.000000 0.428485 -0.968515
v 0.000000 0.420000 -0.965000
v 0.000000 0.411515 -0.968515
v 0.000000 0.408000 -0.977000
v 0.000000 0.411515 -0.985485
v 0.000000 0.420000 -0.989000
v 0.000000 0.428485 -0.985485
v -0.067580 0.426681 -0.977000
v -0.067030 0.423210 -0.968515
v -0.065702 0.414829 -0.965000
v -0.064375 0.406448 -0.968515
v -0.063825 0.402977 -0.977000
v -0.064375 0.406448 -0.985485
v -0.065702 0.414829 -0.989000
v -0.067030 0.423210 -0.985485
v -0.133495 0.410856 -0.977000
v -0.132409 0.407514 -0.968515
v -0.129787 0.399444 -0.965000
v -0.127165 0.391374 -0.968515
v -0.126079 0.388031 -0.977000
v -0.127165 0.391374 -0.985485
v -0.129787 0.399444 -0.989000
v -0.132409 0.407514 -0.985485
v -0.196124 0.384915 -0.977000
v -0.194528 0.381783 -0.968515
v -0.190676 0.374223 -0.965000
v -0.186824 0.366662 -0.968515
v -0.185228 0.363531 -0.977000
v -0.186824 0.366662 -0.985485
v -0.190676 0.374223 -0.989000
v -0.194528 0.381783 -0.985485
v -0.253923 0.349495 -0.977000
v -0.251857 0.346652 -0.968515
v -0.246870 0.339787 -0.965000
v -0.241882 0.332922 -0.968515
v -0.239816 0.330079 -0.977000
v -0.241882 0.332922 -0.985485
v -0.246870 0.339787 -0.989000
v -0.251857 0.346652 -0.985485
v -0.305470 0.305470 -0.977000
v -0.302985 0.302985 -0.968515
v -0.296985 0.296985 -0.965000
v -0.290985 0.290985 -0.968515
v -0.288500 0.288500 -0.977000
v -0.290985 0.290985 -0.985485
v -0.296985 0.296985 -0.989000
v -0.302985 0.302985 -0.985485
v -0.349495 0.253923 -0.977000
v -0.346652 0.251857 -0.968515
v -0.339787 0.246870 -0.965000
v -0.332922 0.241882 -0.968515
v -0.330079 0.239816 -0.977000
v -0.332922 0.241882 -0.985485
v -0.339787 0.246870 -0.989000
v -0.346652 0.251857 -0.985485
v -0.384915 0.196124 -0.977000
v -0.381783 0.194528 -0.968515
v -0.374223 0.190676 -0.965000
v -0.366662 0.186824 -0.968515
v -0.363531 0.185228 -0.977000
v -0.366662 0.186824 -0.985485
v -0.374223 0.190676 -0.989000
v -0.381783 0.194528 -0.985485
v -0.410856 0.133495 -0.977000
v -0.407514 0.132409 -0.968515
v -0.399444 0.129787 -0.965000
v -0.391374 0.127165 -0.968515
v -0.388031 0.126079 -0.977000
v -0.391374 0.127165 -0.985485
v -0.399444 0.129787 -0.989000
v -0.407514 0.132409 -0.985485
v -0.426681 0.067580 -0.977000
v -0.423210 0.067030 -0.968515
v -0.414829 0.065702 -0.965000
v -0.406448 0.064375 -0.968515
v -0.402977 0.063825 -0.977000
v -0.406448 0.064375 -0.985485
v -0.414829 0.065702 -0.989000
v -0.423210 0.067030 -0.985485
v -0.432000 0.000000 -0.977000
v -0.428485 0.000000 -0.968515
v -0.420000 0.000000 -0.965000
v -0.411515 0.000000 -0.968515
v -0.408000 0.000000 -0.977000
v -0.411515 0.000000 -0.985485
v -0.420000 0.000000 -0.989000
v -0.428485 0.000000 -0.985485
v -0.426681 -0.067580 -0.977000
v -0.423210 -0.067030 -0.968515
v -0.414829 -0.065702 -0.965000
v -0.406448 -0.064375 -0.968515
v -0.402977 -0.063825 -0.977000
v -0.406448 -0.064375 -0.985485
v -0.414829 -0.065702 -0.989000
v -0.423210 -0.067030 -0.985485
v -0.410856 -0.133495 -0.977000
v -0.407514 -0.132409 -0.968515
v -0.399444 -0.129787 -0.965000
v -0.391374 -0.127165 -0.968515
v -0.388031 -0.126079 -0.977000
v -0.391374 -0.127165 -0.985485
v -0.399444 -0.129787 -0.989000
v -0.407514 -0.132409 -0.985485
v -0.384915 -0.196124 -0.977000
v -0.381783 -0.194528 -0.968515
v -0.374223 -0.190676 -0.965000
v -0.366662 -0.186824 -0.968515
v -0.363531 -0.185228 -0.977000
v -0.366662 -0.186824 -0.985485
v -0.374223 -0.190676 -0.989000
v -0.381783 -0.194528 -0.985485
v -0.349495 -0.253923 -0.977000
v -0.346652 -0.251857 -0.968515
v -0.339787 -0.246870 -0.965000
v -0.332922 -0.241882 -0.968515
v -0.330079 -0.239816 -0.977000
v -0.332922 -0.241882 -0.985485
v -0.339787 -0.246870 -0.989000
v -0.346652 -0.251857 -0.985485
v -0.305470 -0.305470 -0.977000
v -0.302985 -0.302985 -0.968515
v -0.296985 -0.296985 -0.965000
v -0.290985 -0.290985 -0.968515
v -0.288500 -0.288500 -0.977000
v -0.290985 -0.290985 -0.985485
v -0.296985 -0.296985 -0.989000
v -0.302985 -0.302985 -0.985485
v -0.253923 -0.349495 -0.977000
v -0.251857 -0.346652 -0.968515
v -0.246870 -0.339787 -0.965000
v -0.241882 -0.332922 -0.968515
v -0.239816 -0.330079 -0.977000
v -0.241882 -0.332922 -0.985485
v -0.246870 -0.339787 -0.989000
v -0.251857 -0.346652 -0.985485
v -0.196124 -0.384915 -0.977000
v -0.194528 -0.381783 -0.968515
v -0.190676 -0.374223 -0.965000
v -0.186824 -0.366662 -0.968515
v -0.185228 -0.363531 -0.977000
v -0.186824 -0.366662 -0.985485
v -0.190676 -0.374223 -0.989000
v -0.194528 -0.381783 -0.985485
v -0.133495 -0.410856 -0.977000
v -0.132409 -0.407514 -0.968515
v -0.129787 -0.399444 -0.965000
v -0.127165 -0.391374 -0.968515
v -0.126079 -0.388031 -0.977000
v -0.127165 -0.391374 -0.985485
v -0.129787 -0.399444 -0.989000
v -0.132409 -0.407514 -0.985485
v -0.067580 -0.426681 -0.977000
v -0.067030 -0.423210 -0.968515
v -0.065702 -0.414829 -0.965000
v -0.064375 -0.406448 -0.968515
v -0.063825 -0.402977 -0.977000
v -0.064375 -0.406448 -0.985485
v -0.065702 -0.414829 -0.989000
v -0.067030 -0.423210 -0.985485
v -0.000000 -0.432000 -0.977000
v -0.000000 -0.428485 -0.968515
v -0.000000 -0.420000 -0.965000
v -0.000000 -0.411515 -0.968515
v -0.000000 -0.408000 -0.977000
v -0.000000 -0.411515 -0.985485
v -0.000000 -0.420000 -0.989000
v -0.000000 -0.428485 -0.985485
v 0.067580 -0.426681 -0.977000
v 0.067030 -0.423210 -0.968515
v 0.065702 -0.414829 -0.965000
v 0.064375 -0.406448 -0.968515
v 0.063825 -0.402977 -0.977000
v 0.064375 -0.406448 -0.985485
v 0.065702 -0.414829 -0.989000
v 0.067030 -0.423210 -0.985485
v 0.133495 -0.410856 -0.977000
v 0.132409 -0.407514 -0.968515
v 0.129787 -0.399444 -0.965000
v 0.127165 -0.391374 -0.968515
v 0.126079 -0.388031 -0.977000
v 0.127165 -0.391374 -0.985485
v 0.129787 -0.399444 -0.989000
v 0.132409 -0.407514 -0.985485
v 0.196124 -0.384915 -0.977000
v 0.194528 -0.381783 -0.968515
v 0.190676 -0.374223 -0.965000
v 0.186824 -0.366662 -0.968515
v 0.185228 -0.363531 -0.977000
v 0.186824 -0.366662 -0.985485
v 0.190676 -0.374223 -0.989000
v 0.194528 -0.381783 -0.985485
v 0.253923 -0.349495 -0.977000
v 0.251857 -0.346652 -0.968515
v 0.246870 -0.339787 -0.965000
v 0.241882 -0.332922 -0.968515
v 0.239816 -0.330079 -0.977000
v 0.241882 -0.332922 -0.985485
v 0.246870 -0.339787 -0.989000
v 0.251857 -0.346652 -0.985485
v 0.305470 -0.305470 -0.977000
v 0.302985 -0.302985 -0.968515
v 0.296985 -0.296985 -0.965000
v 0.290985 -0.290985 -0.968515
v 0.288500 -0.288500 -0.977000
v 0.290985 -0.290985 -0.985485
v 0.296985 -0.296985 -0.989000
v 0.302985 -0.302985 -0.985485
v 0.349495 -0.253923 -0.977000
v 0.346652 -0.251857 -0.968515
v 0.339787 -0.246870 -0.965000
v 0.332922 -0.241882 -0.968515
v 0.330079 -0.239816 -0.977000
v 0.332922 -0.241882 -0.985485
v 0.339787 -0.246870 -0.989000
v 0.346652 -0.251857 -0.985485
v 0.384915 -0.196124 -0.977000
v 0.381783 -0.194528 -0.968515
v 0.374223 -0.190676 -0.965000
v 0.366662 -0.186824 -0.968515
v 0.363531 -0.185228 -0.977000
v 0.366662 -0.186824 -0.985485
v 0.374223 -0.190676 -0.989000
v 0.381783 -0.194528 -0.985485
v 0.410856 -0.133495 -0.977000
v 0.407514 -0.132409 -0.968515
v 0.399444 -0.129787 -0.965000
v 0.391374 -0.127165 -0.968515
v 0.388031 -0.126079 -0.977000
v 0.391374 -0.127165 -0.985485
v 0.399444 -0.129787 -0.989000
v 0.407514 -0.132409 -0.985485
v 0.426681 -0.067580 -0.977000
v 0.423210 -0.067030 -0.968515
v 0.414829 -0.065702 -0.965000
v 0.406448 -0.064375 -0.968515
v 0.402977 -0.063825 -0.977000
v 0.406448 -0.064375 -0.985485
v 0.414829 -0.065702 -0.989000
v 0.423210 -0.067030 -0.985485
v 0.779218 0.354339 0.555000
v 0.758957 0.395879 0.725000
v 0.779218 0.354339 0.725000
v 0.758957 0.395879 0.555000
v 0.705849 0.484265 0.555000
v 0.678683 0.521657 0.725000
v 0.705849 0.484265 0.725000
v 0.678683 0.521657 0.555000
v 0.611034 0.599477 0.555000
v 0.577787 0.631583 0.725000
v 0.611034 0.599477 0.725000
v 0.577787 0.631583 0.555000
v 0.497653 0.696475 0.555000
v 0.459336 0.722320 0.725000
v 0.497653 0.696475 0.725000
v 0.459336 0.722320 0.555000
v 0.369151 0.772311 0.555000
v 0.326928 0.791109 0.725000
v 0.369151 0.772311 0.725000
v 0.326928 0.791109 0.555000
v 0.229432 0.824680 0.555000
v 0.184587 0.835861 0.725000
v 0.229432 0.824680 0.725000
v 0.184587 0.835861 0.555000
v 0.082743 0.851992 0.555000
v 0.036637 0.855216 0.725000
v 0.082743 0.851992 0.725000
v 0.036637 0.855216 0.555000
v -0.066461 0.853416 0.555000
v -0.112426 0.848585 0.725000
v -0.066461 0.853416 0.725000
v -0.112426 0.848585 0.555000
v -0.213646 0.828910 0.555000
v -0.258074 0.816170 0.725000
v -0.213646 0.828910 0.725000
v -0.258074 0.816170 0.555000
v -0.354339 0.779218 0.555000
v -0.395879 0.758957 0.725000
v -0.354339 0.779218 0.725000
v -0.395879 0.758957 0.555000
v -0.484265 0.705849 0.555000
v -0.521657 0.678683 0.725000
v -0.484265 0.705849 0.725000
v -0.521657 0.678683 0.555000
v -0.599477 0.611034 0.555000
v -0.631583 0.577787 0.725000
v -0.599477 0.611034 0.725000
v -0.631583 0.577787 0.555000
v -0.696475 0.497653 0.555000
v -0.722320 0.459336 0.725000
v -0.696475 0.497653 0.725000
v -0.722320 0.459336 0.555000
v 0.755550 0.343576 0.815000
v 0.735904 0.383855 0.985000
v 0.755550 0.343576 0.985000
v 0.735904 0.383855 0.815000
v 0.684410 0.469556 0.815000
v 0.658069 0.505812 0.985000
v 0.684410 0.469556 0.985000
v 0.658069 0.505812 0.815000
v 0.592475 0.581269 0.815000
v 0.560238 0.612400 0.985000
v 0.592475 0.581269 0.985000
v 0.560238 0.612400 0.815000
v 0.482537 0.675320 0.815000
v 0.445384 0.700380 0.985000
v 0.482537 0.675320 0.985000
v 0.445384 0.700380 0.815000
v 0.357938 0.748853 0.815000
v 0.316998 0.767080 0.985000
v 0.357938 0.748853 0.985000
v 0.316998 0.767080 0.815000
v 0.222464 0.799631 0.815000
v 0.178980 0.810473 0.985000
v 0.222464 0.799631 0.985000
v 0.178980 0.810473 0.815000
v 0.080229 0.826113 0.815000
v 0.035524 0.829239 0.985000
v 0.080229 0.826113 0.985000
v 0.035524 0.829239 0.815000
v -0.064442 0.827495 0.815000
v -0.109012 0.822810 0.985000
v -0.064442 0.827495 0.985000
v -0.109012 0.822810 0.815000
v -0.207156 0.803733 0.815000
v -0.250235 0.791380 0.985000
v -0.207156 0.803733 0.985000
v -0.250235 0.791380 0.815000
v -0.343576 0.755550 0.815000
v -0.383855 0.735904 0.985000
v -0.343576 0.755550 0.985000
v -0.383855 0.735904 0.815000
v -0.469556 0.684410 0.815000
v -0.505812 0.658069 0.985000
v -0.469556 0.684410 0.985000
v -0.505812 0.658069 0.815000
v -0.581269 0.592475 0.815000
v -0.612400 0.560238 0.985000
v -0.581269 0.592475 0.985000
v -0.612400 0.560238 0.815000
v -0.675320 0.482537 0.815000
v -0.700380 0.445384 0.985000
v -0.675320 0.482537 0.985000
v -0.700380 0.445384 0.815000
v 0.731882 0.332813 1.075000
v 0.712852 0.371831 1.245000
v 0.731882 0.332813 1.245000
v 0.712852 0.371831 1.075000
v 0.662971 0.454847 1.075000
v 0.637454 0.489967 1.245000
v 0.662971 0.454847 1.245000
v 0.637454 0.489967 1.075000
v 0.573915 0.563061 1.075000
v 0.542688 0.593216 1.245000
v 0.573915 0.563061 1.245000
v 0.542688 0.593216 1.075000
v 0.467422 0.654166 1.075000
v 0.431433 0.678441 1.245000
v 0.467422 0.654166 1.245000
v 0.431433 0.678441 1.075000
v 0.346726 0.725394 1.075000
v 0.307068 0.743051 1.245000
v 0.346726 0.725394 1.245000
v 0.307068 0.743051 1.075000
v 0.215495 0.774582 1.075000
v 0.173374 0.785084 1.245000
v 0.215495 0.774582 1.245000
v 0.173374 0.785084 1.075000
v 0.077716 0.800235 1.075000
v 0.034411 0.803263 1.245000
v 0.077716 0.800235 1.245000
v 0.034411 0.803263 1.075000
v -0.062424 0.801573 1.075000
v -0.105597 0.797035 1.245000
v -0.062424 0.801573 1.245000
v -0.105597 0.797035 1.075000
v -0.200667 0.778556 1.075000
v -0.242396 0.766590 1.245000
v -0.200667 0.778556 1.245000
v -0.242396 0.766590 1.075000
v -0.332813 0.731882 1.075000
v -0.371831 0.712852 1.245000
v -0.332813 0.731882 1.245000
v -0.371831 0.712852 1.075000
v -0.454847 0.662971 1.075000
v -0.489967 0.637454 1.245000
v -0.454847 0.662971 1.245000
v -0.489967 0.637454 1.075000
v -0.563061 0.573915 1.075000
v -0.593216 0.542688 1.245000
v -0.563061 0.573915 1.245000
v -0.593216 0.542688 1.075000
v -0.654166 0.467422 1.075000
v -0.678441 0.431433 1.245000
v -0.654166 0.467422 1.245000
v -0.678441 0.431433 1.075000
v 0.689959 0.313749 1.335000
v 0.672019 0.350532 1.505000
v 0.689959 0.313749 1.505000
v 0.672019 0.350532 1.335000
v 0.624995 0.428793 1.335000
v 0.600940 0.461901 1.505000
v 0.624995 0.428793 1.505000
v 0.600940 0.461901 1.335000
v 0.541041 0.530808 1.335000
v 0.511602 0.559236 1.505000
v 0.541041 0.530808 1.505000
v 0.511602 0.559236 1.335000
v 0.440647 0.616694 1.335000
v 0.406720 0.639579 1.505000
v 0.440647 0.616694 1.505000
v 0.406720 0.639579 1.335000
v 0.326865 0.683843 1.335000
v 0.289479 0.700488 1.505000
v 0.326865 0.683843 1.505000
v 0.289479 0.700488 1.335000
v 0.203151 0.730213 1.335000
v 0.163443 0.740114 1.505000
v 0.203151 0.730213 1.505000
v 0.163443 0.740114 1.335000
v 0.073265 0.754397 1.335000
v 0.032440 0.757251 1.505000
v 0.073265 0.754397 1.505000
v 0.032440 0.757251 1.335000
v -0.058848 0.755658 1.335000
v -0.099548 0.751380 1.505000
v -0.058848 0.755658 1.505000
v -0.099548 0.751380 1.335000
v -0.189173 0.733959 1.335000
v -0.228511 0.722679 1.505000
v -0.189173 0.733959 1.505000
v -0.228511 0.722679 1.335000
v -0.313749 0.689959 1.335000
v -0.350532 0.672019 1.505000
v -0.313749 0.689959 1.505000
v -0.350532 0.672019 1.335000
v -0.428793 0.624995 1.335000
v -0.461901 0.600940 1.505000
v -0.428793 0.624995 1.505000
v -0.461901 0.600940 1.335000
v -0.530808 0.541041 1.335000
v -0.559236 0.511602 1.505000
v -0.530808 0.541041 1.505000
v -0.559236 0.511602 1.335000
v -0.616694 0.440647 1.335000
v -0.639579 0.406720 1.505000
v -0.616694 0.440647 1.505000
v -0.639579 0.406720 1.335000
v 0.645674 0.293611 1.555000
v 0.628886 0.328033 1.685000
v 0.645674 0.293611 1.685000
v 0.628886 0.328033 1.555000
v 0.584880 0.401271 1.555000
v 0.562369 0.432254 1.685000
v 0.584880 0.401271 1.685000
v 0.562369 0.432254 1.555000
v 0.506314 0.496738 1.555000
v 0.478765 0.523342 1.685000
v 0.506314 0.496738 1.685000
v 0.478765 0.523342 1.555000
v 0.412364 0.577112 1.555000
v 0.380614 0.598528 1.685000
v 0.412364 0.577112 1.685000
v 0.380614 0.598528 1.555000
v 0.305885 0.639951 1.555000
v 0.270899 0.655528 1.685000
v 0.305885 0.639951 1.685000
v 0.270899 0.655528 1.555000
v 0.190112 0.683345 1.555000
v 0.152952 0.692610 1.685000
v 0.190112 0.683345 1.685000
v 0.152952 0.692610 1.555000
v 0.068562 0.705976 1.555000
v 0.030358 0.708647 1.685000
v 0.068562 0.705976 1.685000
v 0.030358 0.708647 1.555000
v -0.055071 0.707156 1.555000
v -0.093159 0.703153 1.685000
v -0.055071 0.707156 1.685000
v -0.093159 0.703153 1.555000
v -0.177031 0.686850 1.555000
v -0.213844 0.676294 1.685000
v -0.177031 0.686850 1.685000
v -0.213844 0.676294 1.555000
v -0.293611 0.645674 1.555000
v -0.328033 0.628886 1.685000
v -0.293611 0.645674 1.685000
v -0.328033 0.628886 1.555000
v -0.401271 0.584880 1.555000
v -0.432254 0.562369 1.685000
v -0.401271 0.584880 1.685000
v -0.432254 0.562369 1.555000
v -0.496738 0.506314 1.555000
v -0.523342 0.478765 1.685000
v -0.496738 0.506314 1.685000
v -0.523342 0.478765 1.555000
v -0.577112 0.412364 1.555000
v -0.598528 0.380614 1.685000
v -0.577112 0.412364 1.685000
v -0.598528 0.380614 1.555000
v 0.635000 0.000000 1.780000
v 0.631942 0.062241 1.780000
v 0.612039 0.060281 2.000000
v 0.615000 0.000000 2.000000
v 0.622799 0.123882 1.780000
v 0.603183 0.119981 2.000000
v 0.607657 0.184331 1.780000
v 0.588518 0.178525 2.000000
v 0.586664 0.243004 1.780000
v 0.568186 0.235350 2.000000
v 0.560020 0.299337 1.780000
v 0.542382 0.289909 2.000000
v 0.527983 0.352787 1.780000
v 0.511354 0.341676 2.000000
v 0.490862 0.402840 1.780000
v 0.475401 0.390152 2.000000
v 0.449013 0.449013 1.780000
v 0.434871 0.434871 2.000000
v 0.402840 0.490862 1.780000
v 0.390152 0.475401 2.000000
v 0.352787 0.527983 1.780000
v 0.341676 0.511354 2.000000
v 0.299337 0.560020 1.780000
v 0.289909 0.542382 2.000000
v 0.243004 0.586664 1.780000
v 0.235350 0.568186 2.000000
v 0.184331 0.607657 1.780000
v 0.178525 0.588518 2.000000
v 0.123882 0.622799 1.780000
v 0.119981 0.603183 2.000000
v 0.062241 0.631942 1.780000
v 0.060281 0.612039 2.000000
v 0.000000 0.635000 1.780000
v 0.000000 0.615000 2.000000
v -0.062241 0.631942 1.780000
v -0.060281 0.612039 2.000000
v -0.123882 0.622799 1.780000
v -0.119981 0.603183 2.000000
v -0.184331 0.607657 1.780000
v -0.178525 0.588518 2.000000
v -0.243004 0.586664 1.780000
v -0.235350 0.568186 2.000000
v -0.299337 0.560020 1.780000
v -0.289909 0.542382 2.000000
v -0.352787 0.527983 1.780000
v -0.341676 0.511354 2.000000
v -0.402840 0.490862 1.780000
v -0.390152 0.475401 2.000000
v -0.449013 0.449013 1.780000
v -0.434871 0.434871 2.000000
v -0.490862 0.402840 1.780000
v -0.475401 0.390152 2.000000
v -0.527983 0.352787 1.780000
v -0.511354 0.341676 2.000000
v -0.560020 0.299337 1.780000
v -0.542382 0.289909 2.000000
v -0.586664 0.243004 1.780000
v -0.568186 0.235350 2.000000
v -0.607657 0.184331 1.780000
v -0.588518 0.178525 2.000000
v -0.622799 0.123882 1.780000
v -0.603183 0.119981 2.000000
v -0.631942 0.062241 1.780000
v -0.612039 0.060281 2.000000
v -0.635000 0.000000 1.780000
v -0.615000 0.000000 2.000000
v -0.631942 -0.062241 1.780000
v -0.612039 -0.060281 2.000000
v -0.622799 -0.123882 1.780000
v -0.603183 -0.119981 2.000000
v -0.607657 -0.184331 1.780000
v -0.588518 -0.178525 2.000000
v -0.586664 -0.243004 1.780000
v -0.568186 -0.235350 2.000000
v -0.560020 -0.299337 1.780000
v -0.542382 -0.289909 2.000000
v -0.527983 -0.352787 1.780000
v -0.511354 -0.341676 2.000000
v -0.490862 -0.402840 1.780000
v -0.475401 -0.390152 2.000000
v -0.449013 -0.449013 1.780000
v -0.434871 -0.434871 2.000000
v -0.402840 -0.490862 1.780000
v -0.390152 -0.475401 2.000000
v -0.352787 -0.527983 1.780000
v -0.341676 -0.511354 2.000000
v -0.299337 -0.560020 1.780000
v -0.289909 -0.542382 2.000000
v -0.243004 -0.586664 1.780000
v -0.235350 -0.568186 2.000000
v -0.184331 -0.607657 1.780000
v -0.178525 -0.588518 2.000000
v -0.123882 -0.622799 1.780000
v -0.119981 -0.603183 2.000000
v -0.062241 -0.631942 1.780000
v -0.060281 -0.612039 2.000000
v -0.000000 -0.635000 1.780000
v -0.000000 -0.615000 2.000000
v 0.062241 -0.631942 1.780000
v 0.060281 -0.612039 2.000000
v 0.123882 -0.622799 1.780000
v 0.119981 -0.603183 2.000000
v 0.184331 -0.607657 1.780000
v 0.178525 -0.588518 2.000000
v 0.243004 -0.586664 1.780000
v 0.235350 -0.568186 2.000000
v 0.299337 -0.560020 1.780000
v 0.289909 -0.542382 2.000000
v 0.352787 -0.527983 1.780000
v 0.341676 -0.511354 2.000000
v 0.402840 -0.490862 1.780000
v 0.390152 -0.475401 2.000000
v 0.449013 -0.449013 1.780000
v 0.434871 -0.434871 2.000000
v 0.490862 -0.402840 1.780000
v 0.475401 -0.390152 2.000000
v 0.527983 -0.352787 1.780000
v 0.511354 -0.341676 2.000000
v 0.560020 -0.299337 1.780000
v 0.542382 -0.289909 2.000000
v 0.586664 -0.243004 1.780000
v 0.568186 -0.235350 2.000000
v 0.607657 -0.184331 1.780000
v 0.588518 -0.178525 2.000000
v 0.622799 -0.123882 1.780000
v 0.603183 -0.119981 2.000000
v 0.631942 -0.062241 1.780000
v 0.612039 -0.060281 2.000000
v 0.000000 0.000000 1.780000
v 0.000000 0.000000 2.000000
v 0.630000 0.000000 1.995000
v 0.622244 0.098554 1.995000
v 0.612119 0.096950 2.019749
v 0.619749 0.000000 2.019749
v 0.587675 0.093079 2.030000
v 0.595000 0.000000 2.030000
v 0.563231 0.089207 2.019749
v 0.570251 0.000000 2.019749
v 0.553105 0.087603 1.995000
v 0.560000 0.000000 1.995000
v 0.563231 0.089207 1.970251
v 0.570251 0.000000 1.970251
v 0.587675 0.093079 1.960000
v 0.595000 0.000000 1.960000
v 0.612119 0.096950 1.970251
v 0.619749 0.000000 1.970251
v 0.599166 0.194681 1.995000
v 0.589416 0.191513 2.019749
v 0.565879 0.183865 2.030000
v 0.542341 0.176217 2.019749
v 0.532592 0.173050 1.995000
v 0.542341 0.176217 1.970251
v 0.565879 0.183865 1.960000
v 0.589416 0.191513 1.970251
v 0.561334 0.286014 1.995000
v 0.552200 0.281360 2.019749
v 0.530149 0.270124 2.030000
v 0.508098 0.258889 2.019749
v 0.498964 0.254235 1.995000
v 0.508098 0.258889 1.970251
v 0.530149 0.270124 1.960000
v 0.552200 0.281360 1.970251
v 0.509681 0.370305 1.995000
v 0.501387 0.364279 2.019749
v 0.481365 0.349732 2.030000
v 0.461343 0.335185 2.019749
v 0.453050 0.329160 1.995000
v 0.461343 0.335185 1.970251
v 0.481365 0.349732 1.960000
v 0.501387 0.364279 1.970251
v 0.445477 0.445477 1.995000
v 0.438229 0.438229 2.019749
v 0.420729 0.420729 2.030000
v 0.403229 0.403229 2.019749
v 0.395980 0.395980 1.995000
v 0.403229 0.403229 1.970251
v 0.420729 0.420729 1.960000
v 0.438229 0.438229 1.970251
v 0.370305 0.509681 1.995000
v 0.364279 0.501387 2.019749
v 0.349732 0.481365 2.030000
v 0.335185 0.461343 2.019749
v 0.329160 0.453050 1.995000
v 0.335185 0.461343 1.970251
v 0.349732 0.481365 1.960000
v 0.364279 0.501387 1.970251
v 0.286014 0.561334 1.995000
v 0.281360 0.552200 2.019749
v 0.270124 0.530149 2.030000
v 0.258889 0.508098 2.019749
v 0.254235 0.498964 1.995000
v 0.258889 0.508098 1.970251
v 0.270124 0.530149 1.960000
v 0.281360 0.552200 1.970251
v 0.194681 0.599166 1.995000
v 0.191513 0.589416 2.019749
v 0.183865 0.565879 2.030000
v 0.176217 0.542341 2.019749
v 0.173050 0.532592 1.995000
v 0.176217 0.542341 1.970251
v 0.183865 0.565879 1.960000
v 0.191513 0.589416 1.970251
v 0.098554 0.622244 1.995000
v 0.096950 0.612119 2.019749
v 0.093079 0.587675 2.030000
v 0.089207 0.563231 2.019749
v 0.087603 0.553105 1.995000
v 0.089207 0.563231 1.970251
v 0.093079 0.587675 1.960000
v 0.096950 0.612119 1.970251
v 0.000000 0.630000 1.995000
v 0.000000 0.619749 2.019749
v 0.000000 0.595000 2.030000
v 0.000000 0.570251 2.019749
v 0.000000 0.560000 1.995000
v 0.000000 0.570251 1.970251
v 0.000000 0.595000 1.960000
v 0.000000 0.619749 1.970251
v -0.098554 0.622244 1.995000
v -0.096950 0.612119 2.019749
v -0.093079 0.587675 2.030000
v -0.089207 0.563231 2.019749
v -0.087603 0.553105 1.995000
v -0.089207 0.563231 1.970251
v -0.093079 0.587675 1.960000
v -0.096950 0.612119 1.970251
v -0.194681 0.599166 1.995000
v -0.191513 0.589416 2.019749
v -0.183865 0.565879 2.030000
v -0.176217 0.542341 2.019749
v -0.173050 0.532592 1.995000
v -0.176217 0.542341 1.970251
v -0.183865 0.565879 1.960000
v -0.191513 0.589416 1.970251
v -0.286014 0.561334 1.995000
v -0.281360 0.552200 2.019749
v -0.270124 0.530149 2.030000
v -0.258889 0.508098 2.019749
v -0.254235 0.498964 1.995000
v -0.258889 0.508098 1.970251
v -0.270124 0.530149 1.960000
v -0.281360 0.552200 1.970251
v -0.370305 0.509681 1.995000
v -0.364279 0.501387 2.019749
v -0.349732 0.481365 2.030000
v -0.335185 0.461343 2.019749
v -0.329160 0.453050 1.995000
v -0.335185 0.461343 1.970251
v -0.349732 0.481365 1.960000
v -0.364279 0.501387 1.970251
v -0.445477 0.445477 1.995000
v -0.438229 0.438229 2.019749
v -0.420729 0.420729 2.030000
v -0.403229 0.403229 2.019749
v -0.395980 0.395980 1.995000
v -0.403229 0.403229 1.970251
v -0.420729 0.420729 1.960000
v -0.438229 0.438229 1.970251
v -0.509681 0.370305 1.995000
v -0.501387 0.364279 2.019749
v -0.481365 0.349732 2.030000
v -0.461343 0.335185 2.019749
v -0.453050 0.329160 1.995000
v -0.461343 0.335185 1.970251
v -0.481365 0.349732 1.960000
v -0.501387 0.364279 1.970251
v -0.561334 0.286014 1.995000
v -0.552200 0.281360 2.019749
v -0.530149 0.270124 2.030000
v -0.508098 0.258889 2.019749
v -0.498964 0.254235 1.995000
v -0.508098 0.258889 1.970251
v -0.530149 0.270124 1.960000
v -0.552200 0.281360 1.970251
v -0.599166 0.194681 1.995000
v -0.589416 0.191513 2.019749
v -0.565879 0.183865 2.030000
v -0.542341 0.176217 2.019749
v -0.532592 0.173050 1.995000
v -0.542341 0.176217 1.970251
v -0.565879 0.183865 1.960000
v -0.589416 0.191513 1.970251
v -0.622244 0.098554 1.995000
v -0.612119 0.096950 2.019749
v -0.587675 0.093079 2.030000
v -0.563231 0.089207 2.019749
v -0.553105 0.087603 1.995000
v -0.563231 0.089207 1.970251
v -0.587675 0.093079 1.960000
v -0.612119 0.096950 1.970251
v -0.630000 0.000000 1.995000
v -0.619749 0.000000 2.019749
v -0.595000 0.000000 2.030000
v -0.570251 0.000000 2.019749
v -0.560000 0.000000 1.995000
v -0.570251 0.000000 1.970251
v -0.595000 0.000000 1.960000
v -0.619749 0.000000 1.970251
v -0.622244 -0.098554 1.995000
v -0.612119 -0.096950 2.019749
v -0.587675 -0.093079 2.030000
v -0.563231 -0.089207 2.019749
v -0.553105 -0.087603 1.995000
v -0.563231 -0.089207 1.970251
v -0.587675 -0.093079 1.960000
v -0.612119 -0.096950 1.970251
v -0.599166 -0.194681 1.995000
v -0.589416 -0.191513 2.019749
v -0.565879 -0.183865 2.030000
v -0.542341 -0.176217 2.019749
v -0.532592 -0.173050 1.995000
v -0.542341 -0.176217 1.970251
v -0.565879 -0.183865 1.960000
v -0.589416 -0.191513 1.970251
v -0.561334 -0.286014 1.995000
v -0.552200 -0.281360 2.019749
v -0.530149 -0.270124 2.030000
v -0.508098 -0.258889 2.019749
v -0.498964 -0.254235 1.995000
v -0.508098 -0.258889 1.970251
v -0.530149 -0.270124 1.960000
v -0.552200 -0.281360 1.970251
v -0.509681 -0.370305 1.995000
v -0.501387 -0.364279 2.019749
v -0.481365 -0.349732 2.030000
v -0.461343 -0.335185 2.019749
v -0.453050 -0.329160 1.995000
v -0.461343 -0.335185 1.970251
v -0.481365 -0.349732 1.960000
v -0.501387 -0.364279 1.970251
v -0.445477 -0.445477 1.995000
v -0.438229 -0.438229 2.019749
v -0.420729 -0.420729 2.030000
v -0.403229 -0.403229 2.019749
v -0.395980 -0.395980 1.995000
v -0.403229 -0.403229 1.970251
v -0.420729 -0.420729 1.960000
v -0.438229 -0.438229 1.970251
v -0.370305 -0.509681 1.995000
v -0.364279 -0.501387 2.019749
v -0.349732 -0.481365 2.030000
v -0.335185 -0.461343 2.019749
v -0.329160 -0.453050 1.995000
v -0.335185 -0.461343 1.970251
v -0.349732 -0.481365 1.960000
v -0.364279 -0.501387 1.970251
v -0.286014 -0.561334 1.995000
v -0.281360 -0.552200 2.019749
v -0.270124 -0.530149 2.030000
v -0.258889 -0.508098 2.019749
v -0.254235 -0.498964 1.995000
v -0.258889 -0.508098 1.970251
v -0.270124 -0.530149 1.960000
v -0.281360 -0.552200 1.970251
v -0.194681 -0.599166 1.995000
v -0.191513 -0.589416 2.019749
v -0.183865 -0.565879 2.030000
v -0.176217 -0.542341 2.019749
v -0.173050 -0.532592 1.995000
v -0.176217 -0.542341 1.970251
v -0.183865 -0.565879 1.960000
v -0.191513 -0.589416 1.970251
v -0.098554 -0.622244 1.995000
v -0.096950 -0.612119 2.019749
v -0.093079 -0.587675 2.030000
v -0.089207 -0.563231 2.019749
v -0.087603 -0.553105 1.995000
v -0.089207 -0.563231 1.970251
v -0.093079 -0.587675 1.960000
v -0.096950 -0.612119 1.970251
v -0.000000 -0.630000 1.995000
v -0.000000 -0.619749 2.019749
v -0.000000 -0.595000 2.030000
v -0.000000 -0.570251 2.019749
v -0.000000 -0.560000 1.995000
v -0.000000 -0.570251 1.970251
v -0.000000 -0.595000 1.960000
v -0.000000 -0.619749 1.970251
v 0.098554 -0.622244 1.995000
v 0.096950 -0.612119 2.019749
v 0.093079 -0.587675 2.030000
v 0.089207 -0.563231 2.019749
v 0.087603 -0.553105 1.995000
v 0.089207 -0.563231 1.970251
v 0.093079 -0.587675 1.960000
v 0.096950 -0.612119 1.970251
v 0.194681 -0.599166 1.995000
v 0.191513 -0.589416 2.019749
v 0.183865 -0.565879 2.030000
v 0.176217 -0.542341 2.019749
v 0.173050 -0.532592 1.995000
v 0.176217 -0.542341 1.970251
v 0.183865 -0.565879 1.960000
v 0.191513 -0.589416 1.970251
v 0.286014 -0.561334 1.995000
v 0.281360 -0.552200 2.019749
v 0.270124 -0.530149 2.030000
v 0.258889 -0.508098 2.019749
v 0.254235 -0.498964 1.995000
v 0.258889 -0.508098 1.970251
v 0.270124 -0.530149 1.960000
v 0.281360 -0.552200 1.970251
v 0.370305 -0.509681 1.995000
v 0.364279 -0.501387 2.019749
v 0.349732 -0.481365 2.030000
v 0.335185 -0.461343 2.019749
v 0.329160 -0.453050 1.995000
v 0.335185 -0.461343 1.970251
v 0.349732 -0.481365 1.960000
v 0.364279 -0.501387 1.970251
v 0.445477 -0.445477 1.995000
v 0.438229 -0.438229 2.019749
v 0.420729 -0.420729 2.030000
v 0.403229 -0.403229 2.019749
v 0.395980 -0.395980 1.995000
v 0.403229 -0.403229 1.970251
v 0.420729 -0.420729 1.960000
v 0.438229 -0.438229 1.970251
v 0.509681 -0.370305 1.995000
v 0.501387 -0.364279 2.019749
v 0.481365 -0.349732 2.030000
v 0.461343 -0.335185 2.019749
v 0.453050 -0.329160 1.995000
v 0.461343 -0.335185 1.970251
v 0.481365 -0.349732 1.960000
v 0.501387 -0.364279 1.970251
v 0.561334 -0.286014 1.995000
v 0.552200 -0.281360 2.019749
v 0.530149 -0.270124 2.030000
v 0.508098 -0.258889 2.019749
v 0.498964 -0.254235 1.995000
v 0.508098 -0.258889 1.970251
v 0.530149 -0.270124 1.960000
v 0.552200 -0.281360 1.970251
v 0.599166 -0.194681 1.995000
v 0.589416 -0.191513 2.019749
v 0.565879 -0.183865 2.030000
v 0.542341 -0.176217 2.019749
v 0.532592 -0.173050 1.995000
v 0.542341 -0.176217 1.970251
v 0.565879 -0.183865 1.960000
v 0.589416 -0.191513 1.970251
v 0.622244 -0.098554 1.995000
v 0.612119 -0.096950 2.019749
v 0.587675 -0.093079 2.030000
v 0.563231 -0.089207 2.019749
v 0.553105 -0.087603 1.995000
v 0.563231 -0.089207 1.970251
v 0.587675 -0.093079 1.960000
v 0.612119 -0.096950 1.970251
v 0.000000 0.000000 2.005000
v 0.585000 0.000000 2.005000
v 0.582183 0.057340 2.005000
v 0.573759 0.114128 2.005000
v 0.559810 0.169817 2.005000
v 0.540470 0.223870 2.005000
v 0.515924 0.275767 2.005000
v 0.486410 0.325009 2.005000
v 0.452211 0.371120 2.005000
v 0.413657 0.413657 2.005000
v 0.371120 0.452211 2.005000
v 0.325009 0.486410 2.005000
v 0.275767 0.515924 2.005000
v 0.223870 0.540470 2.005000
v 0.169817 0.559810 2.005000
v 0.114128 0.573759 2.005000
v 0.057340 0.582183 2.005000
v 0.000000 0.585000 2.005000
v -0.057340 0.582183 2.005000
v -0.114128 0.573759 2.005000
v -0.169817 0.559810 2.005000
v -0.223870 0.540470 2.005000
v -0.275767 0.515924 2.005000
v -0.325009 0.486410 2.005000
v -0.371120 0.452211 2.005000
v -0.413657 0.413657 2.005000
v -0.452211 0.371120 2.005000
v -0.486410 0.325009 2.005000
v -0.515924 0.275767 2.005000
v -0.540470 0.223870 2.005000
v -0.559810 0.169817 2.005000
v -0.573759 0.114128 2.005000
v -0.582183 0.057340 2.005000
v -0.585000 0.000000 2.005000
v -0.582183 -0.057340 2.005000
v -0.573759 -0.114128 2.005000
v -0.559810 -0.169817 2.005000
v -0.540470 -0.223870 2.005000
v -0.515924 -0.275767 2.005000
v -0.486410 -0.325009 2.005000
v -0.452211 -0.371120 2.005000
v -0.413657 -0.413657 2.005000
v -0.371120 -0.452211 2.005000
v -0.325009 -0.486410 2.005000
v -0.275767 -0.515924 2.005000
v -0.223870 -0.540470 2.005000
v -0.169817 -0.559810 2.005000
v -0.114128 -0.573759 2.005000
v -0.057340 -0.582183 2.005000
v -0.000000 -0.585000 2.005000
v 0.057340 -0.582183 2.005000
v 0.114128 -0.573759 2.005000
v 0.169817 -0.559810 2.005000
v 0.223870 -0.540470 2.005000
v 0.275767 -0.515924 2.005000
v 0.325009 -0.486410 2.005000
v 0.371120 -0.452211 2.005000
v 0.413657 -0.413657 2.005000
v 0.452211 -0.371120 2.005000
v 0.486410 -0.325009 2.005000
v 0.515924 -0.275767 2.005000
v 0.540470 -0.223870 2.005000
v 0.559810 -0.169817 2.005000
v 0.573759 -0.114128 2.005000
v 0.582183 -0.057340 2.005000
v 0.621396 0.140131 1.835000
v 0.608210 0.189341 1.885000
v 0.621396 0.140131 1.885000
v 0.608210 0.189341 1.835000
v 0.621396 0.140131 1.915000
v 0.608210 0.189341 1.965000
v 0.621396 0.140131 1.965000
v 0.608210 0.189341 1.915000
v 0.563954 0.296185 1.835000
v 0.538480 0.340306 1.885000
v 0.563954 0.296185 1.885000
v 0.538480 0.340306 1.835000
v 0.563954 0.296185 1.915000
v 0.538480 0.340306 1.965000
v 0.563954 0.296185 1.965000
v 0.538480 0.340306 1.915000
v 0.468079 0.432054 1.835000
v 0.432054 0.468079 1.885000
v 0.468079 0.432054 1.885000
v 0.432054 0.468079 1.835000
v 0.468079 0.432054 1.915000
v 0.432054 0.468079 1.965000
v 0.468079 0.432054 1.965000
v 0.432054 0.468079 1.915000
v 0.340306 0.538480 1.835000
v 0.296185 0.563954 1.885000
v 0.340306 0.538480 1.885000
v 0.296185 0.563954 1.835000
v 0.340306 0.538480 1.915000
v 0.296185 0.563954 1.965000
v 0.340306 0.538480 1.965000
v 0.296185 0.563954 1.915000
v 0.189341 0.608210 1.835000
v 0.140131 0.621396 1.885000
v 0.189341 0.608210 1.885000
v 0.140131 0.621396 1.835000
v 0.189341 0.608210 1.915000
v 0.140131 0.621396 1.965000
v 0.189341 0.608210 1.965000
v 0.140131 0.621396 1.915000
v 0.025473 0.636490 1.835000
v -0.025473 0.636490 1.885000
v 0.025473 0.636490 1.885000
v -0.025473 0.636490 1.835000
v 0.025473 0.636490 1.915000
v -0.025473 0.636490 1.965000
v 0.025473 0.636490 1.965000
v -0.025473 0.636490 1.915000
v -0.140131 0.621396 1.835000
v -0.189341 0.608210 1.885000
v -0.140131 0.621396 1.885000
v -0.189341 0.608210 1.835000
v -0.140131 0.621396 1.915000
v -0.189341 0.608210 1.965000
v -0.140131 0.621396 1.965000
v -0.189341 0.608210 1.915000
v -0.296185 0.563954 1.835000
v -0.340306 0.538480 1.885000
v -0.296185 0.563954 1.885000
v -0.340306 0.538480 1.835000
v -0.296185 0.563954 1.915000
v -0.340306 0.538480 1.965000
v -0.296185 0.563954 1.965000
v -0.340306 0.538480 1.915000
v -0.432054 0.468079 1.835000
v -0.468079 0.432054 1.885000
v -0.432054 0.468079 1.885000
v -0.468079 0.432054 1.835000
v -0.432054 0.468079 1.915000
v -0.468079 0.432054 1.965000
v -0.432054 0.468079 1.965000
v -0.468079 0.432054 1.915000
v -0.538480 0.340306 1.835000
v -0.563954 0.296185 1.885000
v -0.538480 0.340306 1.885000
v -0.563954 0.296185 1.835000
v -0.538480 0.340306 1.915000
v -0.563954 0.296185 1.965000
v -0.538480 0.340306 1.965000
v -0.563954 0.296185 1.915000
v -0.608210 0.189341 1.835000
v -0.621396 0.140131 1.885000
v -0.608210 0.189341 1.885000
v -0.621396 0.140131 1.835000
v -0.608210 0.189341 1.915000
v -0.621396 0.140131 1.965000
v -0.608210 0.189341 1.965000
v -0.621396 0.140131 1.915000
v 0.220000 0.000000 2.000000
v 0.215773 0.042920 2.000000
v 0.215773 0.042920 2.100000
v 0.220000 0.000000 2.100000
v 0.203253 0.084190 2.000000
v 0.203253 0.084190 2.100000
v 0.182923 0.122225 2.000000
v 0.182923 0.122225 2.100000
v 0.155563 0.155563 2.000000
v 0.155563 0.155563 2.100000
v 0.122225 0.182923 2.000000
v 0.122225 0.182923 2.100000
v 0.084190 0.203253 2.000000
v 0.084190 0.203253 2.100000
v 0.042920 0.215773 2.000000
v 0.042920 0.215773 2.100000
v 0.000000 0.220000 2.000000
v 0.000000 0.220000 2.100000
v -0.042920 0.215773 2.000000
v -0.042920 0.215773 2.100000
v -0.084190 0.203253 2.000000
v -0.084190 0.203253 2.100000
v -0.122225 0.182923 2.000000
v -0.122225 0.182923 2.100000
v -0.155563 0.155563 2.000000
v -0.155563 0.155563 2.100000
v -0.182923 0.122225 2.000000
v -0.182923 0.122225 2.100000
v -0.203253 0.084190 2.000000
v -0.203253 0.084190 2.100000
v -0.215773 0.042920 2.000000
v -0.215773 0.042920 2.100000
v -0.220000 0.000000 2.000000
v -0.220000 0.000000 2.100000
v -0.215773 -0.042920 2.000000
v -0.215773 -0.042920 2.100000
v -0.203253 -0.084190 2.000000
v -0.203253 -0.084190 2.100000
v -0.182923 -0.122225 2.000000
v -0.182923 -0.122225 2.100000
v -0.155563 -0.155563 2.000000
v -0.155563 -0.155563 2.100000
v -0.122225 -0.182923 2.000000
v -0.122225 -0.182923 2.100000
v -0.084190 -0.203253 2.000000
v -0.084190 -0.203253 2.100000
v -0.042920 -0.215773 2.000000
v -0.042920 -0.215773 2.100000
v -0.000000 -0.220000 2.000000
v -0.000000 -0.220000 2.100000
v 0.042920 -0.215773 2.000000
v 0.042920 -0.215773 2.100000
v 0.084190 -0.203253 2.000000
v 0.084190 -0.203253 2.100000
v 0.122225 -0.182923 2.000000
v 0.122225 -0.182923 2.100000
v 0.155563 -0.155563 2.000000
v 0.155563 -0.155563 2.100000
v 0.182923 -0.122225 2.000000
v 0.182923 -0.122225 2.100000
v 0.203253 -0.084190 2.000000
v 0.203253 -0.084190 2.100000
v 0.215773 -0.042920 2.000000
v 0.215773 -0.042920 2.100000
v 0.000000 0.000000 2.100000
v 0.120000 0.000000 2.100000
v 0.115911 0.031058 2.100000
v 0.115911 0.031058 2.160000
v 0.120000 0.000000 2.160000
v 0.103923 0.060000 2.100000
v 0.103923 0.060000 2.160000
v 0.084853 0.084853 2.100000
v 0.084853 0.084853 2.160000
v 0.060000 0.103923 2.100000
v 0.060000 0.103923 2.160000
v 0.031058 0.115911 2.100000
v 0.031058 0.115911 2.160000
v 0.000000 0.120000 2.100000
v 0.000000 0.120000 2.160000
v -0.031058 0.115911 2.100000
v -0.031058 0.115911 2.160000
v -0.060000 0.103923 2.100000
v -0.060000 0.103923 2.160000
v -0.084853 0.084853 2.100000
v -0.084853 0.084853 2.160000
v -0.103923 0.060000 2.100000
v -0.103923 0.060000 2.160000
v -0.115911 0.031058 2.100000
v -0.115911 0.031058 2.160000
v -0.120000 0.000000 2.100000
v -0.120000 0.000000 2.160000
v -0.115911 -0.031058 2.100000
v -0.115911 -0.031058 2.160000
v -0.103923 -0.060000 2.100000
v -0.103923 -0.060000 2.160000
v -0.084853 -0.084853 2.100000
v -0.084853 -0.084853 2.160000
v -0.060000 -0.103923 2.100000
v -0.060000 -0.103923 2.160000
v -0.031058 -0.115911 2.100000
v -0.031058 -0.115911 2.160000
v -0.000000 -0.120000 2.100000
v -0.000000 -0.120000 2.160000
v 0.031058 -0.115911 2.100000
v 0.031058 -0.115911 2.160000
v 0.060000 -0.103923 2.100000
v 0.060000 -0.103923 2.160000
v 0.084853 -0.084853 2.100000
v 0.084853 -0.084853 2.160000
v 0.103923 -0.060000 2.100000
v 0.103923 -0.060000 2.160000
v 0.115911 -0.031058 2.100000
v 0.115911 -0.031058 2.160000
v 0.000000 0.000000 2.160000
v 0.163000 0.000000 2.105000
v 0.159868 0.031800 2.105000
v 0.154697 0.030771 2.117728
v 0.157728 0.000000 2.117728
v 0.142214 0.028288 2.123000
v 0.145000 0.000000 2.123000
v 0.129731 0.025805 2.117728
v 0.132272 0.000000 2.117728
v 0.124560 0.024776 2.105000
v 0.127000 0.000000 2.105000
v 0.129731 0.025805 2.092272
v 0.132272 0.000000 2.092272
v 0.142214 0.028288 2.087000
v 0.145000 0.000000 2.087000
v 0.154697 0.030771 2.092272
v 0.157728 0.000000 2.092272
v 0.150592 0.062377 2.105000
v 0.145722 0.060360 2.117728
v 0.133963 0.055489 2.123000
v 0.122203 0.050618 2.117728
v 0.117333 0.048601 2.105000
v 0.122203 0.050618 2.092272
v 0.133963 0.055489 2.087000
v 0.145722 0.060360 2.092272
v 0.135530 0.090558 2.105000
v 0.131146 0.087629 2.117728
v 0.120563 0.080558 2.123000
v 0.109980 0.073486 2.117728
v 0.105597 0.070557 2.105000
v 0.109980 0.073486 2.092272
v 0.120563 0.080558 2.087000
v 0.131146 0.087629 2.092272
v 0.115258 0.115258 2.105000
v 0.111530 0.111530 2.117728
v 0.102530 0.102530 2.123000
v 0.093530 0.093530 2.117728
v 0.089803 0.089803 2.105000
v 0.093530 0.093530 2.092272
v 0.102530 0.102530 2.087000
v 0.111530 0.111530 2.092272
v 0.090558 0.135530 2.105000
v 0.087629 0.131146 2.117728
v 0.080558 0.120563 2.123000
v 0.073486 0.109980 2.117728
v 0.070557 0.105597 2.105000
v 0.073486 0.109980 2.092272
v 0.080558 0.120563 2.087000
v 0.087629 0.131146 2.092272
v 0.062377 0.150592 2.105000
v 0.060360 0.145722 2.117728
v 0.055489 0.133963 2.123000
v 0.050618 0.122203 2.117728
v 0.048601 0.117333 2.105000
v 0.050618 0.122203 2.092272
v 0.055489 0.133963 2.087000
v 0.060360 0.145722 2.092272
v 0.031800 0.159868 2.105000
v 0.030771 0.154697 2.117728
v 0.028288 0.142214 2.123000
v 0.025805 0.129731 2.117728
v 0.024776 0.124560 2.105000
v 0.025805 0.129731 2.092272
v 0.028288 0.142214 2.087000
v 0.030771 0.154697 2.092272
v 0.000000 0.163000 2.105000
v 0.000000 0.157728 2.117728
v 0.000000 0.145000 2.123000
v 0.000000 0.132272 2.117728
v 0.000000 0.127000 2.105000
v 0.000000 0.132272 2.092272
v 0.000000 0.145000 2.087000
v 0.000000 0.157728 2.092272
v -0.031800 0.159868 2.105000
v -0.030771 0.154697 2.117728
v -0.028288 0.142214 2.123000
v -0.025805 0.129731 2.117728
v -0.024776 0.124560 2.105000
v -0.025805 0.129731 2.092272
v -0.028288 0.142214 2.087000
v -0.030771 0.154697 2.092272
v -0.062377 0.150592 2.105000
v -0.060360 0.145722 2.117728
v -0.055489 0.133963 2.123000
v -0.050618 0.122203 2.117728
v -0.048601 0.117333 2.105000
v -0.050618 0.122203 2.092272
v -0.055489 0.133963 2.087000
v -0.060360 0.145722 2.092272
v -0.090558 0.135530 2.105000
v -0.087629 0.131146 2.117728
v -0.080558 0.120563 2.123000
v -0.073486 0.109980 2.117728
v -0.070557 0.105597 2.105000
v -0.073486 0.109980 2.092272
v -0.080558 0.120563 2.087000
v -0.087629 0.131146 2.092272
v -0.115258 0.115258 2.105000
v -0.111530 0.111530 2.117728
v -0.102530 0.102530 2.123000
v -0.093530 0.093530 2.117728
v -0.089803 0.089803 2.105000
v -0.093530 0.093530 2.092272
v -0.102530 0.102530 2.087000
v -0.111530 0.111530 2.092272
v -0.135530 0.090558 2.105000
v -0.131146 0.087629 2.117728
v -0.120563 0.080558 2.123000
v -0.109980 0.073486 2.117728
v -0.105597 0.070557 2.105000
v -0.109980 0.073486 2.092272
v -0.120563 0.080558 2.087000
v -0.131146 0.087629 2.092272
v -0.150592 0.062377 2.105000
v -0.145722 0.060360 2.117728
v -0.133963 0.055489 2.123000
v -0.122203 0.050618 2.117728
v -0.117333 0.048601 2.105000
v -0.122203 0.050618 2.092272
v -0.133963 0.055489 2.087000
v -0.145722 0.060360 2.092272
v -0.159868 0.031800 2.105000
v -0.154697 0.030771 2.117728
v -0.142214 0.028288 2.123000
v -0.129731 0.025805 2.117728
v -0.124560 0.024776 2.105000
v -0.129731 0.025805 2.092272
v -0.142214 0.028288 2.087000
v -0.154697 0.030771 2.092272
v -0.163000 0.000000 2.105000
v -0.157728 0.000000 2.117728
v -0.145000 0.000000 2.123000
v -0.132272 0.000000 2.117728
v -0.127000 0.000000 2.105000
v -0.132272 0.000000 2.092272
v -0.145000 0.000000 2.087000
v -0.157728 0.000000 2.092272
v -0.159868 -0.031800 2.105000
v -0.154697 -0.030771 2.117728
v -0.142214 -0.028288 2.123000
v -0.129731 -0.025805 2.117728
v -0.124560 -0.024776 2.105000
v -0.129731 -0.025805 2.092272
v -0.142214 -0.028288 2.087000
v -0.154697 -0.030771 2.092272
v -0.150592 -0.062377 2.105000
v -0.145722 -0.060360 2.117728
v -0.133963 -0.055489 2.123000
v -0.122203 -0.050618 2.117728
v -0.117333 -0.048601 2.105000
v -0.122203 -0.050618 2.092272
v -0.133963 -0.055489 2.087000
v -0.145722 -0.060360 2.092272
v -0.135530 -0.090558 2.105000
v -0.131146 -0.087629 2.117728
v -0.120563 -0.080558 2.123000
v -0.109980 -0.073486 2.117728
v -0.105597 -0.070557 2.105000
v -0.109980 -0.073486 2.092272
v -0.120563 -0.080558 2.087000
v -0.131146 -0.087629 2.092272
v -0.115258 -0.115258 2.105000
v -0.111530 -0.111530 2.117728
v -0.102530 -0.102530 2.123000
v -0.093530 -0.093530 2.117728
v -0.089803 -0.089803 2.105000
v -0.093530 -0.093530 2.092272
v -0.102530 -0.102530 2.087000
v -0.111530 -0.111530 2.092272
v -0.090558 -0.135530 2.105000
v -0.087629 -0.131146 2.117728
v -0.080558 -0.120563 2.123000
v -0.073486 -0.109980 2.117728
v -0.070557 -0.105597 2.105000
v -0.073486 -0.109980 2.092272
v -0.080558 -0.120563 2.087000
v -0.087629 -0.131146 2.092272
v -0.062377 -0.150592 2.105000
v -0.060360 -0.145722 2.117728
v -0.055489 -0.133963 2.123000
v -0.050618 -0.122203 2.117728
v -0.048601 -0.117333 2.105000
v -0.050618 -0.122203 2.092272
v -0.055489 -0.133963 2.087000
v -0.060360 -0.145722 2.092272
v -0.031800 -0.159868 2.105000
v -0.030771 -0.154697 2.117728
v -0.028288 -0.142214 2.123000
v -0.025805 -0.129731 2.117728
v -0.024776 -0.124560 2.105000
v -0.025805 -0.129731 2.092272
v -0.028288 -0.142214 2.087000
v -0.030771 -0.154697 2.092272
v -0.000000 -0.163000 2.105000
v -0.000000 -0.157728 2.117728
v -0.000000 -0.145000 2.123000
v -0.000000 -0.132272 2.117728
v -0.000000 -0.127000 2.105000
v -0.000000 -0.132272 2.092272
v -0.000000 -0.145000 2.087000
v -0.000000 -0.157728 2.092272
v 0.031800 -0.159868 2.105000
v 0.030771 -0.154697 2.117728
v 0.028288 -0.142214 2.123000
v 0.025805 -0.129731 2.117728
v 0.024776 -0.124560 2.105000
v 0.025805 -0.129731 2.092272
v 0.028288 -0.142214 2.087000
v 0.030771 -0.154697 2.092272
v 0.062377 -0.150592 2.105000
v 0.060360 -0.145722 2.117728
v 0.055489 -0.133963 2.123000
v 0.050618 -0.122203 2.117728
v 0.048601 -0.117333 2.105000
v 0.050618 -0.122203 2.092272
v 0.055489 -0.133963 2.087000
v 0.060360 -0.145722 2.092272
v 0.090558 -0.135530 2.105000
v 0.087629 -0.131146 2.117728
v 0.080558 -0.120563 2.123000
v 0.073486 -0.109980 2.117728
v 0.070557 -0.105597 2.105000
v 0.073486 -0.109980 2.092272
v 0.080558 -0.120563 2.087000
v 0.087629 -0.131146 2.092272
v 0.115258 -0.115258 2.105000
v 0.111530 -0.111530 2.117728
v 0.102530 -0.102530 2.123000
v 0.093530 -0.093530 2.117728
v 0.089803 -0.089803 2.105000
v 0.093530 -0.093530 2.092272
v 0.102530 -0.102530 2.087000
v 0.111530 -0.111530 2.092272
v 0.135530 -0.090558 2.105000
v 0.131146 -0.087629 2.117728
v 0.120563 -0.080558 2.123000
v 0.109980 -0.073486 2.117728
v 0.105597 -0.070557 2.105000
v 0.109980 -0.073486 2.092272
v 0.120563 -0.080558 2.087000
v 0.131146 -0.087629 2.092272
v 0.150592 -0.062377 2.105000
v 0.145722 -0.060360 2.117728
v 0.133963 -0.055489 2.123000
v 0.122203 -0.050618 2.117728
v 0.117333 -0.048601 2.105000
v 0.122203 -0.050618 2.092272
v 0.133963 -0.055489 2.087000
v 0.145722 -0.060360 2.092272
v 0.159868 -0.031800 2.105000
v 0.154697 -0.030771 2.117728
v 0.142214 -0.028288 2.123000
v 0.129731 -0.025805 2.117728
v 0.124560 -0.024776 2.105000
v 0.129731 -0.025805 2.092272
v 0.142214 -0.028288 2.087000
v 0.154697 -0.030771 2.092272
v -0.540000 0.680000 -1.020000
v -0.760000 1.000000 -1.260000
v 0.760000 1.000000 -1.260000
v 0.540000 0.680000 -1.020000
v 0.540000 0.701000 -0.992000
v 0.760000 1.021000 -1.232000
v -0.760000 1.021000 -1.232000
v -0.540000 0.701000 -0.992000
v -0.730000 -0.720000 -1.020000
v -1.020000 -1.120000 -1.270000
v 1.020000 -1.120000 -1.270000
v 0.730000 -0.720000 -1.020000
v 0.730000 -0.698800 -1.053920
v 1.020000 -1.098800 -1.303920
v -1.020000 -1.098800 -1.303920
v -0.730000 -0.698800 -1.053920
v -0.660000 0.380000 -1.020000
v -1.180000 0.580000 -1.270000
v -1.480000 -0.320000 -1.380000
v -0.770000 -0.390000 -1.080000
v -0.755176 -0.391068 -1.111688
v -1.465176 -0.321068 -1.411688
v -1.165176 0.578932 -1.301688
v -0.645176 0.378932 -1.051688
v 0.660000 0.380000 -1.020000
v 0.770000 -0.390000 -1.080000
v 1.480000 -0.320000 -1.380000
v 1.180000 0.580000 -1.270000
v 1.166332 0.580558 -1.302216
v 1.466332 -0.319442 -1.412216
v 0.756332 -0.389442 -1.112216
v 0.646332 0.380558 -1.052216
v -0.550000 0.735000 -1.020000
v -0.550000 0.730813 -0.998952
v -0.410000 0.730813 -0.998952
v -0.410000 0.735000 -1.020000
v -0.550000 0.718891 -0.981109
v -0.410000 0.718891 -0.981109
v -0.550000 0.701048 -0.969187
v -0.410000 0.701048 -0.969187
v -0.550000 0.680000 -0.965000
v -0.410000 0.680000 -0.965000
v -0.550000 0.658952 -0.969187
v -0.410000 0.658952 -0.969187
v -0.550000 0.641109 -0.981109
v -0.410000 0.641109 -0.981109
v -0.550000 0.629187 -0.998952
v -0.410000 0.629187 -0.998952
v -0.550000 0.625000 -1.020000
v -0.410000 0.625000 -1.020000
v -0.550000 0.629187 -1.041048
v -0.410000 0.629187 -1.041048
v -0.550000 0.641109 -1.058891
v -0.410000 0.641109 -1.058891
v -0.550000 0.658952 -1.070813
v -0.410000 0.658952 -1.070813
v -0.550000 0.680000 -1.075000
v -0.410000 0.680000 -1.075000
v -0.550000 0.701048 -1.070813
v -0.410000 0.701048 -1.070813
v -0.550000 0.718891 -1.058891
v -0.410000 0.718891 -1.058891
v -0.550000 0.730813 -1.041048
v -0.410000 0.730813 -1.041048
v -0.550000 0.680000 -1.020000
v -0.410000 0.680000 -1.020000
v -0.570000 0.705000 -1.020000
v -0.570000 0.703097 -1.010433
v -0.390000 0.703097 -1.010433
v -0.390000 0.705000 -1.020000
v -0.570000 0.697678 -1.002322
v -0.390000 0.697678 -1.002322
v -0.570000 0.689567 -0.996903
v -0.390000 0.689567 -0.996903
v -0.570000 0.680000 -0.995000
v -0.390000 0.680000 -0.995000
v -0.570000 0.670433 -0.996903
v -0.390000 0.670433 -0.996903
v -0.570000 0.662322 -1.002322
v -0.390000 0.662322 -1.002322
v -0.570000 0.656903 -1.010433
v -0.390000 0.656903 -1.010433
v -0.570000 0.655000 -1.020000
v -0.390000 0.655000 -1.020000
v -0.570000 0.656903 -1.029567
v -0.390000 0.656903 -1.029567
v -0.570000 0.662322 -1.037678
v -0.390000 0.662322 -1.037678
v -0.570000 0.670433 -1.043097
v -0.390000 0.670433 -1.043097
v -0.570000 0.680000 -1.045000
v -0.390000 0.680000 -1.045000
v -0.570000 0.689567 -1.043097
v -0.390000 0.689567 -1.043097
v -0.570000 0.697678 -1.037678
v -0.390000 0.697678 -1.037678
v -0.570000 0.703097 -1.029567
v -0.390000 0.703097 -1.029567
v -0.570000 0.680000 -1.020000
v -0.390000 0.680000 -1.020000
v 0.410000 0.735000 -1.020000
v 0.410000 0.730813 -0.998952
v 0.550000 0.730813 -0.998952
v 0.550000 0.735000 -1.020000
v 0.410000 0.718891 -0.981109
v 0.550000 0.718891 -0.981109
v 0.410000 0.701048 -0.969187
v 0.550000 0.701048 -0.969187
v 0.410000 0.680000 -0.965000
v 0.550000 0.680000 -0.965000
v 0.410000 0.658952 -0.969187
v 0.550000 0.658952 -0.969187
v 0.410000 0.641109 -0.981109
v 0.550000 0.641109 -0.981109
v 0.410000 0.629187 -0.998952
v 0.550000 0.629187 -0.998952
v 0.410000 0.625000 -1.020000
v 0.550000 0.625000 -1.020000
v 0.410000 0.629187 -1.041048
v 0.550000 0.629187 -1.041048
v 0.410000 0.641109 -1.058891
v 0.550000 0.641109 -1.058891
v 0.410000 0.658952 -1.070813
v 0.550000 0.658952 -1.070813
v 0.410000 0.680000 -1.075000
v 0.550000 0.680000 -1.075000
v 0.410000 0.701048 -1.070813
v 0.550000 0.701048 -1.070813
v 0.410000 0.718891 -1.058891
v 0.550000 0.718891 -1.058891
v 0.410000 0.730813 -1.041048
v 0.550000 0.730813 -1.041048
v 0.410000 0.680000 -1.020000
v 0.550000 0.680000 -1.020000
v 0.390000 0.705000 -1.020000
v 0.390000 0.703097 -1.010433
v 0.570000 0.703097 -1.010433
v 0.570000 0.705000 -1.020000
v 0.390000 0.697678 -1.002322
v 0.570000 0.697678 -1.002322
v 0.390000 0.689567 -0.996903
v 0.570000 0.689567 -0.996903
v 0.390000 0.680000 -0.995000
v 0.570000 0.680000 -0.995000
v 0.390000 0.670433 -0.996903
v 0.570000 0.670433 -0.996903
v 0.390000 0.662322 -1.002322
v 0.570000 0.662322 -1.002322
v 0.390000 0.656903 -1.010433
v 0.570000 0.656903 -1.010433
v 0.390000 0.655000 -1.020000
v 0.570000 0.655000 -1.020000
v 0.390000 0.656903 -1.029567
v 0.570000 0.656903 -1.029567
v 0.390000 0.662322 -1.037678
v 0.570000 0.662322 -1.037678
v 0.390000 0.670433 -1.043097
v 0.570000 0.670433 -1.043097
v 0.390000 0.680000 -1.045000
v 0.570000 0.680000 -1.045000
v 0.390000 0.689567 -1.043097
v 0.570000 0.689567 -1.043097
v 0.390000 0.697678 -1.037678
v 0.570000 0.697678 -1.037678
v 0.390000 0.703097 -1.029567
v 0.570000 0.703097 -1.029567
v 0.390000 0.680000 -1.020000
v 0.570000 0.680000 -1.020000
v -1.165000 -0.100000 0.340000
v -1.143037 0.043636 0.407595
v -1.165000 0.043636 0.340000
v -1.143037 -0.100000 0.407595
v -1.085537 0.043636 0.449371
v -1.085537 -0.100000 0.449371
v -1.014463 0.043636 0.449371
v -1.014463 -0.100000 0.449371
v -0.956963 0.043636 0.407595
v -0.956963 -0.100000 0.407595
v -0.935000 0.043636 0.340000
v -0.935000 -0.100000 0.340000
v -0.956963 0.043636 0.272405
v -0.956963 -0.100000 0.272405
v -1.014463 0.043636 0.230629
v -1.014463 -0.100000 0.230629
v -1.085537 0.043636 0.230629
v -1.085537 -0.100000 0.230629
v -1.143037 0.043636 0.272405
v -1.143037 -0.100000 0.272405
v -1.143037 0.187273 0.407595
v -1.165000 0.187273 0.340000
v -1.085537 0.187273 0.449371
v -1.014463 0.187273 0.449371
v -0.956963 0.187273 0.407595
v -0.935000 0.187273 0.340000
v -0.956963 0.187273 0.272405
v -1.014463 0.187273 0.230629
v -1.085537 0.187273 0.230629
v -1.143037 0.187273 0.272405
v -1.143037 0.330909 0.407595
v -1.165000 0.330909 0.340000
v -1.085537 0.330909 0.449371
v -1.014463 0.330909 0.449371
v -0.956963 0.330909 0.407595
v -0.935000 0.330909 0.340000
v -0.956963 0.330909 0.272405
v -1.014463 0.330909 0.230629
v -1.085537 0.330909 0.230629
v -1.143037 0.330909 0.272405
v -1.143037 0.474545 0.407595
v -1.165000 0.474545 0.340000
v -1.085537 0.474545 0.449371
v -1.014463 0.474545 0.449371
v -0.956963 0.474545 0.407595
v -0.935000 0.474545 0.340000
v -0.956963 0.474545 0.272405
v -1.014463 0.474545 0.230629
v -1.085537 0.474545 0.230629
v -1.143037 0.474545 0.272405
v -1.143037 0.618182 0.407595
v -1.165000 0.618182 0.340000
v -1.085537 0.618182 0.449371
v -1.014463 0.618182 0.449371
v -0.956963 0.618182 0.407595
v -0.935000 0.618182 0.340000
v -0.956963 0.618182 0.272405
v -1.014463 0.618182 0.230629
v -1.085537 0.618182 0.230629
v -1.143037 0.618182 0.272405
v -1.143037 0.761818 0.407595
v -1.165000 0.761818 0.340000
v -1.085537 0.761818 0.449371
v -1.014463 0.761818 0.449371
v -0.956963 0.761818 0.407595
v -0.935000 0.761818 0.340000
v -0.956963 0.761818 0.272405
v -1.014463 0.761818 0.230629
v -1.085537 0.761818 0.230629
v -1.143037 0.761818 0.272405
v -1.143037 0.905455 0.407595
v -1.165000 0.905455 0.340000
v -1.085537 0.905455 0.449371
v -1.014463 0.905455 0.449371
v -0.956963 0.905455 0.407595
v -0.935000 0.905455 0.340000
v -0.956963 0.905455 0.272405
v -1.014463 0.905455 0.230629
v -1.085537 0.905455 0.230629
v -1.143037 0.905455 0.272405
v -1.143037 1.049091 0.407595
v -1.165000 1.049091 0.340000
v -1.085537 1.049091 0.449371
v -1.014463 1.049091 0.449371
v -0.956963 1.049091 0.407595
v -0.935000 1.049091 0.340000
v -0.956963 1.049091 0.272405
v -1.014463 1.049091 0.230629
v -1.085537 1.049091 0.230629
v -1.143037 1.049091 0.272405
v -1.143037 1.192727 0.407595
v -1.165000 1.192727 0.340000
v -1.085537 1.192727 0.449371
v -1.014463 1.192727 0.449371
v -0.956963 1.192727 0.407595
v -0.935000 1.192727 0.340000
v -0.956963 1.192727 0.272405
v -1.014463 1.192727 0.230629
v -1.085537 1.192727 0.230629
v -1.143037 1.192727 0.272405
v -1.143037 1.336364 0.407595
v -1.165000 1.336364 0.340000
v -1.085537 1.336364 0.449371
v -1.014463 1.336364 0.449371
v -0.956963 1.336364 0.407595
v -0.935000 1.336364 0.340000
v -0.956963 1.336364 0.272405
v -1.014463 1.336364 0.230629
v -1.085537 1.336364 0.230629
v -1.143037 1.336364 0.272405
v -1.143013 1.482111 0.407595
v -1.164970 1.482610 0.340000
v -1.085528 1.480806 0.449371
v -1.014472 1.479194 0.449371
v -0.956987 1.477889 0.407595
v -0.935030 1.477390 0.340000
v -0.956987 1.477889 0.272405
v -1.014472 1.479194 0.230629
v -1.085528 1.480806 0.230629
v -1.143013 1.482111 0.272405
v -1.136775 1.599480 0.407595
v -1.158618 1.601776 0.340000
v -1.079590 1.593470 0.449371
v -1.008906 1.586040 0.449371
v -0.951721 1.580030 0.407595
v -0.929878 1.577734 0.340000
v -0.951721 1.580030 0.272405
v -1.008906 1.586040 0.230629
v -1.079590 1.593470 0.230629
v -1.136775 1.599480 0.272405
v -1.118059 1.717651 0.407595
v -1.139542 1.722217 0.340000
v -1.061815 1.705696 0.449371
v -0.992295 1.690919 0.449371
v -0.936051 1.678964 0.407595
v -0.914568 1.674397 0.340000
v -0.936051 1.678964 0.272405
v -0.992295 1.690919 0.230629
v -1.061815 1.705696 0.230629
v -1.118059 1.717651 0.272405
v -1.087093 1.833218 0.407595
v -1.107981 1.840005 0.340000
v -1.032407 1.815449 0.449371
v -0.964812 1.793486 0.449371
v -0.910126 1.775718 0.407595
v -0.889238 1.768931 0.340000
v -0.910126 1.775718 0.272405
v -0.964812 1.793486 0.230629
v -1.032407 1.815449 0.230629
v -1.087093 1.833218 0.272405
v -1.044216 1.944915 0.407595
v -1.064280 1.953848 0.340000
v -0.991687 1.921528 0.449371
v -0.926758 1.892619 0.449371
v -0.874229 1.869232 0.407595
v -0.854165 1.860299 0.340000
v -0.874229 1.869232 0.272405
v -0.926758 1.892619 0.230629
v -0.991687 1.921528 0.230629
v -1.044216 1.944915 0.272405
v -0.989899 2.051518 0.407595
v -1.008920 2.062500 0.340000
v -0.940103 2.022768 0.449371
v -0.878551 1.987232 0.449371
v -0.828754 1.958482 0.407595
v -0.809734 1.947500 0.340000
v -0.828754 1.958482 0.272405
v -0.878551 1.987232 0.230629
v -0.940103 2.022768 0.230629
v -0.989899 2.051518 0.272405
v -0.924736 2.151860 0.407595
v -0.942505 2.164770 0.340000
v -0.878218 2.118063 0.449371
v -0.820718 2.076286 0.449371
v -0.774199 2.042489 0.407595
v -0.756431 2.029579 0.340000
v -0.774199 2.042489 0.272405
v -0.820718 2.076286 0.230629
v -0.878218 2.118063 0.230629
v -0.924736 2.151860 0.272405
v -0.849442 2.244841 0.407595
v -0.865764 2.259537 0.340000
v -0.806711 2.206366 0.449371
v -0.753893 2.158808 0.449371
v -0.711162 2.120333 0.407595
v -0.694840 2.105637 0.340000
v -0.711162 2.120333 0.272405
v -0.753893 2.158808 0.230629
v -0.806711 2.206366 0.230629
v -0.849442 2.244841 0.272405
v -0.764841 2.329442 0.407595
v -0.779537 2.345764 0.340000
v -0.726366 2.286711 0.449371
v -0.678808 2.233893 0.449371
v -0.640333 2.191162 0.407595
v -0.625637 2.174840 0.340000
v -0.640333 2.191162 0.272405
v -0.678808 2.233893 0.230629
v -0.726366 2.286711 0.230629
v -0.764841 2.329442 0.272405
v -0.671860 2.404736 0.407595
v -0.684770 2.422505 0.340000
v -0.638063 2.358218 0.449371
v -0.596286 2.300718 0.449371
v -0.562489 2.254199 0.407595
v -0.549579 2.236431 0.340000
v -0.562489 2.254199 0.272405
v -0.596286 2.300718 0.230629
v -0.638063 2.358218 0.230629
v -0.671860 2.404736 0.272405
v -0.571518 2.469899 0.407595
v -0.582500 2.488920 0.340000
v -0.542768 2.420103 0.449371
v -0.507232 2.358551 0.449371
v -0.478482 2.308754 0.407595
v -0.467500 2.289734 0.340000
v -0.478482 2.308754 0.272405
v -0.507232 2.358551 0.230629
v -0.542768 2.420103 0.230629
v -0.571518 2.469899 0.272405
v -0.464915 2.524216 0.407595
v -0.473848 2.544280 0.340000
v -0.441528 2.471687 0.449371
v -0.412619 2.406758 0.449371
v -0.389232 2.354229 0.407595
v -0.380299 2.334165 0.340000
v -0.389232 2.354229 0.272405
v -0.412619 2.406758 0.230629
v -0.441528 2.471687 0.230629
v -0.464915 2.524216 0.272405
v -0.353218 2.567093 0.407595
v -0.360005 2.587981 0.340000
v -0.335449 2.512407 0.449371
v -0.313486 2.444812 0.449371
v -0.295718 2.390126 0.407595
v -0.288931 2.369238 0.340000
v -0.295718 2.390126 0.272405
v -0.313486 2.444812 0.230629
v -0.335449 2.512407 0.230629
v -0.353218 2.567093 0.272405
v -0.237651 2.598059 0.407595
v -0.242217 2.619542 0.340000
v -0.225696 2.541815 0.449371
v -0.210919 2.472295 0.449371
v -0.198964 2.416051 0.407595
v -0.194397 2.394568 0.340000
v -0.198964 2.416051 0.272405
v -0.210919 2.472295 0.230629
v -0.225696 2.541815 0.230629
v -0.237651 2.598059 0.272405
v -0.119480 2.616775 0.407595
v -0.121776 2.638618 0.340000
v -0.113470 2.559590 0.449371
v -0.106040 2.488906 0.449371
v -0.100030 2.431721 0.407595
v -0.097734 2.409878 0.340000
v -0.100030 2.431721 0.272405
v -0.106040 2.488906 0.230629
v -0.113470 2.559590 0.230629
v -0.119480 2.616775 0.272405
v 0.000000 2.623037 0.407595
v 0.000000 2.645000 0.340000
v 0.000000 2.565537 0.449371
v 0.000000 2.494463 0.449371
v 0.000000 2.436963 0.407595
v 0.000000 2.415000 0.340000
v 0.000000 2.436963 0.272405
v 0.000000 2.494463 0.230629
v 0.000000 2.565537 0.230629
v 0.000000 2.623037 0.272405
v 0.119480 2.616775 0.407595
v 0.121776 2.638618 0.340000
v 0.113470 2.559590 0.449371
v 0.106040 2.488906 0.449371
v 0.100030 2.431721 0.407595
v 0.097734 2.409878 0.340000
v 0.100030 2.431721 0.272405
v 0.106040 2.488906 0.230629
v 0.113470 2.559590 0.230629
v 0.119480 2.616775 0.272405
v 0.237651 2.598059 0.407595
v 0.242217 2.619542 0.340000
v 0.225696 2.541815 0.449371
v 0.210919 2.472295 0.449371
v 0.198964 2.416051 0.407595
v 0.194397 2.394568 0.340000
v 0.198964 2.416051 0.272405
v 0.210919 2.472295 0.230629
v 0.225696 2.541815 0.230629
v 0.237651 2.598059 0.272405
v 0.353218 2.567093 0.407595
v 0.360005 2.587981 0.340000
v 0.335449 2.512407 0.449371
v 0.313486 2.444812 0.449371
v 0.295718 2.390126 0.407595
v 0.288931 2.369238 0.340000
v 0.295718 2.390126 0.272405
v 0.313486 2.444812 0.230629
v 0.335449 2.512407 0.230629
v 0.353218 2.567093 0.272405
v 0.464915 2.524216 0.407595
v 0.473848 2.544280 0.340000
v 0.441528 2.471687 0.449371
v 0.412619 2.406758 0.449371
v 0.389232 2.354229 0.407595
v 0.380299 2.334165 0.340000
v 0.389232 2.354229 0.272405
v 0.412619 2.406758 0.230629
v 0.441528 2.471687 0.230629
v 0.464915 2.524216 0.272405
v 0.571518 2.469899 0.407595
v 0.582500 2.488920 0.340000
v 0.542768 2.420103 0.449371
v 0.507232 2.358551 0.449371
v 0.478482 2.308754 0.407595
v 0.467500 2.289734 0.340000
v 0.478482 2.308754 0.272405
v 0.507232 2.358551 0.230629
v 0.542768 2.420103 0.230629
v 0.571518 2.469899 0.272405
v 0.671860 2.404736 0.407595
v 0.684770 2.422505 0.340000
v 0.638063 2.358218 0.449371
v 0.596286 2.300718 0.449371
v 0.562489 2.254199 0.407595
v 0.549579 2.236431 0.340000
v 0.562489 2.254199 0.272405
v 0.596286 2.300718 0.230629
v 0.638063 2.358218 0.230629
v 0.671860 2.404736 0.272405
v 0.764841 2.329442 0.407595
v 0.779537 2.345764 0.340000
v 0.726366 2.286711 0.449371
v 0.678808 2.233893 0.449371
v 0.640333 2.191162 0.407595
v 0.625637 2.174840 0.340000
v 0.640333 2.191162 0.272405
v 0.678808 2.233893 0.230629
v 0.726366 2.286711 0.230629
v 0.764841 2.329442 0.272405
v 0.849442 2.244841 0.407595
v 0.865764 2.259537 0.340000
v 0.806711 2.206366 0.449371
v 0.753893 2.158808 0.449371
v 0.711162 2.120333 0.407595
v 0.694840 2.105637 0.340000
v 0.711162 2.120333 0.272405
v 0.753893 2.158808 0.230629
v 0.806711 2.206366 0.230629
v 0.849442 2.244841 0.272405
v 0.924736 2.151860 0.407595
v 0.942505 2.164770 0.340000
v 0.878218 2.118063 0.449371
v 0.820718 2.076286 0.449371
v 0.774199 2.042489 0.407595
v 0.756431 2.029579 0.340000
v 0.774199 2.042489 0.272405
v 0.820718 2.076286 0.230629
v 0.878218 2.118063 0.230629
v 0.924736 2.151860 0.272405
v 0.989899 2.051518 0.407595
v 1.008920 2.062500 0.340000
v 0.940103 2.022768 0.449371
v 0.878551 1.987232 0.449371
v 0.828754 1.958482 0.407595
v 0.809734 1.947500 0.340000
v 0.828754 1.958482 0.272405
v 0.878551 1.987232 0.230629
v 0.940103 2.022768 0.230629
v 0.989899 2.051518 0.272405
v 1.044216 1.944915 0.407595
v 1.064280 1.953848 0.340000
v 0.991687 1.921528 0.449371
v 0.926758 1.892619 0.449371
v 0.874229 1.869232 0.407595
v 0.854165 1.860299 0.340000
v 0.874229 1.869232 0.272405
v 0.926758 1.892619 0.230629
v 0.991687 1.921528 0.230629
v 1.044216 1.944915 0.272405
v 1.087093 1.833218 0.407595
v 1.107981 1.840005 0.340000
v 1.032407 1.815449 0.449371
v 0.964812 1.793486 0.449371
v 0.910126 1.775718 0.407595
v 0.889238 1.768931 0.340000
v 0.910126 1.775718 0.272405
v 0.964812 1.793486 0.230629
v 1.032407 1.815449 0.230629
v 1.087093 1.833218 0.272405
v 1.118059 1.717651 0.407595
v 1.139542 1.722217 0.340000
v 1.061815 1.705696 0.449371
v 0.992295 1.690919 0.449371
v 0.936051 1.678964 0.407595
v 0.914568 1.674397 0.340000
v 0.936051 1.678964 0.272405
v 0.992295 1.690919 0.230629
v 1.061815 1.705696 0.230629
v 1.118059 1.717651 0.272405
v 1.136775 1.599480 0.407595
v 1.158618 1.601776 0.340000
v 1.079590 1.593470 0.449371
v 1.008906 1.586040 0.449371
v 0.951721 1.580030 0.407595
v 0.929878 1.577734 0.340000
v 0.951721 1.580030 0.272405
v 1.008906 1.586040 0.230629
v 1.079590 1.593470 0.230629
v 1.136775 1.599480 0.272405
v 1.143013 1.482111 0.407595
v 1.164970 1.482610 0.340000
v 1.085528 1.480806 0.449371
v 1.014472 1.479194 0.449371
v 0.956987 1.477889 0.407595
v 0.935030 1.477390 0.340000
v 0.956987 1.477889 0.272405
v 1.014472 1.479194 0.230629
v 1.085528 1.480806 0.230629
v 1.143013 1.482111 0.272405
v 1.143037 1.336364 0.407595
v 1.165000 1.336364 0.340000
v 1.085537 1.336364 0.449371
v 1.014463 1.336364 0.449371
v 0.956963 1.336364 0.407595
v 0.935000 1.336364 0.340000
v 0.956963 1.336364 0.272405
v 1.014463 1.336364 0.230629
v 1.085537 1.336364 0.230629
v 1.143037 1.336364 0.272405
v 1.143037 1.192727 0.407595
v 1.165000 1.192727 0.340000
v 1.085537 1.192727 0.449371
v 1.014463 1.192727 0.449371
v 0.956963 1.192727 0.407595
v 0.935000 1.192727 0.340000
v 0.956963 1.192727 0.272405
v 1.014463 1.192727 0.230629
v 1.085537 1.192727 0.230629
v 1.143037 1.192727 0.272405
v 1.143037 1.049091 0.407595
v 1.165000 1.049091 0.340000
v 1.085537 1.049091 0.449371
v 1.014463 1.049091 0.449371
v 0.956963 1.049091 0.407595
v 0.935000 1.049091 0.340000
v 0.956963 1.049091 0.272405
v 1.014463 1.049091 0.230629
v 1.085537 1.049091 0.230629
v 1.143037 1.049091 0.272405
v 1.143037 0.905455 0.407595
v 1.165000 0.905455 0.340000
v 1.085537 0.905455 0.449371
v 1.014463 0.905455 0.449371
v 0.956963 0.905455 0.407595
v 0.935000 0.905455 0.340000
v 0.956963 0.905455 0.272405
v 1.014463 0.905455 0.230629
v 1.085537 0.905455 0.230629
v 1.143037 0.905455 0.272405
v 1.143037 0.761818 0.407595
v 1.165000 0.761818 0.340000
v 1.085537 0.761818 0.449371
v 1.014463 0.761818 0.449371
v 0.956963 0.761818 0.407595
v 0.935000 0.761818 0.340000
v 0.956963 0.761818 0.272405
v 1.014463 0.761818 0.230629
v 1.085537 0.761818 0.230629
v 1.143037 0.761818 0.272405
v 1.143037 0.618182 0.407595
v 1.165000 0.618182 0.340000
v 1.085537 0.618182 0.449371
v 1.014463 0.618182 0.449371
v 0.956963 0.618182 0.407595
v 0.935000 0.618182 0.340000
v 0.956963 0.618182 0.272405
v 1.014463 0.618182 0.230629
v 1.085537 0.618182 0.230629
v 1.143037 0.618182 0.272405
v 1.143037 0.474545 0.407595
v 1.165000 0.474545 0.340000
v 1.085537 0.474545 0.449371
v 1.014463 0.474545 0.449371
v 0.956963 0.474545 0.407595
v 0.935000 0.474545 0.340000
v 0.956963 0.474545 0.272405
v 1.014463 0.474545 0.230629
v 1.085537 0.474545 0.230629
v 1.143037 0.474545 0.272405
v 1.143037 0.330909 0.407595
v 1.165000 0.330909 0.340000
v 1.085537 0.330909 0.449371
v 1.014463 0.330909 0.449371
v 0.956963 0.330909 0.407595
v 0.935000 0.330909 0.340000
v 0.956963 0.330909 0.272405
v 1.014463 0.330909 0.230629
v 1.085537 0.330909 0.230629
v 1.143037 0.330909 0.272405
v 1.143037 0.187273 0.407595
v 1.165000 0.187273 0.340000
v 1.085537 0.187273 0.449371
v 1.014463 0.187273 0.449371
v 0.956963 0.187273 0.407595
v 0.935000 0.187273 0.340000
v 0.956963 0.187273 0.272405
v 1.014463 0.187273 0.230629
v 1.085537 0.187273 0.230629
v 1.143037 0.187273 0.272405
v 1.143037 0.043636 0.407595
v 1.165000 0.043636 0.340000
v 1.085537 0.043636 0.449371
v 1.014463 0.043636 0.449371
v 0.956963 0.043636 0.407595
v 0.935000 0.043636 0.340000
v 0.956963 0.043636 0.272405
v 1.014463 0.043636 0.230629
v 1.085537 0.043636 0.230629
v 1.143037 0.043636 0.272405
v 1.143037 -0.100000 0.407595
v 1.165000 -0.100000 0.340000
v 1.085537 -0.100000 0.449371
v 1.014463 -0.100000 0.449371
v 0.956963 -0.100000 0.407595
v 0.935000 -0.100000 0.340000
v 0.956963 -0.100000 0.272405
v 1.014463 -0.100000 0.230629
v 1.085537 -0.100000 0.230629
v 1.143037 -0.100000 0.272405
v -1.050000 -0.100000 0.340000
v 1.050000 -0.100000 0.340000
v -0.770000 0.220000 0.340000
v -1.060000 0.187661 0.369723
v -0.770000 0.217291 0.374416
v -1.060000 0.190000 0.340000
v -1.060000 0.180701 0.398713
v -0.770000 0.209232 0.407984
v -1.060000 0.169291 0.426258
v -0.770000 0.196021 0.439878
v -1.060000 0.153713 0.451679
v -0.770000 0.177984 0.469313
v -1.060000 0.134350 0.474350
v -0.770000 0.155563 0.495563
v -1.060000 0.111679 0.493713
v -0.770000 0.129313 0.517984
v -1.060000 0.086258 0.509291
v -0.770000 0.099878 0.536021
v -1.060000 0.058713 0.520701
v -0.770000 0.067984 0.549232
v -1.060000 0.029723 0.527661
v -0.770000 0.034416 0.557291
v -1.060000 0.000000 0.530000
v -0.770000 0.000000 0.560000
v -1.060000 -0.029723 0.527661
v -0.770000 -0.034416 0.557291
v -1.060000 -0.058713 0.520701
v -0.770000 -0.067984 0.549232
v -1.060000 -0.086258 0.509291
v -0.770000 -0.099878 0.536021
v -1.060000 -0.111679 0.493713
v -0.770000 -0.129313 0.517984
v -1.060000 -0.134350 0.474350
v -0.770000 -0.155563 0.495563
v -1.060000 -0.153713 0.451679
v -0.770000 -0.177984 0.469313
v -1.060000 -0.169291 0.426258
v -0.770000 -0.196021 0.439878
v -1.060000 -0.180701 0.398713
v -0.770000 -0.209232 0.407984
v -1.060000 -0.187661 0.369723
v -0.770000 -0.217291 0.374416
v -1.060000 -0.190000 0.340000
v -0.770000 -0.220000 0.340000
v -1.060000 -0.187661 0.310277
v -0.770000 -0.217291 0.305584
v -1.060000 -0.180701 0.281287
v -0.770000 -0.209232 0.272016
v -1.060000 -0.169291 0.253742
v -0.770000 -0.196021 0.240122
v -1.060000 -0.153713 0.228321
v -0.770000 -0.177984 0.210687
v -1.060000 -0.134350 0.205650
v -0.770000 -0.155563 0.184437
v -1.060000 -0.111679 0.186287
v -0.770000 -0.129313 0.162016
v -1.060000 -0.086258 0.170709
v -0.770000 -0.099878 0.143979
v -1.060000 -0.058713 0.159299
v -0.770000 -0.067984 0.130768
v -1.060000 -0.029723 0.152339
v -0.770000 -0.034416 0.122709
v -1.060000 -0.000000 0.150000
v -0.770000 -0.000000 0.120000
v -1.060000 0.029723 0.152339
v -0.770000 0.034416 0.122709
v -1.060000 0.058713 0.159299
v -0.770000 0.067984 0.130768
v -1.060000 0.086258 0.170709
v -0.770000 0.099878 0.143979
v -1.060000 0.111679 0.186287
v -0.770000 0.129313 0.162016
v -1.060000 0.134350 0.205650
v -0.770000 0.155563 0.184437
v -1.060000 0.153713 0.228321
v -0.770000 0.177984 0.210687
v -1.060000 0.169291 0.253742
v -0.770000 0.196021 0.240122
v -1.060000 0.180701 0.281287
v -0.770000 0.209232 0.272016
v -1.060000 0.187661 0.310277
v -0.770000 0.217291 0.305584
v -0.770000 0.000000 0.340000
v -1.060000 0.000000 0.340000
v -1.040000 0.160000 0.340000
v -1.180000 0.156926 0.371214
v -1.040000 0.156926 0.371214
v -1.180000 0.160000 0.340000
v -1.180000 0.147821 0.401229
v -1.040000 0.147821 0.401229
v -1.180000 0.133035 0.428891
v -1.040000 0.133035 0.428891
v -1.180000 0.113137 0.453137
v -1.040000 0.113137 0.453137
v -1.180000 0.088891 0.473035
v -1.040000 0.088891 0.473035
v -1.180000 0.061229 0.487821
v -1.040000 0.061229 0.487821
v -1.180000 0.031214 0.496926
v -1.040000 0.031214 0.496926
v -1.180000 0.000000 0.500000
v -1.040000 0.000000 0.500000
v -1.180000 -0.031214 0.496926
v -1.040000 -0.031214 0.496926
v -1.180000 -0.061229 0.487821
v -1.040000 -0.061229 0.487821
v -1.180000 -0.088891 0.473035
v -1.040000 -0.088891 0.473035
v -1.180000 -0.113137 0.453137
v -1.040000 -0.113137 0.453137
v -1.180000 -0.133035 0.428891
v -1.040000 -0.133035 0.428891
v -1.180000 -0.147821 0.401229
v -1.040000 -0.147821 0.401229
v -1.180000 -0.156926 0.371214
v -1.040000 -0.156926 0.371214
v -1.180000 -0.160000 0.340000
v -1.040000 -0.160000 0.340000
v -1.180000 -0.156926 0.308786
v -1.040000 -0.156926 0.308786
v -1.180000 -0.147821 0.278771
v -1.040000 -0.147821 0.278771
v -1.180000 -0.133035 0.251109
v -1.040000 -0.133035 0.251109
v -1.180000 -0.113137 0.226863
v -1.040000 -0.113137 0.226863
v -1.180000 -0.088891 0.206965
v -1.040000 -0.088891 0.206965
v -1.180000 -0.061229 0.192179
v -1.040000 -0.061229 0.192179
v -1.180000 -0.031214 0.183074
v -1.040000 -0.031214 0.183074
v -1.180000 -0.000000 0.180000
v -1.040000 -0.000000 0.180000
v -1.180000 0.031214 0.183074
v -1.040000 0.031214 0.183074
v -1.180000 0.061229 0.192179
v -1.040000 0.061229 0.192179
v -1.180000 0.088891 0.206965
v -1.040000 0.088891 0.206965
v -1.180000 0.113137 0.226863
v -1.040000 0.113137 0.226863
v -1.180000 0.133035 0.251109
v -1.040000 0.133035 0.251109
v -1.180000 0.147821 0.278771
v -1.040000 0.147821 0.278771
v -1.180000 0.156926 0.308786
v -1.040000 0.156926 0.308786
v -1.040000 0.000000 0.340000
v -1.180000 0.000000 0.340000
v -1.170000 0.115000 0.340000
v -1.240000 0.112790 0.362435
v -1.170000 0.112790 0.362435
v -1.240000 0.115000 0.340000
v -1.240000 0.106246 0.384009
v -1.170000 0.106246 0.384009
v -1.240000 0.095619 0.403891
v -1.170000 0.095619 0.403891
v -1.240000 0.081317 0.421317
v -1.170000 0.081317 0.421317
v -1.240000 0.063891 0.435619
v -1.170000 0.063891 0.435619
v -1.240000 0.044009 0.446246
v -1.170000 0.044009 0.446246
v -1.240000 0.022435 0.452790
v -1.170000 0.022435 0.452790
v -1.240000 0.000000 0.455000
v -1.170000 0.000000 0.455000
v -1.240000 -0.022435 0.452790
v -1.170000 -0.022435 0.452790
v -1.240000 -0.044009 0.446246
v -1.170000 -0.044009 0.446246
v -1.240000 -0.063891 0.435619
v -1.170000 -0.063891 0.435619
v -1.240000 -0.081317 0.421317
v -1.170000 -0.081317 0.421317
v -1.240000 -0.095619 0.403891
v -1.170000 -0.095619 0.403891
v -1.240000 -0.106246 0.384009
v -1.170000 -0.106246 0.384009
v -1.240000 -0.112790 0.362435
v -1.170000 -0.112790 0.362435
v -1.240000 -0.115000 0.340000
v -1.170000 -0.115000 0.340000
v -1.240000 -0.112790 0.317565
v -1.170000 -0.112790 0.317565
v -1.240000 -0.106246 0.295991
v -1.170000 -0.106246 0.295991
v -1.240000 -0.095619 0.276109
v -1.170000 -0.095619 0.276109
v -1.240000 -0.081317 0.258683
v -1.170000 -0.081317 0.258683
v -1.240000 -0.063891 0.244381
v -1.170000 -0.063891 0.244381
v -1.240000 -0.044009 0.233754
v -1.170000 -0.044009 0.233754
v -1.240000 -0.022435 0.227210
v -1.170000 -0.022435 0.227210
v -1.240000 -0.000000 0.225000
v -1.170000 -0.000000 0.225000
v -1.240000 0.022435 0.227210
v -1.170000 0.022435 0.227210
v -1.240000 0.044009 0.233754
v -1.170000 0.044009 0.233754
v -1.240000 0.063891 0.244381
v -1.170000 0.063891 0.244381
v -1.240000 0.081317 0.258683
v -1.170000 0.081317 0.258683
v -1.240000 0.095619 0.276109
v -1.170000 0.095619 0.276109
v -1.240000 0.106246 0.295991
v -1.170000 0.106246 0.295991
v -1.240000 0.112790 0.317565
v -1.170000 0.112790 0.317565
v -1.170000 0.000000 0.340000
v -1.240000 0.000000 0.340000
v -1.245000 0.093000 0.340000
v -1.245000 0.091213 0.358143
v -1.232272 0.086042 0.357115
v -1.232272 0.087728 0.340000
v -1.227000 0.073559 0.354632
v -1.227000 0.075000 0.340000
v -1.232272 0.061076 0.352149
v -1.232272 0.062272 0.340000
v -1.245000 0.055905 0.351120
v -1.245000 0.057000 0.340000
v -1.257728 0.061076 0.352149
v -1.257728 0.062272 0.340000
v -1.263000 0.073559 0.354632
v -1.263000 0.075000 0.340000
v -1.257728 0.086042 0.357115
v -1.257728 0.087728 0.340000
v -1.245000 0.085921 0.375590
v -1.232272 0.081050 0.373572
v -1.227000 0.069291 0.368701
v -1.232272 0.057532 0.363830
v -1.245000 0.052661 0.361813
v -1.257728 0.057532 0.363830
v -1.263000 0.069291 0.368701
v -1.257728 0.081050 0.373572
v -1.245000 0.077327 0.391668
v -1.232272 0.072943 0.388739
v -1.227000 0.062360 0.381668
v -1.232272 0.051777 0.374597
v -1.245000 0.047394 0.371668
v -1.257728 0.051777 0.374597
v -1.263000 0.062360 0.381668
v -1.257728 0.072943 0.388739
v -1.245000 0.065761 0.405761
v -1.232272 0.062033 0.402033
v -1.227000 0.053033 0.393033
v -1.232272 0.044033 0.384033
v -1.245000 0.040305 0.380305
v -1.257728 0.044033 0.384033
v -1.263000 0.053033 0.393033
v -1.257728 0.062033 0.402033
v -1.245000 0.051668 0.417327
v -1.232272 0.048739 0.412943
v -1.227000 0.041668 0.402360
v -1.232272 0.034597 0.391777
v -1.245000 0.031668 0.387394
v -1.257728 0.034597 0.391777
v -1.263000 0.041668 0.402360
v -1.257728 0.048739 0.412943
v -1.245000 0.035590 0.425921
v -1.232272 0.033572 0.421050
v -1.227000 0.028701 0.409291
v -1.232272 0.023830 0.397532
v -1.245000 0.021813 0.392661
v -1.257728 0.023830 0.397532
v -1.263000 0.028701 0.409291
v -1.257728 0.033572 0.421050
v -1.245000 0.018143 0.431213
v -1.232272 0.017115 0.426042
v -1.227000 0.014632 0.413559
v -1.232272 0.012149 0.401076
v -1.245000 0.011120 0.395905
v -1.257728 0.012149 0.401076
v -1.263000 0.014632 0.413559
v -1.257728 0.017115 0.426042
v -1.245000 0.000000 0.433000
v -1.232272 0.000000 0.427728
v -1.227000 0.000000 0.415000
v -1.232272 0.000000 0.402272
v -1.245000 0.000000 0.397000
v -1.257728 0.000000 0.402272
v -1.263000 0.000000 0.415000
v -1.257728 0.000000 0.427728
v -1.245000 -0.018143 0.431213
v -1.232272 -0.017115 0.426042
v -1.227000 -0.014632 0.413559
v -1.232272 -0.012149 0.401076
v -1.245000 -0.011120 0.395905
v -1.257728 -0.012149 0.401076
v -1.263000 -0.014632 0.413559
v -1.257728 -0.017115 0.426042
v -1.245000 -0.035590 0.425921
v -1.232272 -0.033572 0.421050
v -1.227000 -0.028701 0.409291
v -1.232272 -0.023830 0.397532
v -1.245000 -0.021813 0.392661
v -1.257728 -0.023830 0.397532
v -1.263000 -0.028701 0.409291
v -1.257728 -0.033572 0.421050
v -1.245000 -0.051668 0.417327
v -1.232272 -0.048739 0.412943
v -1.227000 -0.041668 0.402360
v -1.232272 -0.034597 0.391777
v -1.245000 -0.031668 0.387394
v -1.257728 -0.034597 0.391777
v -1.263000 -0.041668 0.402360
v -1.257728 -0.048739 0.412943
v -1.245000 -0.065761 0.405761
v -1.232272 -0.062033 0.402033
v -1.227000 -0.053033 0.393033
v -1.232272 -0.044033 0.384033
v -1.245000 -0.040305 0.380305
v -1.257728 -0.044033 0.384033
v -1.263000 -0.053033 0.393033
v -1.257728 -0.062033 0.402033
v -1.245000 -0.077327 0.391668
v -1.232272 -0.072943 0.388739
v -1.227000 -0.062360 0.381668
v -1.232272 -0.051777 0.374597
v -1.245000 -0.047394 0.371668
v -1.257728 -0.051777 0.374597
v -1.263000 -0.062360 0.381668
v -1.257728 -0.072943 0.388739
v -1.245000 -0.085921 0.375590
v -1.232272 -0.081050 0.373572
v -1.227000 -0.069291 0.368701
v -1.232272 -0.057532 0.363830
v -1.245000 -0.052661 0.361813
v -1.257728 -0.057532 0.363830
v -1.263000 -0.069291 0.368701
v -1.257728 -0.081050 0.373572
v -1.245000 -0.091213 0.358143
v -1.232272 -0.086042 0.357115
v -1.227000 -0.073559 0.354632
v -1.232272 -0.061076 0.352149
v -1.245000 -0.055905 0.351120
v -1.257728 -0.061076 0.352149
v -1.263000 -0.073559 0.354632
v -1.257728 -0.086042 0.357115
v -1.245000 -0.093000 0.340000
v -1.232272 -0.087728 0.340000
v -1.227000 -0.075000 0.340000
v -1.232272 -0.062272 0.340000
v -1.245000 -0.057000 0.340000
v -1.257728 -0.062272 0.340000
v -1.263000 -0.075000 0.340000
v -1.257728 -0.087728 0.340000
v -1.245000 -0.091213 0.321857
v -1.232272 -0.086042 0.322885
v -1.227000 -0.073559 0.325368
v -1.232272 -0.061076 0.327851
v -1.245000 -0.055905 0.328880
v -1.257728 -0.061076 0.327851
v -1.263000 -0.073559 0.325368
v -1.257728 -0.086042 0.322885
v -1.245000 -0.085921 0.304410
v -1.232272 -0.081050 0.306428
v -1.227000 -0.069291 0.311299
v -1.232272 -0.057532 0.316170
v -1.245000 -0.052661 0.318187
v -1.257728 -0.057532 0.316170
v -1.263000 -0.069291 0.311299
v -1.257728 -0.081050 0.306428
v -1.245000 -0.077327 0.288332
v -1.232272 -0.072943 0.291261
v -1.227000 -0.062360 0.298332
v -1.232272 -0.051777 0.305403
v -1.245000 -0.047394 0.308332
v -1.257728 -0.051777 0.305403
v -1.263000 -0.062360 0.298332
v -1.257728 -0.072943 0.291261
v -1.245000 -0.065761 0.274239
v -1.232272 -0.062033 0.277967
v -1.227000 -0.053033 0.286967
v -1.232272 -0.044033 0.295967
v -1.245000 -0.040305 0.299695
v -1.257728 -0.044033 0.295967
v -1.263000 -0.053033 0.286967
v -1.257728 -0.062033 0.277967
v -1.245000 -0.051668 0.262673
v -1.232272 -0.048739 0.267057
v -1.227000 -0.041668 0.277640
v -1.232272 -0.034597 0.288223
v -1.245000 -0.031668 0.292606
v -1.257728 -0.034597 0.288223
v -1.263000 -0.041668 0.277640
v -1.257728 -0.048739 0.267057
v -1.245000 -0.035590 0.254079
v -1.232272 -0.033572 0.258950
v -1.227000 -0.028701 0.270709
v -1.232272 -0.023830 0.282468
v -1.245000 -0.021813 0.287339
v -1.257728 -0.023830 0.282468
v -1.263000 -0.028701 0.270709
v -1.257728 -0.033572 0.258950
v -1.245000 -0.018143 0.248787
v -1.232272 -0.017115 0.253958
v -1.227000 -0.014632 0.266441
v -1.232272 -0.012149 0.278924
v -1.245000 -0.011120 0.284095
v -1.257728 -0.012149 0.278924
v -1.263000 -0.014632 0.266441
v -1.257728 -0.017115 0.253958
v -1.245000 -0.000000 0.247000
v -1.232272 -0.000000 0.252272
v -1.227000 -0.000000 0.265000
v -1.232272 -0.000000 0.277728
v -1.245000 -0.000000 0.283000
v -1.257728 -0.000000 0.277728
v -1.263000 -0.000000 0.265000
v -1.257728 -0.000000 0.252272
v -1.245000 0.018143 0.248787
v -1.232272 0.017115 0.253958
v -1.227000 0.014632 0.266441
v -1.232272 0.012149 0.278924
v -1.245000 0.011120 0.284095
v -1.257728 0.012149 0.278924
v -1.263000 0.014632 0.266441
v -1.257728 0.017115 0.253958
v -1.245000 0.035590 0.254079
v -1.232272 0.033572 0.258950
v -1.227000 0.028701 0.270709
v -1.232272 0.023830 0.282468
v -1.245000 0.021813 0.287339
v -1.257728 0.023830 0.282468
v -1.263000 0.028701 0.270709
v -1.257728 0.033572 0.258950
v -1.245000 0.051668 0.262673
v -1.232272 0.048739 0.267057
v -1.227000 0.041668 0.277640
v -1.232272 0.034597 0.288223
v -1.245000 0.031668 0.292606
v -1.257728 0.034597 0.288223
v -1.263000 0.041668 0.277640
v -1.257728 0.048739 0.267057
v -1.245000 0.065761 0.274239
v -1.232272 0.062033 0.277967
v -1.227000 0.053033 0.286967
v -1.232272 0.044033 0.295967
v -1.245000 0.040305 0.299695
v -1.257728 0.044033 0.295967
v -1.263000 0.053033 0.286967
v -1.257728 0.062033 0.277967
v -1.245000 0.077327 0.288332
v -1.232272 0.072943 0.291261
v -1.227000 0.062360 0.298332
v -1.232272 0.051777 0.305403
v -1.245000 0.047394 0.308332
v -1.257728 0.051777 0.305403
v -1.263000 0.062360 0.298332
v -1.257728 0.072943 0.291261
v -1.245000 0.085921 0.304410
v -1.232272 0.081050 0.306428
v -1.227000 0.069291 0.311299
v -1.232272 0.057532 0.316170
v -1.245000 0.052661 0.318187
v -1.257728 0.057532 0.316170
v -1.263000 0.069291 0.311299
v -1.257728 0.081050 0.306428
v -1.245000 0.091213 0.321857
v -1.232272 0.086042 0.322885
v -1.227000 0.073559 0.325368
v -1.232272 0.061076 0.327851
v -1.245000 0.055905 0.328880
v -1.257728 0.061076 0.327851
v -1.263000 0.073559 0.325368
v -1.257728 0.086042 0.322885
v -1.205000 0.178000 0.340000
v -1.240000 0.172728 0.352728
v -1.205000 0.172728 0.352728
v -1.240000 0.178000 0.340000
v -1.240000 0.160000 0.358000
v -1.205000 0.160000 0.358000
v -1.240000 0.147272 0.352728
v -1.205000 0.147272 0.352728
v -1.240000 0.142000 0.340000
v -1.205000 0.142000 0.340000
v -1.240000 0.147272 0.327272
v -1.205000 0.147272 0.327272
v -1.240000 0.160000 0.322000
v -1.205000 0.160000 0.322000
v -1.240000 0.172728 0.327272
v -1.205000 0.172728 0.327272
v -1.205000 0.160000 0.340000
v -1.240000 0.160000 0.340000
v -1.205000 0.156564 0.420000
v -1.240000 0.151292 0.432728
v -1.205000 0.151292 0.432728
v -1.240000 0.156564 0.420000
v -1.240000 0.138564 0.438000
v -1.205000 0.138564 0.438000
v -1.240000 0.125836 0.432728
v -1.205000 0.125836 0.432728
v -1.240000 0.120564 0.420000
v -1.205000 0.120564 0.420000
v -1.240000 0.125836 0.407272
v -1.205000 0.125836 0.407272
v -1.240000 0.138564 0.402000
v -1.205000 0.138564 0.402000
v -1.240000 0.151292 0.407272
v -1.205000 0.151292 0.407272
v -1.205000 0.138564 0.420000
v -1.240000 0.138564 0.420000
v -1.205000 0.098000 0.478564
v -1.240000 0.092728 0.491292
v -1.205000 0.092728 0.491292
v -1.240000 0.098000 0.478564
v -1.240000 0.080000 0.496564
v -1.205000 0.080000 0.496564
v -1.240000 0.067272 0.491292
v -1.205000 0.067272 0.491292
v -1.240000 0.062000 0.478564
v -1.205000 0.062000 0.478564
v -1.240000 0.067272 0.465836
v -1.205000 0.067272 0.465836
v -1.240000 0.080000 0.460564
v -1.205000 0.080000 0.460564
v -1.240000 0.092728 0.465836
v -1.205000 0.092728 0.465836
v -1.205000 0.080000 0.478564
v -1.240000 0.080000 0.478564
v -1.205000 0.018000 0.500000
v -1.240000 0.012728 0.512728
v -1.205000 0.012728 0.512728
v -1.240000 0.018000 0.500000
v -1.240000 0.000000 0.518000
v -1.205000 0.000000 0.518000
v -1.240000 -0.012728 0.512728
v -1.205000 -0.012728 0.512728
v -1.240000 -0.018000 0.500000
v -1.205000 -0.018000 0.500000
v -1.240000 -0.012728 0.487272
v -1.205000 -0.012728 0.487272
v -1.240000 0.000000 0.482000
v -1.205000 0.000000 0.482000
v -1.240000 0.012728 0.487272
v -1.205000 0.012728 0.487272
v -1.205000 0.000000 0.500000
v -1.240000 0.000000 0.500000
v -1.205000 -0.062000 0.478564
v -1.240000 -0.067272 0.491292
v -1.205000 -0.067272 0.491292
v -1.240000 -0.062000 0.478564
v -1.240000 -0.080000 0.496564
v -1.205000 -0.080000 0.496564
v -1.240000 -0.092728 0.491292
v -1.205000 -0.092728 0.491292
v -1.240000 -0.098000 0.478564
v -1.205000 -0.098000 0.478564
v -1.240000 -0.092728 0.465836
v -1.205000 -0.092728 0.465836
v -1.240000 -0.080000 0.460564
v -1.205000 -0.080000 0.460564
v -1.240000 -0.067272 0.465836
v -1.205000 -0.067272 0.465836
v -1.205000 -0.080000 0.478564
v -1.240000 -0.080000 0.478564
v -1.205000 -0.120564 0.420000
v -1.240000 -0.125836 0.432728
v -1.205000 -0.125836 0.432728
v -1.240000 -0.120564 0.420000
v -1.240000 -0.138564 0.438000
v -1.205000 -0.138564 0.438000
v -1.240000 -0.151292 0.432728
v -1.205000 -0.151292 0.432728
v -1.240000 -0.156564 0.420000
v -1.205000 -0.156564 0.420000
v -1.240000 -0.151292 0.407272
v -1.205000 -0.151292 0.407272
v -1.240000 -0.138564 0.402000
v -1.205000 -0.138564 0.402000
v -1.240000 -0.125836 0.407272
v -1.205000 -0.125836 0.407272
v -1.205000 -0.138564 0.420000
v -1.240000 -0.138564 0.420000
v -1.205000 -0.142000 0.340000
v -1.240000 -0.147272 0.352728
v -1.205000 -0.147272 0.352728
v -1.240000 -0.142000 0.340000
v -1.240000 -0.160000 0.358000
v -1.205000 -0.160000 0.358000
v -1.240000 -0.172728 0.352728
v -1.205000 -0.172728 0.352728
v -1.240000 -0.178000 0.340000
v -1.205000 -0.178000 0.340000
v -1.240000 -0.172728 0.327272
v -1.205000 -0.172728 0.327272
v -1.240000 -0.160000 0.322000
v -1.205000 -0.160000 0.322000
v -1.240000 -0.147272 0.327272
v -1.205000 -0.147272 0.327272
v -1.205000 -0.160000 0.340000
v -1.240000 -0.160000 0.340000
v -1.205000 -0.120564 0.260000
v -1.240000 -0.125836 0.272728
v -1.205000 -0.125836 0.272728
v -1.240000 -0.120564 0.260000
v -1.240000 -0.138564 0.278000
v -1.205000 -0.138564 0.278000
v -1.240000 -0.151292 0.272728
v -1.205000 -0.151292 0.272728
v -1.240000 -0.156564 0.260000
v -1.205000 -0.156564 0.260000
v -1.240000 -0.151292 0.247272
v -1.205000 -0.151292 0.247272
v -1.240000 -0.138564 0.242000
v -1.205000 -0.138564 0.242000
v -1.240000 -0.125836 0.247272
v -1.205000 -0.125836 0.247272
v -1.205000 -0.138564 0.260000
v -1.240000 -0.138564 0.260000
v -1.205000 -0.062000 0.201436
v -1.240000 -0.067272 0.214164
v -1.205000 -0.067272 0.214164
v -1.240000 -0.062000 0.201436
v -1.240000 -0.080000 0.219436
v -1.205000 -0.080000 0.219436
v -1.240000 -0.092728 0.214164
v -1.205000 -0.092728 0.214164
v -1.240000 -0.098000 0.201436
v -1.205000 -0.098000 0.201436
v -1.240000 -0.092728 0.188708
v -1.205000 -0.092728 0.188708
v -1.240000 -0.080000 0.183436
v -1.205000 -0.080000 0.183436
v -1.240000 -0.067272 0.188708
v -1.205000 -0.067272 0.188708
v -1.205000 -0.080000 0.201436
v -1.240000 -0.080000 0.201436
v -1.205000 0.018000 0.180000
v -1.240000 0.012728 0.192728
v -1.205000 0.012728 0.192728
v -1.240000 0.018000 0.180000
v -1.240000 -0.000000 0.198000
v -1.205000 -0.000000 0.198000
v -1.240000 -0.012728 0.192728
v -1.205000 -0.012728 0.192728
v -1.240000 -0.018000 0.180000
v -1.205000 -0.018000 0.180000
v -1.240000 -0.012728 0.167272
v -1.205000 -0.012728 0.167272
v -1.240000 -0.000000 0.162000
v -1.205000 -0.000000 0.162000
v -1.240000 0.012728 0.167272
v -1.205000 0.012728 0.167272
v -1.205000 -0.000000 0.180000
v -1.240000 -0.000000 0.180000
v -1.205000 0.098000 0.201436
v -1.240000 0.092728 0.214164
v -1.205000 0.092728 0.214164
v -1.240000 0.098000 0.201436
v -1.240000 0.080000 0.219436
v -1.205000 0.080000 0.219436
v -1.240000 0.067272 0.214164
v -1.205000 0.067272 0.214164
v -1.240000 0.062000 0.201436
v -1.205000 0.062000 0.201436
v -1.240000 0.067272 0.188708
v -1.205000 0.067272 0.188708
v -1.240000 0.080000 0.183436
v -1.205000 0.080000 0.183436
v -1.240000 0.092728 0.188708
v -1.205000 0.092728 0.188708
v -1.205000 0.080000 0.201436
v -1.240000 0.080000 0.201436
v -1.205000 0.156564 0.260000
v -1.240000 0.151292 0.272728
v -1.205000 0.151292 0.272728
v -1.240000 0.156564 0.260000
v -1.240000 0.138564 0.278000
v -1.205000 0.138564 0.278000
v -1.240000 0.125836 0.272728
v -1.205000 0.125836 0.272728
v -1.240000 0.120564 0.260000
v -1.205000 0.120564 0.260000
v -1.240000 0.125836 0.247272
v -1.205000 0.125836 0.247272
v -1.240000 0.138564 0.242000
v -1.205000 0.138564 0.242000
v -1.240000 0.151292 0.247272
v -1.205000 0.151292 0.247272
v -1.205000 0.138564 0.260000
v -1.240000 0.138564 0.260000
v 0.770000 0.220000 0.340000
v 0.770000 0.217291 0.374416
v 1.060000 0.187661 0.369723
v 1.060000 0.190000 0.340000
v 0.770000 0.209232 0.407984
v 1.060000 0.180701 0.398713
v 0.770000 0.196021 0.439878
v 1.060000 0.169291 0.426258
v 0.770000 0.177984 0.469313
v 1.060000 0.153713 0.451679
v 0.770000 0.155563 0.495563
v 1.060000 0.134350 0.474350
v 0.770000 0.129313 0.517984
v 1.060000 0.111679 0.493713
v 0.770000 0.099878 0.536021
v 1.060000 0.086258 0.509291
v 0.770000 0.067984 0.549232
v 1.060000 0.058713 0.520701
v 0.770000 0.034416 0.557291
v 1.060000 0.029723 0.527661
v 0.770000 0.000000 0.560000
v 1.060000 0.000000 0.530000
v 0.770000 -0.034416 0.557291
v 1.060000 -0.029723 0.527661
v 0.770000 -0.067984 0.549232
v 1.060000 -0.058713 0.520701
v 0.770000 -0.099878 0.536021
v 1.060000 -0.086258 0.509291
v 0.770000 -0.129313 0.517984
v 1.060000 -0.111679 0.493713
v 0.770000 -0.155563 0.495563
v 1.060000 -0.134350 0.474350
v 0.770000 -0.177984 0.469313
v 1.060000 -0.153713 0.451679
v 0.770000 -0.196021 0.439878
v 1.060000 -0.169291 0.426258
v 0.770000 -0.209232 0.407984
v 1.060000 -0.180701 0.398713
v 0.770000 -0.217291 0.374416
v 1.060000 -0.187661 0.369723
v 0.770000 -0.220000 0.340000
v 1.060000 -0.190000 0.340000
v 0.770000 -0.217291 0.305584
v 1.060000 -0.187661 0.310277
v 0.770000 -0.209232 0.272016
v 1.060000 -0.180701 0.281287
v 0.770000 -0.196021 0.240122
v 1.060000 -0.169291 0.253742
v 0.770000 -0.177984 0.210687
v 1.060000 -0.153713 0.228321
v 0.770000 -0.155563 0.184437
v 1.060000 -0.134350 0.205650
v 0.770000 -0.129313 0.162016
v 1.060000 -0.111679 0.186287
v 0.770000 -0.099878 0.143979
v 1.060000 -0.086258 0.170709
v 0.770000 -0.067984 0.130768
v 1.060000 -0.058713 0.159299
v 0.770000 -0.034416 0.122709
v 1.060000 -0.029723 0.152339
v 0.770000 -0.000000 0.120000
v 1.060000 -0.000000 0.150000
v 0.770000 0.034416 0.122709
v 1.060000 0.029723 0.152339
v 0.770000 0.067984 0.130768
v 1.060000 0.058713 0.159299
v 0.770000 0.099878 0.143979
v 1.060000 0.086258 0.170709
v 0.770000 0.129313 0.162016
v 1.060000 0.111679 0.186287
v 0.770000 0.155563 0.184437
v 1.060000 0.134350 0.205650
v 0.770000 0.177984 0.210687
v 1.060000 0.153713 0.228321
v 0.770000 0.196021 0.240122
v 1.060000 0.169291 0.253742
v 0.770000 0.209232 0.272016
v 1.060000 0.180701 0.281287
v 0.770000 0.217291 0.305584
v 1.060000 0.187661 0.310277
v 0.770000 0.000000 0.340000
v 1.060000 0.000000 0.340000
v 1.040000 0.160000 0.340000
v 1.040000 0.156926 0.371214
v 1.180000 0.156926 0.371214
v 1.180000 0.160000 0.340000
v 1.040000 0.147821 0.401229
v 1.180000 0.147821 0.401229
v 1.040000 0.133035 0.428891
v 1.180000 0.133035 0.428891
v 1.040000 0.113137 0.453137
v 1.180000 0.113137 0.453137
v 1.040000 0.088891 0.473035
v 1.180000 0.088891 0.473035
v 1.040000 0.061229 0.487821
v 1.180000 0.061229 0.487821
v 1.040000 0.031214 0.496926
v 1.180000 0.031214 0.496926
v 1.040000 0.000000 0.500000
v 1.180000 0.000000 0.500000
v 1.040000 -0.031214 0.496926
v 1.180000 -0.031214 0.496926
v 1.040000 -0.061229 0.487821
v 1.180000 -0.061229 0.487821
v 1.040000 -0.088891 0.473035
v 1.180000 -0.088891 0.473035
v 1.040000 -0.113137 0.453137
v 1.180000 -0.113137 0.453137
v 1.040000 -0.133035 0.428891
v 1.180000 -0.133035 0.428891
v 1.040000 -0.147821 0.401229
v 1.180000 -0.147821 0.401229
v 1.040000 -0.156926 0.371214
v 1.180000 -0.156926 0.371214
v 1.040000 -0.160000 0.340000
v 1.180000 -0.160000 0.340000
v 1.040000 -0.156926 0.308786
v 1.180000 -0.156926 0.308786
v 1.040000 -0.147821 0.278771
v 1.180000 -0.147821 0.278771
v 1.040000 -0.133035 0.251109
v 1.180000 -0.133035 0.251109
v 1.040000 -0.113137 0.226863
v 1.180000 -0.113137 0.226863
v 1.040000 -0.088891 0.206965
v 1.180000 -0.088891 0.206965
v 1.040000 -0.061229 0.192179
v 1.180000 -0.061229 0.192179
v 1.040000 -0.031214 0.183074
v 1.180000 -0.031214 0.183074
v 1.040000 -0.000000 0.180000
v 1.180000 -0.000000 0.180000
v 1.040000 0.031214 0.183074
v 1.180000 0.031214 0.183074
v 1.040000 0.061229 0.192179
v 1.180000 0.061229 0.192179
v 1.040000 0.088891 0.206965
v 1.180000 0.088891 0.206965
v 1.040000 0.113137 0.226863
v 1.180000 0.113137 0.226863
v 1.040000 0.133035 0.251109
v 1.180000 0.133035 0.251109
v 1.040000 0.147821 0.278771
v 1.180000 0.147821 0.278771
v 1.040000 0.156926 0.308786
v 1.180000 0.156926 0.308786
v 1.040000 0.000000 0.340000
v 1.180000 0.000000 0.340000
v 1.170000 0.115000 0.340000
v 1.170000 0.112790 0.362435
v 1.240000 0.112790 0.362435
v 1.240000 0.115000 0.340000
v 1.170000 0.106246 0.384009
v 1.240000 0.106246 0.384009
v 1.170000 0.095619 0.403891
v 1.240000 0.095619 0.403891
v 1.170000 0.081317 0.421317
v 1.240000 0.081317 0.421317
v 1.170000 0.063891 0.435619
v 1.240000 0.063891 0.435619
v 1.170000 0.044009 0.446246
v 1.240000 0.044009 0.446246
v 1.170000 0.022435 0.452790
v 1.240000 0.022435 0.452790
v 1.170000 0.000000 0.455000
v 1.240000 0.000000 0.455000
v 1.170000 -0.022435 0.452790
v 1.240000 -0.022435 0.452790
v 1.170000 -0.044009 0.446246
v 1.240000 -0.044009 0.446246
v 1.170000 -0.063891 0.435619
v 1.240000 -0.063891 0.435619
v 1.170000 -0.081317 0.421317
v 1.240000 -0.081317 0.421317
v 1.170000 -0.095619 0.403891
v 1.240000 -0.095619 0.403891
v 1.170000 -0.106246 0.384009
v 1.240000 -0.106246 0.384009
v 1.170000 -0.112790 0.362435
v 1.240000 -0.112790 0.362435
v 1.170000 -0.115000 0.340000
v 1.240000 -0.115000 0.340000
v 1.170000 -0.112790 0.317565
v 1.240000 -0.112790 0.317565
v 1.170000 -0.106246 0.295991
v 1.240000 -0.106246 0.295991
v 1.170000 -0.095619 0.276109
v 1.240000 -0.095619 0.276109
v 1.170000 -0.081317 0.258683
v 1.240000 -0.081317 0.258683
v 1.170000 -0.063891 0.244381
v 1.240000 -0.063891 0.244381
v 1.170000 -0.044009 0.233754
v 1.240000 -0.044009 0.233754
v 1.170000 -0.022435 0.227210
v 1.240000 -0.022435 0.227210
v 1.170000 -0.000000 0.225000
v 1.240000 -0.000000 0.225000
v 1.170000 0.022435 0.227210
v 1.240000 0.022435 0.227210
v 1.170000 0.044009 0.233754
v 1.240000 0.044009 0.233754
v 1.170000 0.063891 0.244381
v 1.240000 0.063891 0.244381
v 1.170000 0.081317 0.258683
v 1.240000 0.081317 0.258683
v 1.170000 0.095619 0.276109
v 1.240000 0.095619 0.276109
v 1.170000 0.106246 0.295991
v 1.240000 0.106246 0.295991
v 1.170000 0.112790 0.317565
v 1.240000 0.112790 0.317565
v 1.170000 0.000000 0.340000
v 1.240000 0.000000 0.340000
v 1.245000 0.093000 0.340000
v 1.245000 0.091213 0.358143
v 1.257728 0.086042 0.357115
v 1.257728 0.087728 0.340000
v 1.263000 0.073559 0.354632
v 1.263000 0.075000 0.340000
v 1.257728 0.061076 0.352149
v 1.257728 0.062272 0.340000
v 1.245000 0.055905 0.351120
v 1.245000 0.057000 0.340000
v 1.232272 0.061076 0.352149
v 1.232272 0.062272 0.340000
v 1.227000 0.073559 0.354632
v 1.227000 0.075000 0.340000
v 1.232272 0.086042 0.357115
v 1.232272 0.087728 0.340000
v 1.245000 0.085921 0.375590
v 1.257728 0.081050 0.373572
v 1.263000 0.069291 0.368701
v 1.257728 0.057532 0.363830
v 1.245000 0.052661 0.361813
v 1.232272 0.057532 0.363830
v 1.227000 0.069291 0.368701
v 1.232272 0.081050 0.373572
v 1.245000 0.077327 0.391668
v 1.257728 0.072943 0.388739
v 1.263000 0.062360 0.381668
v 1.257728 0.051777 0.374597
v 1.245000 0.047394 0.371668
v 1.232272 0.051777 0.374597
v 1.227000 0.062360 0.381668
v 1.232272 0.072943 0.388739
v 1.245000 0.065761 0.405761
v 1.257728 0.062033 0.402033
v 1.263000 0.053033 0.393033
v 1.257728 0.044033 0.384033
v 1.245000 0.040305 0.380305
v 1.232272 0.044033 0.384033
v 1.227000 0.053033 0.393033
v 1.232272 0.062033 0.402033
v 1.245000 0.051668 0.417327
v 1.257728 0.048739 0.412943
v 1.263000 0.041668 0.402360
v 1.257728 0.034597 0.391777
v 1.245000 0.031668 0.387394
v 1.232272 0.034597 0.391777
v 1.227000 0.041668 0.402360
v 1.232272 0.048739 0.412943
v 1.245000 0.035590 0.425921
v 1.257728 0.033572 0.421050
v 1.263000 0.028701 0.409291
v 1.257728 0.023830 0.397532
v 1.245000 0.021813 0.392661
v 1.232272 0.023830 0.397532
v 1.227000 0.028701 0.409291
v 1.232272 0.033572 0.421050
v 1.245000 0.018143 0.431213
v 1.257728 0.017115 0.426042
v 1.263000 0.014632 0.413559
v 1.257728 0.012149 0.401076
v 1.245000 0.011120 0.395905
v 1.232272 0.012149 0.401076
v 1.227000 0.014632 0.413559
v 1.232272 0.017115 0.426042
v 1.245000 0.000000 0.433000
v 1.257728 0.000000 0.427728
v 1.263000 0.000000 0.415000
v 1.257728 0.000000 0.402272
v 1.245000 0.000000 0.397000
v 1.232272 0.000000 0.402272
v 1.227000 0.000000 0.415000
v 1.232272 0.000000 0.427728
v 1.245000 -0.018143 0.431213
v 1.257728 -0.017115 0.426042
v 1.263000 -0.014632 0.413559
v 1.257728 -0.012149 0.401076
v 1.245000 -0.011120 0.395905
v 1.232272 -0.012149 0.401076
v 1.227000 -0.014632 0.413559
v 1.232272 -0.017115 0.426042
v 1.245000 -0.035590 0.425921
v 1.257728 -0.033572 0.421050
v 1.263000 -0.028701 0.409291
v 1.257728 -0.023830 0.397532
v 1.245000 -0.021813 0.392661
v 1.232272 -0.023830 0.397532
v 1.227000 -0.028701 0.409291
v 1.232272 -0.033572 0.421050
v 1.245000 -0.051668 0.417327
v 1.257728 -0.048739 0.412943
v 1.263000 -0.041668 0.402360
v 1.257728 -0.034597 0.391777
v 1.245000 -0.031668 0.387394
v 1.232272 -0.034597 0.391777
v 1.227000 -0.041668 0.402360
v 1.232272 -0.048739 0.412943
v 1.245000 -0.065761 0.405761
v 1.257728 -0.062033 0.402033
v 1.263000 -0.053033 0.393033
v 1.257728 -0.044033 0.384033
v 1.245000 -0.040305 0.380305
v 1.232272 -0.044033 0.384033
v 1.227000 -0.053033 0.393033
v 1.232272 -0.062033 0.402033
v 1.245000 -0.077327 0.391668
v 1.257728 -0.072943 0.388739
v 1.263000 -0.062360 0.381668
v 1.257728 -0.051777 0.374597
v 1.245000 -0.047394 0.371668
v 1.232272 -0.051777 0.374597
v 1.227000 -0.062360 0.381668
v 1.232272 -0.072943 0.388739
v 1.245000 -0.085921 0.375590
v 1.257728 -0.081050 0.373572
v 1.263000 -0.069291 0.368701
v 1.257728 -0.057532 0.363830
v 1.245000 -0.052661 0.361813
v 1.232272 -0.057532 0.363830
v 1.227000 -0.069291 0.368701
v 1.232272 -0.081050 0.373572
v 1.245000 -0.091213 0.358143
v 1.257728 -0.086042 0.357115
v 1.263000 -0.073559 0.354632
v 1.257728 -0.061076 0.352149
v 1.245000 -0.055905 0.351120
v 1.232272 -0.061076 0.352149
v 1.227000 -0.073559 0.354632
v 1.232272 -0.086042 0.357115
v 1.245000 -0.093000 0.340000
v 1.257728 -0.087728 0.340000
v 1.263000 -0.075000 0.340000
v 1.257728 -0.062272 0.340000
v 1.245000 -0.057000 0.340000
v 1.232272 -0.062272 0.340000
v 1.227000 -0.075000 0.340000
v 1.232272 -0.087728 0.340000
v 1.245000 -0.091213 0.321857
v 1.257728 -0.086042 0.322885
v 1.263000 -0.073559 0.325368
v 1.257728 -0.061076 0.327851
v 1.245000 -0.055905 0.328880
v 1.232272 -0.061076 0.327851
v 1.227000 -0.073559 0.325368
v 1.232272 -0.086042 0.322885
v 1.245000 -0.085921 0.304410
v 1.257728 -0.081050 0.306428
v 1.263000 -0.069291 0.311299
v 1.257728 -0.057532 0.316170
v 1.245000 -0.052661 0.318187
v 1.232272 -0.057532 0.316170
v 1.227000 -0.069291 0.311299
v 1.232272 -0.081050 0.306428
v 1.245000 -0.077327 0.288332
v 1.257728 -0.072943 0.291261
v 1.263000 -0.062360 0.298332
v 1.257728 -0.051777 0.305403
v 1.245000 -0.047394 0.308332
v 1.232272 -0.051777 0.305403
v 1.227000 -0.062360 0.298332
v 1.232272 -0.072943 0.291261
v 1.245000 -0.065761 0.274239
v 1.257728 -0.062033 0.277967
v 1.263000 -0.053033 0.286967
v 1.257728 -0.044033 0.295967
v 1.245000 -0.040305 0.299695
v 1.232272 -0.044033 0.295967
v 1.227000 -0.053033 0.286967
v 1.232272 -0.062033 0.277967
v 1.245000 -0.051668 0.262673
v 1.257728 -0.048739 0.267057
v 1.263000 -0.041668 0.277640
v 1.257728 -0.034597 0.288223
v 1.245000 -0.031668 0.292606
v 1.232272 -0.034597 0.288223
v 1.227000 -0.041668 0.277640
v 1.232272 -0.048739 0.267057
v 1.245000 -0.035590 0.254079
v 1.257728 -0.033572 0.258950
v 1.263000 -0.028701 0.270709
v 1.257728 -0.023830 0.282468
v 1.245000 -0.021813 0.287339
v 1.232272 -0.023830 0.282468
v 1.227000 -0.028701 0.270709
v 1.232272 -0.033572 0.258950
v 1.245000 -0.018143 0.248787
v 1.257728 -0.017115 0.253958
v 1.263000 -0.014632 0.266441
v 1.257728 -0.012149 0.278924
v 1.245000 -0.011120 0.284095
v 1.232272 -0.012149 0.278924
v 1.227000 -0.014632 0.266441
v 1.232272 -0.017115 0.253958
v 1.245000 -0.000000 0.247000
v 1.257728 -0.000000 0.252272
v 1.263000 -0.000000 0.265000
v 1.257728 -0.000000 0.277728
v 1.245000 -0.000000 0.283000
v 1.232272 -0.000000 0.277728
v 1.227000 -0.000000 0.265000
v 1.232272 -0.000000 0.252272
v 1.245000 0.018143 0.248787
v 1.257728 0.017115 0.253958
v 1.263000 0.014632 0.266441
v 1.257728 0.012149 0.278924
v 1.245000 0.011120 0.284095
v 1.232272 0.012149 0.278924
v 1.227000 0.014632 0.266441
v 1.232272 0.017115 0.253958
v 1.245000 0.035590 0.254079
v 1.257728 0.033572 0.258950
v 1.263000 0.028701 0.270709
v 1.257728 0.023830 0.282468
v 1.245000 0.021813 0.287339
v 1.232272 0.023830 0.282468
v 1.227000 0.028701 0.270709
v 1.232272 0.033572 0.258950
v 1.245000 0.051668 0.262673
v 1.257728 0.048739 0.267057
v 1.263000 0.041668 0.277640
v 1.257728 0.034597 0.288223
v 1.245000 0.031668 0.292606
v 1.232272 0.034597 0.288223
v 1.227000 0.041668 0.277640
v 1.232272 0.048739 0.267057
v 1.245000 0.065761 0.274239
v 1.257728 0.062033 0.277967
v 1.263000 0.053033 0.286967
v 1.257728 0.044033 0.295967
v 1.245000 0.040305 0.299695
v 1.232272 0.044033 0.295967
v 1.227000 0.053033 0.286967
v 1.232272 0.062033 0.277967
v 1.245000 0.077327 0.288332
v 1.257728 0.072943 0.291261
v 1.263000 0.062360 0.298332
v 1.257728 0.051777 0.305403
v 1.245000 0.047394 0.308332
v 1.232272 0.051777 0.305403
v 1.227000 0.062360 0.298332
v 1.232272 0.072943 0.291261
v 1.245000 0.085921 0.304410
v 1.257728 0.081050 0.306428
v 1.263000 0.069291 0.311299
v 1.257728 0.057532 0.316170
v 1.245000 0.052661 0.318187
v 1.232272 0.057532 0.316170
v 1.227000 0.069291 0.311299
v 1.232272 0.081050 0.306428
v 1.245000 0.091213 0.321857
v 1.257728 0.086042 0.322885
v 1.263000 0.073559 0.325368
v 1.257728 0.061076 0.327851
v 1.245000 0.055905 0.328880
v 1.232272 0.061076 0.327851
v 1.227000 0.073559 0.325368
v 1.232272 0.086042 0.322885
v 1.205000 0.178000 0.340000
v 1.205000 0.172728 0.352728
v 1.240000 0.172728 0.352728
v 1.240000 0.178000 0.340000
v 1.205000 0.160000 0.358000
v 1.240000 0.160000 0.358000
v 1.205000 0.147272 0.352728
v 1.240000 0.147272 0.352728
v 1.205000 0.142000 0.340000
v 1.240000 0.142000 0.340000
v 1.205000 0.147272 0.327272
v 1.240000 0.147272 0.327272
v 1.205000 0.160000 0.322000
v 1.240000 0.160000 0.322000
v 1.205000 0.172728 0.327272
v 1.240000 0.172728 0.327272
v 1.205000 0.160000 0.340000
v 1.240000 0.160000 0.340000
v 1.205000 0.156564 0.420000
v 1.205000 0.151292 0.432728
v 1.240000 0.151292 0.432728
v 1.240000 0.156564 0.420000
v 1.205000 0.138564 0.438000
v 1.240000 0.138564 0.438000
v 1.205000 0.125836 0.432728
v 1.240000 0.125836 0.432728
v 1.205000 0.120564 0.420000
v 1.240000 0.120564 0.420000
v 1.205000 0.125836 0.407272
v 1.240000 0.125836 0.407272
v 1.205000 0.138564 0.402000
v 1.240000 0.138564 0.402000
v 1.205000 0.151292 0.407272
v 1.240000 0.151292 0.407272
v 1.205000 0.138564 0.420000
v 1.240000 0.138564 0.420000
v 1.205000 0.098000 0.478564
v 1.205000 0.092728 0.491292
v 1.240000 0.092728 0.491292
v 1.240000 0.098000 0.478564
v 1.205000 0.080000 0.496564
v 1.240000 0.080000 0.496564
v 1.205000 0.067272 0.491292
v 1.240000 0.067272 0.491292
v 1.205000 0.062000 0.478564
v 1.240000 0.062000 0.478564
v 1.205000 0.067272 0.465836
v 1.240000 0.067272 0.465836
v 1.205000 0.080000 0.460564
v 1.240000 0.080000 0.460564
v 1.205000 0.092728 0.465836
v 1.240000 0.092728 0.465836
v 1.205000 0.080000 0.478564
v 1.240000 0.080000 0.478564
v 1.205000 0.018000 0.500000
v 1.205000 0.012728 0.512728
v 1.240000 0.012728 0.512728
v 1.240000 0.018000 0.500000
v 1.205000 0.000000 0.518000
v 1.240000 0.000000 0.518000
v 1.205000 -0.012728 0.512728
v 1.240000 -0.012728 0.512728
v 1.205000 -0.018000 0.500000
v 1.240000 -0.018000 0.500000
v 1.205000 -0.012728 0.487272
v 1.240000 -0.012728 0.487272
v 1.205000 0.000000 0.482000
v 1.240000 0.000000 0.482000
v 1.205000 0.012728 0.487272
v 1.240000 0.012728 0.487272
v 1.205000 0.000000 0.500000
v 1.240000 0.000000 0.500000
v 1.205000 -0.062000 0.478564
v 1.205000 -0.067272 0.491292
v 1.240000 -0.067272 0.491292
v 1.240000 -0.062000 0.478564
v 1.205000 -0.080000 0.496564
v 1.240000 -0.080000 0.496564
v 1.205000 -0.092728 0.491292
v 1.240000 -0.092728 0.491292
v 1.205000 -0.098000 0.478564
v 1.240000 -0.098000 0.478564
v 1.205000 -0.092728 0.465836
v 1.240000 -0.092728 0.465836
v 1.205000 -0.080000 0.460564
v 1.240000 -0.080000 0.460564
v 1.205000 -0.067272 0.465836
v 1.240000 -0.067272 0.465836
v 1.205000 -0.080000 0.478564
v 1.240000 -0.080000 0.478564
v 1.205000 -0.120564 0.420000
v 1.205000 -0.125836 0.432728
v 1.240000 -0.125836 0.432728
v 1.240000 -0.120564 0.420000
v 1.205000 -0.138564 0.438000
v 1.240000 -0.138564 0.438000
v 1.205000 -0.151292 0.432728
v 1.240000 -0.151292 0.432728
v 1.205000 -0.156564 0.420000
v 1.240000 -0.156564 0.420000
v 1.205000 -0.151292 0.407272
v 1.240000 -0.151292 0.407272
v 1.205000 -0.138564 0.402000
v 1.240000 -0.138564 0.402000
v 1.205000 -0.125836 0.407272
v 1.240000 -0.125836 0.407272
v 1.205000 -0.138564 0.420000
v 1.240000 -0.138564 0.420000
v 1.205000 -0.142000 0.340000
v 1.205000 -0.147272 0.352728
v 1.240000 -0.147272 0.352728
v 1.240000 -0.142000 0.340000
v 1.205000 -0.160000 0.358000
v 1.240000 -0.160000 0.358000
v 1.205000 -0.172728 0.352728
v 1.240000 -0.172728 0.352728
v 1.205000 -0.178000 0.340000
v 1.240000 -0.178000 0.340000
v 1.205000 -0.172728 0.327272
v 1.240000 -0.172728 0.327272
v 1.205000 -0.160000 0.322000
v 1.240000 -0.160000 0.322000
v 1.205000 -0.147272 0.327272
v 1.240000 -0.147272 0.327272
v 1.205000 -0.160000 0.340000
v 1.240000 -0.160000 0.340000
v 1.205000 -0.120564 0.260000
v 1.205000 -0.125836 0.272728
v 1.240000 -0.125836 0.272728
v 1.240000 -0.120564 0.260000
v 1.205000 -0.138564 0.278000
v 1.240000 -0.138564 0.278000
v 1.205000 -0.151292 0.272728
v 1.240000 -0.151292 0.272728
v 1.205000 -0.156564 0.260000
v 1.240000 -0.156564 0.260000
v 1.205000 -0.151292 0.247272
v 1.240000 -0.151292 0.247272
v 1.205000 -0.138564 0.242000
v 1.240000 -0.138564 0.242000
v 1.205000 -0.125836 0.247272
v 1.240000 -0.125836 0.247272
v 1.205000 -0.138564 0.260000
v 1.240000 -0.138564 0.260000
v 1.205000 -0.062000 0.201436
v 1.205000 -0.067272 0.214164
v 1.240000 -0.067272 0.214164
v 1.240000 -0.062000 0.201436
v 1.205000 -0.080000 0.219436
v 1.240000 -0.080000 0.219436
v 1.205000 -0.092728 0.214164
v 1.240000 -0.092728 0.214164
v 1.205000 -0.098000 0.201436
v 1.240000 -0.098000 0.201436
v 1.205000 -0.092728 0.188708
v 1.240000 -0.092728 0.188708
v 1.205000 -0.080000 0.183436
v 1.240000 -0.080000 0.183436
v 1.205000 -0.067272 0.188708
v 1.240000 -0.067272 0.188708
v 1.205000 -0.080000 0.201436
v 1.240000 -0.080000 0.201436
v 1.205000 0.018000 0.180000
v 1.205000 0.012728 0.192728
v 1.240000 0.012728 0.192728
v 1.240000 0.018000 0.180000
v 1.205000 -0.000000 0.198000
v 1.240000 -0.000000 0.198000
v 1.205000 -0.012728 0.192728
v 1.240000 -0.012728 0.192728
v 1.205000 -0.018000 0.180000
v 1.240000 -0.018000 0.180000
v 1.205000 -0.012728 0.167272
v 1.240000 -0.012728 0.167272
v 1.205000 -0.000000 0.162000
v 1.240000 -0.000000 0.162000
v 1.205000 0.012728 0.167272
v 1.240000 0.012728 0.167272
v 1.205000 -0.000000 0.180000
v 1.240000 -0.000000 0.180000
v 1.205000 0.098000 0.201436
v 1.205000 0.092728 0.214164
v 1.240000 0.092728 0.214164
v 1.240000 0.098000 0.201436
v 1.205000 0.080000 0.219436
v 1.240000 0.080000 0.219436
v 1.205000 0.067272 0.214164
v 1.240000 0.067272 0.214164
v 1.205000 0.062000 0.201436
v 1.240000 0.062000 0.201436
v 1.205000 0.067272 0.188708
v 1.240000 0.067272 0.188708
v 1.205000 0.080000 0.183436
v 1.240000 0.080000 0.183436
v 1.205000 0.092728 0.188708
v 1.240000 0.092728 0.188708
v 1.205000 0.080000 0.201436
v 1.240000 0.080000 0.201436
v 1.205000 0.156564 0.260000
v 1.205000 0.151292 0.272728
v 1.240000 0.151292 0.272728
v 1.240000 0.156564 0.260000
v 1.205000 0.138564 0.278000
v 1.240000 0.138564 0.278000
v 1.205000 0.125836 0.272728
v 1.240000 0.125836 0.272728
v 1.205000 0.120564 0.260000
v 1.240000 0.120564 0.260000
v 1.205000 0.125836 0.247272
v 1.240000 0.125836 0.247272
v 1.205000 0.138564 0.242000
v 1.240000 0.138564 0.242000
v 1.205000 0.151292 0.247272
v 1.240000 0.151292 0.247272
v 1.205000 0.138564 0.260000
v 1.240000 0.138564 0.260000
v -1.245000 -0.085000 0.340000
v -1.275000 -0.087664 0.353394
v -1.245000 -0.087664 0.353394
v -1.275000 -0.085000 0.340000
v -1.275000 -0.095251 0.364749
v -1.245000 -0.095251 0.364749
v -1.275000 -0.106606 0.372336
v -1.245000 -0.106606 0.372336
v -1.275000 -0.120000 0.375000
v -1.245000 -0.120000 0.375000
v -1.275000 -0.133394 0.372336
v -1.245000 -0.133394 0.372336
v -1.275000 -0.144749 0.364749
v -1.245000 -0.144749 0.364749
v -1.275000 -0.152336 0.353394
v -1.245000 -0.152336 0.353394
v -1.275000 -0.155000 0.340000
v -1.245000 -0.155000 0.340000
v -1.275000 -0.152336 0.326606
v -1.245000 -0.152336 0.326606
v -1.275000 -0.144749 0.315251
v -1.245000 -0.144749 0.315251
v -1.275000 -0.133394 0.307664
v -1.245000 -0.133394 0.307664
v -1.275000 -0.120000 0.305000
v -1.245000 -0.120000 0.305000
v -1.275000 -0.106606 0.307664
v -1.245000 -0.106606 0.307664
v -1.275000 -0.095251 0.315251
v -1.245000 -0.095251 0.315251
v -1.275000 -0.087664 0.326606
v -1.245000 -0.087664 0.326606
v -1.245000 -0.120000 0.340000
v -1.275000 -0.120000 0.340000
v -1.245000 0.155000 0.340000
v -1.275000 0.152336 0.353394
v -1.245000 0.152336 0.353394
v -1.275000 0.155000 0.340000
v -1.275000 0.144749 0.364749
v -1.245000 0.144749 0.364749
v -1.275000 0.133394 0.372336
v -1.245000 0.133394 0.372336
v -1.275000 0.120000 0.375000
v -1.245000 0.120000 0.375000
v -1.275000 0.106606 0.372336
v -1.245000 0.106606 0.372336
v -1.275000 0.095251 0.364749
v -1.245000 0.095251 0.364749
v -1.275000 0.087664 0.353394
v -1.245000 0.087664 0.353394
v -1.275000 0.085000 0.340000
v -1.245000 0.085000 0.340000
v -1.275000 0.087664 0.326606
v -1.245000 0.087664 0.326606
v -1.275000 0.095251 0.315251
v -1.245000 0.095251 0.315251
v -1.275000 0.106606 0.307664
v -1.245000 0.106606 0.307664
v -1.275000 0.120000 0.305000
v -1.245000 0.120000 0.305000
v -1.275000 0.133394 0.307664
v -1.245000 0.133394 0.307664
v -1.275000 0.144749 0.315251
v -1.245000 0.144749 0.315251
v -1.275000 0.152336 0.326606
v -1.245000 0.152336 0.326606
v -1.245000 0.120000 0.340000
v -1.275000 0.120000 0.340000
v 1.245000 -0.085000 0.340000
v 1.245000 -0.087664 0.353394
v 1.275000 -0.087664 0.353394
v 1.275000 -0.085000 0.340000
v 1.245000 -0.095251 0.364749
v 1.275000 -0.095251 0.364749
v 1.245000 -0.106606 0.372336
v 1.275000 -0.106606 0.372336
v 1.245000 -0.120000 0.375000
v 1.275000 -0.120000 0.375000
v 1.245000 -0.133394 0.372336
v 1.275000 -0.133394 0.372336
v 1.245000 -0.144749 0.364749
v 1.275000 -0.144749 0.364749
v 1.245000 -0.152336 0.353394
v 1.275000 -0.152336 0.353394
v 1.245000 -0.155000 0.340000
v 1.275000 -0.155000 0.340000
v 1.245000 -0.152336 0.326606
v 1.275000 -0.152336 0.326606
v 1.245000 -0.144749 0.315251
v 1.275000 -0.144749 0.315251
v 1.245000 -0.133394 0.307664
v 1.275000 -0.133394 0.307664
v 1.245000 -0.120000 0.305000
v 1.275000 -0.120000 0.305000
v 1.245000 -0.106606 0.307664
v 1.275000 -0.106606 0.307664
v 1.245000 -0.095251 0.315251
v 1.275000 -0.095251 0.315251
v 1.245000 -0.087664 0.326606
v 1.275000 -0.087664 0.326606
v 1.245000 -0.120000 0.340000
v 1.275000 -0.120000 0.340000
v 1.245000 0.155000 0.340000
v 1.245000 0.152336 0.353394
v 1.275000 0.152336 0.353394
v 1.275000 0.155000 0.340000
v 1.245000 0.144749 0.364749
v 1.275000 0.144749 0.364749
v 1.245000 0.133394 0.372336
v 1.275000 0.133394 0.372336
v 1.245000 0.120000 0.375000
v 1.275000 0.120000 0.375000
v 1.245000 0.106606 0.372336
v 1.275000 0.106606 0.372336
v 1.245000 0.095251 0.364749
v 1.275000 0.095251 0.364749
v 1.245000 0.087664 0.353394
v 1.275000 0.087664 0.353394
v 1.245000 0.085000 0.340000
v 1.275000 0.085000 0.340000
v 1.245000 0.087664 0.326606
v 1.275000 0.087664 0.326606
v 1.245000 0.095251 0.315251
v 1.275000 0.095251 0.315251
v 1.245000 0.106606 0.307664
v 1.275000 0.106606 0.307664
v 1.245000 0.120000 0.305000
v 1.275000 0.120000 0.305000
v 1.245000 0.133394 0.307664
v 1.275000 0.133394 0.307664
v 1.245000 0.144749 0.315251
v 1.275000 0.144749 0.315251
v 1.245000 0.152336 0.326606
v 1.275000 0.152336 0.326606
v 1.245000 0.120000 0.340000
v 1.275000 0.120000 0.340000
v 0.000000 1.070000 0.930000
v 0.000000 1.064548 0.971411
v 0.024749 1.054646 0.968758
v 0.024749 1.059749 0.930000
v 0.035000 1.030741 0.962352
v 0.035000 1.035000 0.930000
v 0.024749 1.006835 0.955947
v 0.024749 1.010251 0.930000
v 0.000000 0.996933 0.953294
v 0.000000 1.000000 0.930000
v -0.024749 1.006835 0.955947
v -0.024749 1.010251 0.930000
v -0.035000 1.030741 0.962352
v -0.035000 1.035000 0.930000
v -0.024749 1.054646 0.968758
v -0.024749 1.059749 0.930000
v 0.000000 1.048564 1.010000
v 0.024749 1.039686 1.004874
v 0.035000 1.018253 0.992500
v 0.024749 0.996820 0.980126
v 0.000000 0.987942 0.975000
v -0.024749 0.996820 0.980126
v -0.035000 1.018253 0.992500
v -0.024749 1.039686 1.004874
v 0.000000 1.023137 1.043137
v 0.024749 1.015888 1.035888
v 0.035000 0.998388 1.018388
v 0.024749 0.980888 1.000888
v 0.000000 0.973640 0.993640
v -0.024749 0.980888 1.000888
v -0.035000 0.998388 1.018388
v -0.024749 1.015888 1.035888
v 0.000000 0.990000 1.068564
v 0.024749 0.984874 1.059686
v 0.035000 0.972500 1.038253
v 0.024749 0.960126 1.016820
v 0.000000 0.955000 1.007942
v -0.024749 0.960126 1.016820
v -0.035000 0.972500 1.038253
v -0.024749 0.984874 1.059686
v 0.000000 0.951411 1.084548
v 0.024749 0.948758 1.074646
v 0.035000 0.942352 1.050741
v 0.024749 0.935947 1.026835
v 0.000000 0.933294 1.016933
v -0.024749 0.935947 1.026835
v -0.035000 0.942352 1.050741
v -0.024749 0.948758 1.074646
v 0.000000 0.910000 1.090000
v 0.024749 0.910000 1.079749
v 0.035000 0.910000 1.055000
v 0.024749 0.910000 1.030251
v 0.000000 0.910000 1.020000
v -0.024749 0.910000 1.030251
v -0.035000 0.910000 1.055000
v -0.024749 0.910000 1.079749
v 0.000000 0.868589 1.084548
v 0.024749 0.871242 1.074646
v 0.035000 0.877648 1.050741
v 0.024749 0.884053 1.026835
v 0.000000 0.886706 1.016933
v -0.024749 0.884053 1.026835
v -0.035000 0.877648 1.050741
v -0.024749 0.871242 1.074646
v 0.000000 0.830000 1.068564
v 0.024749 0.835126 1.059686
v 0.035000 0.847500 1.038253
v 0.024749 0.859874 1.016820
v 0.000000 0.865000 1.007942
v -0.024749 0.859874 1.016820
v -0.035000 0.847500 1.038253
v -0.024749 0.835126 1.059686
v 0.000000 0.796863 1.043137
v 0.024749 0.804112 1.035888
v 0.035000 0.821612 1.018388
v 0.024749 0.839112 1.000888
v 0.000000 0.846360 0.993640
v -0.024749 0.839112 1.000888
v -0.035000 0.821612 1.018388
v -0.024749 0.804112 1.035888
v 0.000000 0.771436 1.010000
v 0.024749 0.780314 1.004874
v 0.035000 0.801747 0.992500
v 0.024749 0.823180 0.980126
v 0.000000 0.832058 0.975000
v -0.024749 0.823180 0.980126
v -0.035000 0.801747 0.992500
v -0.024749 0.780314 1.004874
v 0.000000 0.755452 0.971411
v 0.024749 0.765354 0.968758
v 0.035000 0.789259 0.962352
v 0.024749 0.813165 0.955947
v 0.000000 0.823067 0.953294
v -0.024749 0.813165 0.955947
v -0.035000 0.789259 0.962352
v -0.024749 0.765354 0.968758
v 0.000000 0.750000 0.930000
v 0.024749 0.760251 0.930000
v 0.035000 0.785000 0.930000
v 0.024749 0.809749 0.930000
v 0.000000 0.820000 0.930000
v -0.024749 0.809749 0.930000
v -0.035000 0.785000 0.930000
v -0.024749 0.760251 0.930000
v 0.000000 0.755452 0.888589
v 0.024749 0.765354 0.891242
v 0.035000 0.789259 0.897648
v 0.024749 0.813165 0.904053
v 0.000000 0.823067 0.906706
v -0.024749 0.813165 0.904053
v -0.035000 0.789259 0.897648
v -0.024749 0.765354 0.891242
v 0.000000 0.771436 0.850000
v 0.024749 0.780314 0.855126
v 0.035000 0.801747 0.867500
v 0.024749 0.823180 0.879874
v 0.000000 0.832058 0.885000
v -0.024749 0.823180 0.879874
v -0.035000 0.801747 0.867500
v -0.024749 0.780314 0.855126
v 0.000000 0.796863 0.816863
v 0.024749 0.804112 0.824112
v 0.035000 0.821612 0.841612
v 0.024749 0.839112 0.859112
v 0.000000 0.846360 0.866360
v -0.024749 0.839112 0.859112
v -0.035000 0.821612 0.841612
v -0.024749 0.804112 0.824112
v 0.000000 0.830000 0.791436
v 0.024749 0.835126 0.800314
v 0.035000 0.847500 0.821747
v 0.024749 0.859874 0.843180
v 0.000000 0.865000 0.852058
v -0.024749 0.859874 0.843180
v -0.035000 0.847500 0.821747
v -0.024749 0.835126 0.800314
v 0.000000 0.868589 0.775452
v 0.024749 0.871242 0.785354
v 0.035000 0.877648 0.809259
v 0.024749 0.884053 0.833165
v 0.000000 0.886706 0.843067
v -0.024749 0.884053 0.833165
v -0.035000 0.877648 0.809259
v -0.024749 0.871242 0.785354
v 0.000000 0.910000 0.770000
v 0.024749 0.910000 0.780251
v 0.035000 0.910000 0.805000
v 0.024749 0.910000 0.829749
v 0.000000 0.910000 0.840000
v -0.024749 0.910000 0.829749
v -0.035000 0.910000 0.805000
v -0.024749 0.910000 0.780251
v 0.000000 0.951411 0.775452
v 0.024749 0.948758 0.785354
v 0.035000 0.942352 0.809259
v 0.024749 0.935947 0.833165
v 0.000000 0.933294 0.843067
v -0.024749 0.935947 0.833165
v -0.035000 0.942352 0.809259
v -0.024749 0.948758 0.785354
v 0.000000 0.990000 0.791436
v 0.024749 0.984874 0.800314
v 0.035000 0.972500 0.821747
v 0.024749 0.960126 0.843180
v 0.000000 0.955000 0.852058
v -0.024749 0.960126 0.843180
v -0.035000 0.972500 0.821747
v -0.024749 0.984874 0.800314
v 0.000000 1.023137 0.816863
v 0.024749 1.015888 0.824112
v 0.035000 0.998388 0.841612
v 0.024749 0.980888 0.859112
v 0.000000 0.973640 0.866360
v -0.024749 0.980888 0.859112
v -0.035000 0.998388 0.841612
v -0.024749 1.015888 0.824112
v 0.000000 1.048564 0.850000
v 0.024749 1.039686 0.855126
v 0.035000 1.018253 0.867500
v 0.024749 0.996820 0.879874
v 0.000000 0.987942 0.885000
v -0.024749 0.996820 0.879874
v -0.035000 1.018253 0.867500
v -0.024749 1.039686 0.855126
v 0.000000 1.064548 0.888589
v 0.024749 1.054646 0.891242
v 0.035000 1.030741 0.897648
v 0.024749 1.006835 0.904053
v 0.000000 0.996933 0.906706
v -0.024749 1.006835 0.904053
v -0.035000 1.030741 0.897648
v -0.024749 1.054646 0.891242
v -0.120000 0.970000 0.930000
v -0.120000 0.967063 0.948541
v 0.120000 0.967063 0.948541
v 0.120000 0.970000 0.930000
v -0.120000 0.958541 0.965267
v 0.120000 0.958541 0.965267
v -0.120000 0.945267 0.978541
v 0.120000 0.945267 0.978541
v -0.120000 0.928541 0.987063
v 0.120000 0.928541 0.987063
v -0.120000 0.910000 0.990000
v 0.120000 0.910000 0.990000
v -0.120000 0.891459 0.987063
v 0.120000 0.891459 0.987063
v -0.120000 0.874733 0.978541
v 0.120000 0.874733 0.978541
v -0.120000 0.861459 0.965267
v 0.120000 0.861459 0.965267
v -0.120000 0.852937 0.948541
v 0.120000 0.852937 0.948541
v -0.120000 0.850000 0.930000
v 0.120000 0.850000 0.930000
v -0.120000 0.852937 0.911459
v 0.120000 0.852937 0.911459
v -0.120000 0.861459 0.894733
v 0.120000 0.861459 0.894733
v -0.120000 0.874733 0.881459
v 0.120000 0.874733 0.881459
v -0.120000 0.891459 0.872937
v 0.120000 0.891459 0.872937
v -0.120000 0.910000 0.870000
v 0.120000 0.910000 0.870000
v -0.120000 0.928541 0.872937
v 0.120000 0.928541 0.872937
v -0.120000 0.945267 0.881459
v 0.120000 0.945267 0.881459
v -0.120000 0.958541 0.894733
v 0.120000 0.958541 0.894733
v -0.120000 0.967063 0.911459
v 0.120000 0.967063 0.911459
v -0.120000 0.910000 0.930000
v 0.120000 0.910000 0.930000
v 0.850000 0.100000 0.720000
v 0.785000 0.360000 0.720000
v 0.685000 0.360000 1.400000
v 0.760000 0.100000 1.400000
v 0.742712 0.095678 1.397458
v 0.667712 0.355678 1.397458
v 0.767712 0.355678 0.717458
v 0.832712 0.095678 0.717458
v 0.810000 0.275000 0.840000
v 0.810000 0.271575 0.857221
v 0.850000 0.271575 0.857221
v 0.850000 0.275000 0.840000
v 0.810000 0.261820 0.871820
v 0.850000 0.261820 0.871820
v 0.810000 0.247221 0.881575
v 0.850000 0.247221 0.881575
v 0.810000 0.230000 0.885000
v 0.850000 0.230000 0.885000
v 0.810000 0.212779 0.881575
v 0.850000 0.212779 0.881575
v 0.810000 0.198180 0.871820
v 0.850000 0.198180 0.871820
v 0.810000 0.188425 0.857221
v 0.850000 0.188425 0.857221
v 0.810000 0.185000 0.840000
v 0.850000 0.185000 0.840000
v 0.810000 0.188425 0.822779
v 0.850000 0.188425 0.822779
v 0.810000 0.198180 0.808180
v 0.850000 0.198180 0.808180
v 0.810000 0.212779 0.798425
v 0.850000 0.212779 0.798425
v 0.810000 0.230000 0.795000
v 0.850000 0.230000 0.795000
v 0.810000 0.247221 0.798425
v 0.850000 0.247221 0.798425
v 0.810000 0.261820 0.808180
v 0.850000 0.261820 0.808180
v 0.810000 0.271575 0.822779
v 0.850000 0.271575 0.822779
v 0.810000 0.230000 0.840000
v 0.850000 0.230000 0.840000
v 0.850000 0.258000 0.840000
v 0.850000 0.255869 0.850715
v 0.875000 0.255869 0.850715
v 0.875000 0.258000 0.840000
v 0.850000 0.249799 0.859799
v 0.875000 0.249799 0.859799
v 0.850000 0.240715 0.865869
v 0.875000 0.240715 0.865869
v 0.850000 0.230000 0.868000
v 0.875000 0.230000 0.868000
v 0.850000 0.219285 0.865869
v 0.875000 0.219285 0.865869
v 0.850000 0.210201 0.859799
v 0.875000 0.210201 0.859799
v 0.850000 0.204131 0.850715
v 0.875000 0.204131 0.850715
v 0.850000 0.202000 0.840000
v 0.875000 0.202000 0.840000
v 0.850000 0.204131 0.829285
v 0.875000 0.204131 0.829285
v 0.850000 0.210201 0.820201
v 0.875000 0.210201 0.820201
v 0.850000 0.219285 0.814131
v 0.875000 0.219285 0.814131
v 0.850000 0.230000 0.812000
v 0.875000 0.230000 0.812000
v 0.850000 0.240715 0.814131
v 0.875000 0.240715 0.814131
v 0.850000 0.249799 0.820201
v 0.875000 0.249799 0.820201
v 0.850000 0.255869 0.829285
v 0.875000 0.255869 0.829285
v 0.875000 0.230000 0.840000
v 0.790000 0.275000 1.020000
v 0.790000 0.271575 1.037221
v 0.830000 0.271575 1.037221
v 0.830000 0.275000 1.020000
v 0.790000 0.261820 1.051820
v 0.830000 0.261820 1.051820
v 0.790000 0.247221 1.061575
v 0.830000 0.247221 1.061575
v 0.790000 0.230000 1.065000
v 0.830000 0.230000 1.065000
v 0.790000 0.212779 1.061575
v 0.830000 0.212779 1.061575
v 0.790000 0.198180 1.051820
v 0.830000 0.198180 1.051820
v 0.790000 0.188425 1.037221
v 0.830000 0.188425 1.037221
v 0.790000 0.185000 1.020000
v 0.830000 0.185000 1.020000
v 0.790000 0.188425 1.002779
v 0.830000 0.188425 1.002779
v 0.790000 0.198180 0.988180
v 0.830000 0.198180 0.988180
v 0.790000 0.212779 0.978425
v 0.830000 0.212779 0.978425
v 0.790000 0.230000 0.975000
v 0.830000 0.230000 0.975000
v 0.790000 0.247221 0.978425
v 0.830000 0.247221 0.978425
v 0.790000 0.261820 0.988180
v 0.830000 0.261820 0.988180
v 0.790000 0.271575 1.002779
v 0.830000 0.271575 1.002779
v 0.790000 0.230000 1.020000
v 0.830000 0.230000 1.020000
v 0.830000 0.258000 1.020000
v 0.830000 0.255869 1.030715
v 0.855000 0.255869 1.030715
v 0.855000 0.258000 1.020000
v 0.830000 0.249799 1.039799
v 0.855000 0.249799 1.039799
v 0.830000 0.240715 1.045869
v 0.855000 0.240715 1.045869
v 0.830000 0.230000 1.048000
v 0.855000 0.230000 1.048000
v 0.830000 0.219285 1.045869
v 0.855000 0.219285 1.045869
v 0.830000 0.210201 1.039799
v 0.855000 0.210201 1.039799
v 0.830000 0.204131 1.030715
v 0.855000 0.204131 1.030715
v 0.830000 0.202000 1.020000
v 0.855000 0.202000 1.020000
v 0.830000 0.204131 1.009285
v 0.855000 0.204131 1.009285
v 0.830000 0.210201 1.000201
v 0.855000 0.210201 1.000201
v 0.830000 0.219285 0.994131
v 0.855000 0.219285 0.994131
v 0.830000 0.230000 0.992000
v 0.855000 0.230000 0.992000
v 0.830000 0.240715 0.994131
v 0.855000 0.240715 0.994131
v 0.830000 0.249799 1.000201
v 0.855000 0.249799 1.000201
v 0.830000 0.255869 1.009285
v 0.855000 0.255869 1.009285
v 0.855000 0.230000 1.020000
v 0.770000 0.275000 1.200000
v 0.770000 0.271575 1.217221
v 0.810000 0.271575 1.217221
v 0.810000 0.275000 1.200000
v 0.770000 0.261820 1.231820
v 0.810000 0.261820 1.231820
v 0.770000 0.247221 1.241575
v 0.810000 0.247221 1.241575
v 0.770000 0.230000 1.245000
v 0.810000 0.230000 1.245000
v 0.770000 0.212779 1.241575
v 0.810000 0.212779 1.241575
v 0.770000 0.198180 1.231820
v 0.810000 0.198180 1.231820
v 0.770000 0.188425 1.217221
v 0.810000 0.188425 1.217221
v 0.770000 0.185000 1.200000
v 0.810000 0.185000 1.200000
v 0.770000 0.188425 1.182779
v 0.810000 0.188425 1.182779
v 0.770000 0.198180 1.168180
v 0.810000 0.198180 1.168180
v 0.770000 0.212779 1.158425
v 0.810000 0.212779 1.158425
v 0.770000 0.230000 1.155000
v 0.810000 0.230000 1.155000
v 0.770000 0.247221 1.158425
v 0.810000 0.247221 1.158425
v 0.770000 0.261820 1.168180
v 0.810000 0.261820 1.168180
v 0.770000 0.271575 1.182779
v 0.810000 0.271575 1.182779
v 0.770000 0.230000 1.200000
v 0.810000 0.230000 1.200000
v 0.810000 0.258000 1.200000
v 0.810000 0.255869 1.210715
v 0.835000 0.255869 1.210715
v 0.835000 0.258000 1.200000
v 0.810000 0.249799 1.219799
v 0.835000 0.249799 1.219799
v 0.810000 0.240715 1.225869
v 0.835000 0.240715 1.225869
v 0.810000 0.230000 1.228000
v 0.835000 0.230000 1.228000
v 0.810000 0.219285 1.225869
v 0.835000 0.219285 1.225869
v 0.810000 0.210201 1.219799
v 0.835000 0.210201 1.219799
v 0.810000 0.204131 1.210715
v 0.835000 0.204131 1.210715
v 0.810000 0.202000 1.200000
v 0.835000 0.202000 1.200000
v 0.810000 0.204131 1.189285
v 0.835000 0.204131 1.189285
v 0.810000 0.210201 1.180201
v 0.835000 0.210201 1.180201
v 0.810000 0.219285 1.174131
v 0.835000 0.219285 1.174131
v 0.810000 0.230000 1.172000
v 0.835000 0.230000 1.172000
v 0.810000 0.240715 1.174131
v 0.835000 0.240715 1.174131
v 0.810000 0.249799 1.180201
v 0.835000 0.249799 1.180201
v 0.810000 0.255869 1.189285
v 0.835000 0.255869 1.189285
v 0.835000 0.230000 1.200000
v 0.721000 0.275000 1.240000
v 0.704000 0.320000 1.240000
v 0.691000 0.320000 1.330000
v 0.707000 0.275000 1.330000
v 0.703292 0.273599 1.329464
v 0.687292 0.318599 1.329464
v 0.700292 0.318599 1.239464
v 0.717292 0.273599 1.239464
v -0.734159 -0.240000 1.215000
v -0.737597 -0.229420 1.215000
v -0.737597 -0.229420 1.345000
v -0.734159 -0.240000 1.345000
v -0.746597 -0.222881 1.215000
v -0.746597 -0.222881 1.345000
v -0.757721 -0.222881 1.215000
v -0.757721 -0.222881 1.345000
v -0.766721 -0.229420 1.215000
v -0.766721 -0.229420 1.345000
v -0.770159 -0.240000 1.215000
v -0.770159 -0.240000 1.345000
v -0.766721 -0.250580 1.215000
v -0.766721 -0.250580 1.345000
v -0.757721 -0.257119 1.215000
v -0.757721 -0.257119 1.345000
v -0.746597 -0.257119 1.215000
v -0.746597 -0.257119 1.345000
v -0.737597 -0.250580 1.215000
v -0.737597 -0.250580 1.345000
v -0.752159 -0.240000 1.215000
v -0.752159 -0.240000 1.345000
v -0.772000 0.000000 1.215000
v -0.775438 0.010580 1.215000
v -0.775438 0.010580 1.345000
v -0.772000 0.000000 1.345000
v -0.784438 0.017119 1.215000
v -0.784438 0.017119 1.345000
v -0.795562 0.017119 1.215000
v -0.795562 0.017119 1.345000
v -0.804562 0.010580 1.215000
v -0.804562 0.010580 1.345000
v -0.808000 0.000000 1.215000
v -0.808000 0.000000 1.345000
v -0.804562 -0.010580 1.215000
v -0.804562 -0.010580 1.345000
v -0.795562 -0.017119 1.215000
v -0.795562 -0.017119 1.345000
v -0.784438 -0.017119 1.215000
v -0.784438 -0.017119 1.345000
v -0.775438 -0.010580 1.215000
v -0.775438 -0.010580 1.345000
v -0.790000 0.000000 1.215000
v -0.790000 0.000000 1.345000
v -0.734159 0.240000 1.215000
v -0.737597 0.250580 1.215000
v -0.737597 0.250580 1.345000
v -0.734159 0.240000 1.345000
v -0.746597 0.257119 1.215000
v -0.746597 0.257119 1.345000
v -0.757721 0.257119 1.215000
v -0.757721 0.257119 1.345000
v -0.766721 0.250580 1.215000
v -0.766721 0.250580 1.345000
v -0.770159 0.240000 1.215000
v -0.770159 0.240000 1.345000
v -0.766721 0.229420 1.215000
v -0.766721 0.229420 1.345000
v -0.757721 0.222881 1.215000
v -0.757721 0.222881 1.345000
v -0.746597 0.222881 1.215000
v -0.746597 0.222881 1.345000
v -0.737597 0.229420 1.215000
v -0.737597 0.229420 1.345000
v -0.752159 0.240000 1.215000
v -0.752159 0.240000 1.345000
v -0.698283 -0.240000 1.355000
v -0.701720 -0.229420 1.355000
v -0.701720 -0.229420 1.485000
v -0.698283 -0.240000 1.485000
v -0.710720 -0.222881 1.355000
v -0.710720 -0.222881 1.485000
v -0.721845 -0.222881 1.355000
v -0.721845 -0.222881 1.485000
v -0.730845 -0.229420 1.355000
v -0.730845 -0.229420 1.485000
v -0.734283 -0.240000 1.355000
v -0.734283 -0.240000 1.485000
v -0.730845 -0.250580 1.355000
v -0.730845 -0.250580 1.485000
v -0.721845 -0.257119 1.355000
v -0.721845 -0.257119 1.485000
v -0.710720 -0.257119 1.355000
v -0.710720 -0.257119 1.485000
v -0.701720 -0.250580 1.355000
v -0.701720 -0.250580 1.485000
v -0.716283 -0.240000 1.355000
v -0.716283 -0.240000 1.485000
v -0.737946 0.000000 1.355000
v -0.741384 0.010580 1.355000
v -0.741384 0.010580 1.485000
v -0.737946 0.000000 1.485000
v -0.750384 0.017119 1.355000
v -0.750384 0.017119 1.485000
v -0.761508 0.017119 1.355000
v -0.761508 0.017119 1.485000
v -0.770508 0.010580 1.355000
v -0.770508 0.010580 1.485000
v -0.773946 0.000000 1.355000
v -0.773946 0.000000 1.485000
v -0.770508 -0.010580 1.355000
v -0.770508 -0.010580 1.485000
v -0.761508 -0.017119 1.355000
v -0.761508 -0.017119 1.485000
v -0.750384 -0.017119 1.355000
v -0.750384 -0.017119 1.485000
v -0.741384 -0.010580 1.355000
v -0.741384 -0.010580 1.485000
v -0.755946 0.000000 1.355000
v -0.755946 0.000000 1.485000
v -0.698283 0.240000 1.355000
v -0.701720 0.250580 1.355000
v -0.701720 0.250580 1.485000
v -0.698283 0.240000 1.485000
v -0.710720 0.257119 1.355000
v -0.710720 0.257119 1.485000
v -0.721845 0.257119 1.355000
v -0.721845 0.257119 1.485000
v -0.730845 0.250580 1.355000
v -0.730845 0.250580 1.485000
v -0.734283 0.240000 1.355000
v -0.734283 0.240000 1.485000
v -0.730845 0.229420 1.355000
v -0.730845 0.229420 1.485000
v -0.721845 0.222881 1.355000
v -0.721845 0.222881 1.485000
v -0.710720 0.222881 1.355000
v -0.710720 0.222881 1.485000
v -0.701720 0.229420 1.355000
v -0.701720 0.229420 1.485000
v -0.716283 0.240000 1.355000
v -0.716283 0.240000 1.485000
v -0.662216 -0.240000 1.495000
v -0.665654 -0.229420 1.495000
v -0.665654 -0.229420 1.625000
v -0.662216 -0.240000 1.625000
v -0.674654 -0.222881 1.495000
v -0.674654 -0.222881 1.625000
v -0.685779 -0.222881 1.495000
v -0.685779 -0.222881 1.625000
v -0.694779 -0.229420 1.495000
v -0.694779 -0.229420 1.625000
v -0.698216 -0.240000 1.495000
v -0.698216 -0.240000 1.625000
v -0.694779 -0.250580 1.495000
v -0.694779 -0.250580 1.625000
v -0.685779 -0.257119 1.495000
v -0.685779 -0.257119 1.625000
v -0.674654 -0.257119 1.495000
v -0.674654 -0.257119 1.625000
v -0.665654 -0.250580 1.495000
v -0.665654 -0.250580 1.625000
v -0.680216 -0.240000 1.495000
v -0.680216 -0.240000 1.625000
v -0.703892 0.000000 1.495000
v -0.707330 0.010580 1.495000
v -0.707330 0.010580 1.625000
v -0.703892 0.000000 1.625000
v -0.716330 0.017119 1.495000
v -0.716330 0.017119 1.625000
v -0.727454 0.017119 1.495000
v -0.727454 0.017119 1.625000
v -0.736454 0.010580 1.495000
v -0.736454 0.010580 1.625000
v -0.739892 0.000000 1.495000
v -0.739892 0.000000 1.625000
v -0.736454 -0.010580 1.495000
v -0.736454 -0.010580 1.625000
v -0.727454 -0.017119 1.495000
v -0.727454 -0.017119 1.625000
v -0.716330 -0.017119 1.495000
v -0.716330 -0.017119 1.625000
v -0.707330 -0.010580 1.495000
v -0.707330 -0.010580 1.625000
v -0.721892 0.000000 1.495000
v -0.721892 0.000000 1.625000
v -0.662216 0.240000 1.495000
v -0.665654 0.250580 1.495000
v -0.665654 0.250580 1.625000
v -0.662216 0.240000 1.625000
v -0.674654 0.257119 1.495000
v -0.674654 0.257119 1.625000
v -0.685779 0.257119 1.495000
v -0.685779 0.257119 1.625000
v -0.694779 0.250580 1.495000
v -0.694779 0.250580 1.625000
v -0.698216 0.240000 1.495000
v -0.698216 0.240000 1.625000
v -0.694779 0.229420 1.495000
v -0.694779 0.229420 1.625000
v -0.685779 0.222881 1.495000
v -0.685779 0.222881 1.625000
v -0.674654 0.222881 1.495000
v -0.674654 0.222881 1.625000
v -0.665654 0.229420 1.495000
v -0.665654 0.229420 1.625000
v -0.680216 0.240000 1.495000
v -0.680216 0.240000 1.625000
v 0.770159 -0.240000 1.215000
v 0.766721 -0.229420 1.215000
v 0.766721 -0.229420 1.345000
v 0.770159 -0.240000 1.345000
v 0.757721 -0.222881 1.215000
v 0.757721 -0.222881 1.345000
v 0.746597 -0.222881 1.215000
v 0.746597 -0.222881 1.345000
v 0.737597 -0.229420 1.215000
v 0.737597 -0.229420 1.345000
v 0.734159 -0.240000 1.215000
v 0.734159 -0.240000 1.345000
v 0.737597 -0.250580 1.215000
v 0.737597 -0.250580 1.345000
v 0.746597 -0.257119 1.215000
v 0.746597 -0.257119 1.345000
v 0.757721 -0.257119 1.215000
v 0.757721 -0.257119 1.345000
v 0.766721 -0.250580 1.215000
v 0.766721 -0.250580 1.345000
v 0.752159 -0.240000 1.215000
v 0.752159 -0.240000 1.345000
v 0.808000 0.000000 1.215000
v 0.804562 0.010580 1.215000
v 0.804562 0.010580 1.345000
v 0.808000 0.000000 1.345000
v 0.795562 0.017119 1.215000
v 0.795562 0.017119 1.345000
v 0.784438 0.017119 1.215000
v 0.784438 0.017119 1.345000
v 0.775438 0.010580 1.215000
v 0.775438 0.010580 1.345000
v 0.772000 0.000000 1.215000
v 0.772000 0.000000 1.345000
v 0.775438 -0.010580 1.215000
v 0.775438 -0.010580 1.345000
v 0.784438 -0.017119 1.215000
v 0.784438 -0.017119 1.345000
v 0.795562 -0.017119 1.215000
v 0.795562 -0.017119 1.345000
v 0.804562 -0.010580 1.215000
v 0.804562 -0.010580 1.345000
v 0.790000 0.000000 1.215000
v 0.790000 0.000000 1.345000
v 0.770159 0.240000 1.215000
v 0.766721 0.250580 1.215000
v 0.766721 0.250580 1.345000
v 0.770159 0.240000 1.345000
v 0.757721 0.257119 1.215000
v 0.757721 0.257119 1.345000
v 0.746597 0.257119 1.215000
v 0.746597 0.257119 1.345000
v 0.737597 0.250580 1.215000
v 0.737597 0.250580 1.345000
v 0.734159 0.240000 1.215000
v 0.734159 0.240000 1.345000
v 0.737597 0.229420 1.215000
v 0.737597 0.229420 1.345000
v 0.746597 0.222881 1.215000
v 0.746597 0.222881 1.345000
v 0.757721 0.222881 1.215000
v 0.757721 0.222881 1.345000
v 0.766721 0.229420 1.215000
v 0.766721 0.229420 1.345000
v 0.752159 0.240000 1.215000
v 0.752159 0.240000 1.345000
v 0.734283 -0.240000 1.355000
v 0.730845 -0.229420 1.355000
v 0.730845 -0.229420 1.485000
v 0.734283 -0.240000 1.485000
v 0.721845 -0.222881 1.355000
v 0.721845 -0.222881 1.485000
v 0.710720 -0.222881 1.355000
v 0.710720 -0.222881 1.485000
v 0.701720 -0.229420 1.355000
v 0.701720 -0.229420 1.485000
v 0.698283 -0.240000 1.355000
v 0.698283 -0.240000 1.485000
v 0.701720 -0.250580 1.355000
v 0.701720 -0.250580 1.485000
v 0.710720 -0.257119 1.355000
v 0.710720 -0.257119 1.485000
v 0.721845 -0.257119 1.355000
v 0.721845 -0.257119 1.485000
v 0.730845 -0.250580 1.355000
v 0.730845 -0.250580 1.485000
v 0.716283 -0.240000 1.355000
v 0.716283 -0.240000 1.485000
v 0.773946 0.000000 1.355000
v 0.770508 0.010580 1.355000
v 0.770508 0.010580 1.485000
v 0.773946 0.000000 1.485000
v 0.761508 0.017119 1.355000
v 0.761508 0.017119 1.485000
v 0.750384 0.017119 1.355000
v 0.750384 0.017119 1.485000
v 0.741384 0.010580 1.355000
v 0.741384 0.010580 1.485000
v 0.737946 0.000000 1.355000
v 0.737946 0.000000 1.485000
v 0.741384 -0.010580 1.355000
v 0.741384 -0.010580 1.485000
v 0.750384 -0.017119 1.355000
v 0.750384 -0.017119 1.485000
v 0.761508 -0.017119 1.355000
v 0.761508 -0.017119 1.485000
v 0.770508 -0.010580 1.355000
v 0.770508 -0.010580 1.485000
v 0.755946 0.000000 1.355000
v 0.755946 0.000000 1.485000
v 0.734283 0.240000 1.355000
v 0.730845 0.250580 1.355000
v 0.730845 0.250580 1.485000
v 0.734283 0.240000 1.485000
v 0.721845 0.257119 1.355000
v 0.721845 0.257119 1.485000
v 0.710720 0.257119 1.355000
v 0.710720 0.257119 1.485000
v 0.701720 0.250580 1.355000
v 0.701720 0.250580 1.485000
v 0.698283 0.240000 1.355000
v 0.698283 0.240000 1.485000
v 0.701720 0.229420 1.355000
v 0.701720 0.229420 1.485000
v 0.710720 0.222881 1.355000
v 0.710720 0.222881 1.485000
v 0.721845 0.222881 1.355000
v 0.721845 0.222881 1.485000
v 0.730845 0.229420 1.355000
v 0.730845 0.229420 1.485000
v 0.716283 0.240000 1.355000
v 0.716283 0.240000 1.485000
v 0.698216 -0.240000 1.495000
v 0.694779 -0.229420 1.495000
v 0.694779 -0.229420 1.625000
v 0.698216 -0.240000 1.625000
v 0.685779 -0.222881 1.495000
v 0.685779 -0.222881 1.625000
v 0.674654 -0.222881 1.495000
v 0.674654 -0.222881 1.625000
v 0.665654 -0.229420 1.495000
v 0.665654 -0.229420 1.625000
v 0.662216 -0.240000 1.495000
v 0.662216 -0.240000 1.625000
v 0.665654 -0.250580 1.495000
v 0.665654 -0.250580 1.625000
v 0.674654 -0.257119 1.495000
v 0.674654 -0.257119 1.625000
v 0.685779 -0.257119 1.495000
v 0.685779 -0.257119 1.625000
v 0.694779 -0.250580 1.495000
v 0.694779 -0.250580 1.625000
v 0.680216 -0.240000 1.495000
v 0.680216 -0.240000 1.625000
v 0.739892 0.000000 1.495000
v 0.736454 0.010580 1.495000
v 0.736454 0.010580 1.625000
v 0.739892 0.000000 1.625000
v 0.727454 0.017119 1.495000
v 0.727454 0.017119 1.625000
v 0.716330 0.017119 1.495000
v 0.716330 0.017119 1.625000
v 0.707330 0.010580 1.495000
v 0.707330 0.010580 1.625000
v 0.703892 0.000000 1.495000
v 0.703892 0.000000 1.625000
v 0.707330 -0.010580 1.495000
v 0.707330 -0.010580 1.625000
v 0.716330 -0.017119 1.495000
v 0.716330 -0.017119 1.625000
v 0.727454 -0.017119 1.495000
v 0.727454 -0.017119 1.625000
v 0.736454 -0.010580 1.495000
v 0.736454 -0.010580 1.625000
v 0.721892 0.000000 1.495000
v 0.721892 0.000000 1.625000
v 0.698216 0.240000 1.495000
v 0.694779 0.250580 1.495000
v 0.694779 0.250580 1.625000
v 0.698216 0.240000 1.625000
v 0.685779 0.257119 1.495000
v 0.685779 0.257119 1.625000
v 0.674654 0.257119 1.495000
v 0.674654 0.257119 1.625000
v 0.665654 0.250580 1.495000
v 0.665654 0.250580 1.625000
v 0.662216 0.240000 1.495000
v 0.662216 0.240000 1.625000
v 0.665654 0.229420 1.495000
v 0.665654 0.229420 1.625000
v 0.674654 0.222881 1.495000
v 0.674654 0.222881 1.625000
v 0.685779 0.222881 1.495000
v 0.685779 0.222881 1.625000
v 0.694779 0.229420 1.495000
v 0.694779 0.229420 1.625000
v 0.680216 0.240000 1.495000
v 0.680216 0.240000 1.625000
vn 0.894427 0.000000 -0.447214
vn 0.886775 0.116746 -0.447214
vn 0.863950 0.231495 -0.447214
vn 0.826343 0.342282 -0.447214
vn 0.774597 0.447214 -0.447214
vn 0.709597 0.544493 -0.447214
vn 0.632456 0.632456 -0.447214
vn 0.544493 0.709597 -0.447214
vn 0.447214 0.774597 -0.447214
vn 0.342282 0.826343 -0.447214
vn 0.231495 0.863950 -0.447214
vn 0.116746 0.886775 -0.447214
vn 0.000000 0.894427 -0.447214
vn -0.116746 0.886775 -0.447214
vn -0.231495 0.863950 -0.447214
vn -0.342282 0.826343 -0.447214
vn -0.447214 0.774597 -0.447214
vn -0.544493 0.709597 -0.447214
vn -0.632456 0.632456 -0.447214
vn -0.709597 0.544493 -0.447214
vn -0.774597 0.447214 -0.447214
vn -0.826343 0.342282 -0.447214
vn -0.863950 0.231495 -0.447214
vn -0.886775 0.116746 -0.447214
vn -0.894427 0.000000 -0.447214
vn -0.886775 -0.116746 -0.447214
vn -0.863950 -0.231495 -0.447214
vn -0.826343 -0.342282 -0.447214
vn -0.774597 -0.447214 -0.447214
vn -0.709597 -0.544493 -0.447214
vn -0.632456 -0.632456 -0.447214
vn -0.544493 -0.709597 -0.447214
vn -0.447214 -0.774597 -0.447214
vn -0.342282 -0.826343 -0.447214
vn -0.231495 -0.863950 -0.447214
vn -0.116746 -0.886775 -0.447214
vn -0.000000 -0.894427 -0.447214
vn 0.116746 -0.886775 -0.447214
vn 0.231495 -0.863950 -0.447214
vn 0.342282 -0.826343 -0.447214
vn 0.447214 -0.774597 -0.447214
vn 0.544493 -0.709597 -0.447214
vn 0.632456 -0.632456 -0.447214
vn 0.709597 -0.544493 -0.447214
vn 0.774597 -0.447214 -0.447214
vn 0.826343 -0.342282 -0.447214
vn 0.863950 -0.231495 -0.447214
vn 0.886775 -0.116746 -0.447214
vn 0.988012 0.000000 -0.154377
vn 0.979559 0.128961 -0.154377
vn 0.954346 0.255716 -0.154377
vn 0.912804 0.378096 -0.154377
vn 0.855644 0.494006 -0.154377
vn 0.783843 0.601464 -0.154377
vn 0.698630 0.698630 -0.154377
vn 0.601464 0.783843 -0.154377
vn 0.494006 0.855644 -0.154377
vn 0.378096 0.912804 -0.154377
vn 0.255716 0.954346 -0.154377
vn 0.128961 0.979559 -0.154377
vn 0.000000 0.988012 -0.154377
vn -0.128961 0.979559 -0.154377
vn -0.255716 0.954346 -0.154377
vn -0.378096 0.912804 -0.154377
vn -0.494006 0.855644 -0.154377
vn -0.601464 0.783843 -0.154377
vn -0.698630 0.698630 -0.154377
vn -0.783843 0.601464 -0.154377
vn -0.855644 0.494006 -0.154377
vn -0.912804 0.378096 -0.154377
vn -0.954346 0.255716 -0.154377
vn -0.979559 0.128961 -0.154377
vn -0.988012 0.000000 -0.154377
vn -0.979559 -0.128961 -0.154377
vn -0.954346 -0.255716 -0.154377
vn -0.912804 -0.378096 -0.154377
vn -0.855644 -0.494006 -0.154377
vn -0.783843 -0.601464 -0.154377
vn -0.698630 -0.698630 -0.154377
vn -0.601464 -0.783843 -0.154377
vn -0.494006 -0.855644 -0.154377
vn -0.378096 -0.912804 -0.154377
vn -0.255716 -0.954346 -0.154377
vn -0.128961 -0.979559 -0.154377
vn -0.000000 -0.988012 -0.154377
vn 0.128961 -0.979559 -0.154377
vn 0.255716 -0.954346 -0.154377
vn 0.378096 -0.912804 -0.154377
vn 0.494006 -0.855644 -0.154377
vn 0.601464 -0.783843 -0.154377
vn 0.698630 -0.698630 -0.154377
vn 0.783843 -0.601464 -0.154377
vn 0.855644 -0.494006 -0.154377
vn 0.912804 -0.378096 -0.154377
vn 0.954346 -0.255716 -0.154377
vn 0.979559 -0.128961 -0.154377
vn 0.999671 0.000000 0.025633
vn 0.991119 0.130483 0.025633
vn 0.965608 0.258734 0.025633
vn 0.923576 0.382558 0.025633
vn 0.865741 0.499836 0.025633
vn 0.793093 0.608561 0.025633
vn 0.706874 0.706874 0.025633
vn 0.608561 0.793093 0.025633
vn 0.499836 0.865741 0.025633
vn 0.382558 0.923576 0.025633
vn 0.258734 0.965608 0.025633
vn 0.130483 0.991119 0.025633
vn 0.000000 0.999671 0.025633
vn -0.130483 0.991119 0.025633
vn -0.258734 0.965608 0.025633
vn -0.382558 0.923576 0.025633
vn -0.499836 0.865741 0.025633
vn -0.608561 0.793093 0.025633
vn -0.706874 0.706874 0.025633
vn -0.793093 0.608561 0.025633
vn -0.865741 0.499836 0.025633
vn -0.923576 0.382558 0.025633
vn -0.965608 0.258734 0.025633
vn -0.991119 0.130483 0.025633
vn -0.999671 0.000000 0.025633
vn -0.991119 -0.130483 0.025633
vn -0.965608 -0.258734 0.025633
vn -0.923576 -0.382558 0.025633
vn -0.865741 -0.499836 0.025633
vn -0.793093 -0.608561 0.025633
vn -0.706874 -0.706874 0.025633
vn -0.608561 -0.793093 0.025633
vn -0.499836 -0.865741 0.025633
vn -0.382558 -0.923576 0.025633
vn -0.258734 -0.965608 0.025633
vn -0.130483 -0.991119 0.025633
vn -0.000000 -0.999671 0.025633
vn 0.130483 -0.991119 0.025633
vn 0.258734 -0.965608 0.025633
vn 0.382558 -0.923576 0.025633
vn 0.499836 -0.865741 0.025633
vn 0.608561 -0.793093 0.025633
vn 0.706874 -0.706874 0.025633
vn 0.793093 -0.608561 0.025633
vn 0.865741 -0.499836 0.025633
vn 0.923576 -0.382558 0.025633
vn 0.965608 -0.258734 0.025633
vn 0.991119 -0.130483 0.025633
vn 0.995037 0.000000 0.099504
vn 0.986525 0.129878 0.099504
vn 0.961132 0.257535 0.099504
vn 0.919294 0.380784 0.099504
vn 0.861727 0.497519 0.099504
vn 0.789416 0.605740 0.099504
vn 0.703598 0.703598 0.099504
vn 0.605740 0.789416 0.099504
vn 0.497519 0.861727 0.099504
vn 0.380784 0.919294 0.099504
vn 0.257535 0.961132 0.099504
vn 0.129878 0.986525 0.099504
vn 0.000000 0.995037 0.099504
vn -0.129878 0.986525 0.099504
vn -0.257535 0.961132 0.099504
vn -0.380784 0.919294 0.099504
vn -0.497519 0.861727 0.099504
vn -0.605740 0.789416 0.099504
vn -0.703598 0.703598 0.099504
vn -0.789416 0.605740 0.099504
vn -0.861727 0.497519 0.099504
vn -0.919294 0.380784 0.099504
vn -0.961132 0.257535 0.099504
vn -0.986525 0.129878 0.099504
vn -0.995037 0.000000 0.099504
vn -0.986525 -0.129878 0.099504
vn -0.961132 -0.257535 0.099504
vn -0.919294 -0.380784 0.099504
vn -0.861727 -0.497519 0.099504
vn -0.789416 -0.605740 0.099504
vn -0.703598 -0.703598 0.099504
vn -0.605740 -0.789416 0.099504
vn -0.497519 -0.861727 0.099504
vn -0.380784 -0.919294 0.099504
vn -0.257535 -0.961132 0.099504
vn -0.129878 -0.986525 0.099504
vn -0.000000 -0.995037 0.099504
vn 0.129878 -0.986525 0.099504
vn 0.257535 -0.961132 0.099504
vn 0.380784 -0.919294 0.099504
vn 0.497519 -0.861727 0.099504
vn 0.605740 -0.789416 0.099504
vn 0.703598 -0.703598 0.099504
vn 0.789416 -0.605740 0.099504
vn 0.861727 -0.497519 0.099504
vn 0.919294 -0.380784 0.099504
vn 0.961132 -0.257535 0.099504
vn 0.986525 -0.129878 0.099504
vn 0.971668 0.000000 0.236352
vn 0.963355 0.126828 0.236352
vn 0.938559 0.251486 0.236352
vn 0.897704 0.371841 0.236352
vn 0.841489 0.485834 0.236352
vn 0.770876 0.591514 0.236352
vn 0.687073 0.687073 0.236352
vn 0.591514 0.770876 0.236352
vn 0.485834 0.841489 0.236352
vn 0.371841 0.897704 0.236352
vn 0.251486 0.938559 0.236352
vn 0.126828 0.963355 0.236352
vn 0.000000 0.971668 0.236352
vn -0.126828 0.963355 0.236352
vn -0.251486 0.938559 0.236352
vn -0.371841 0.897704 0.236352
vn -0.485834 0.841489 0.236352
vn -0.591514 0.770876 0.236352
vn -0.687073 0.687073 0.236352
vn -0.770876 0.591514 0.236352
vn -0.841489 0.485834 0.236352
vn -0.897704 0.371841 0.236352
vn -0.938559 0.251486 0.236352
vn -0.963355 0.126828 0.236352
vn -0.971668 0.000000 0.236352
vn -0.963355 -0.126828 0.236352
vn -0.938559 -0.251486 0.236352
vn -0.897704 -0.371841 0.236352
vn -0.841489 -0.485834 0.236352
vn -0.770876 -0.591514 0.236352
vn -0.687073 -0.687073 0.236352
vn -0.591514 -0.770876 0.236352
vn -0.485834 -0.841489 0.236352
vn -0.371841 -0.897704 0.236352
vn -0.251486 -0.938559 0.236352
vn -0.126828 -0.963355 0.236352
vn -0.000000 -0.971668 0.236352
vn 0.126828 -0.963355 0.236352
vn 0.251486 -0.938559 0.236352
vn 0.371841 -0.897704 0.236352
vn 0.485834 -0.841489 0.236352
vn 0.591514 -0.770876 0.236352
vn 0.687073 -0.687073 0.236352
vn 0.770876 -0.591514 0.236352
vn 0.841489 -0.485834 0.236352
vn 0.897704 -0.371841 0.236352
vn 0.938559 -0.251486 0.236352
vn 0.963355 -0.126828 0.236352
vn 0.967075 0.000000 0.254493
vn 0.958801 0.126229 0.254493
vn 0.934122 0.250297 0.254493
vn 0.893460 0.370083 0.254493
vn 0.837511 0.483537 0.254493
vn 0.767232 0.588718 0.254493
vn 0.683825 0.683825 0.254493
vn 0.588718 0.767232 0.254493
vn 0.483537 0.837511 0.254493
vn 0.370083 0.893460 0.254493
vn 0.250297 0.934122 0.254493
vn 0.126229 0.958801 0.254493
vn 0.000000 0.967075 0.254493
vn -0.126229 0.958801 0.254493
vn -0.250297 0.934122 0.254493
vn -0.370083 0.893460 0.254493
vn -0.483537 0.837511 0.254493
vn -0.588718 0.767232 0.254493
vn -0.683825 0.683825 0.254493
vn -0.767232 0.588718 0.254493
vn -0.837511 0.483537 0.254493
vn -0.893460 0.370083 0.254493
vn -0.934122 0.250297 0.254493
vn -0.958801 0.126229 0.254493
vn -0.967075 0.000000 0.254493
vn -0.958801 -0.126229 0.254493
vn -0.934122 -0.250297 0.254493
vn -0.893460 -0.370083 0.254493
vn -0.837511 -0.483537 0.254493
vn -0.767232 -0.588718 0.254493
vn -0.683825 -0.683825 0.254493
vn -0.588718 -0.767232 0.254493
vn -0.483537 -0.837511 0.254493
vn -0.370083 -0.893460 0.254493
vn -0.250297 -0.934122 0.254493
vn -0.126229 -0.958801 0.254493
vn -0.000000 -0.967075 0.254493
vn 0.126229 -0.958801 0.254493
vn 0.250297 -0.934122 0.254493
vn 0.370083 -0.893460 0.254493
vn 0.483537 -0.837511 0.254493
vn 0.588718 -0.767232 0.254493
vn 0.683825 -0.683825 0.254493
vn 0.767232 -0.588718 0.254493
vn 0.837511 -0.483537 0.254493
vn 0.893460 -0.370083 0.254493
vn 0.934122 -0.250297 0.254493
vn 0.958801 -0.126229 0.254493
vn 0.000000 0.000000 -1.000000
vn 0.000000 0.000000 1.000000
vn 1.000000 0.000000 0.000000
vn 0.991445 0.130526 0.000000
vn 0.701057 0.092296 0.707107
vn 0.707107 0.000000 0.707107
vn -0.701057 -0.092296 0.707107
vn -0.707107 0.000000 0.707107
vn -0.991445 -0.130526 0.000000
vn -1.000000 0.000000 0.000000
vn -0.701057 -0.092296 -0.707107
vn -0.707107 -0.000000 -0.707107
vn 0.701057 0.092296 -0.707107
vn 0.707107 0.000000 -0.707107
vn 0.965926 0.258819 0.000000
vn 0.683013 0.183013 0.707107
vn -0.683013 -0.183013 0.707107
vn -0.965926 -0.258819 0.000000
vn -0.683013 -0.183013 -0.707107
vn 0.683013 0.183013 -0.707107
vn 0.923880 0.382683 0.000000
vn 0.653281 0.270598 0.707107
vn -0.653281 -0.270598 0.707107
vn -0.923880 -0.382683 0.000000
vn -0.653281 -0.270598 -0.707107
vn 0.653281 0.270598 -0.707107
vn 0.866025 0.500000 0.000000
vn 0.612372 0.353553 0.707107
vn -0.612372 -0.353553 0.707107
vn -0.866025 -0.500000 0.000000
vn -0.612372 -0.353553 -0.707107
vn 0.612372 0.353553 -0.707107
vn 0.793353 0.608761 0.000000
vn 0.560986 0.430459 0.707107
vn -0.560986 -0.430459 0.707107
vn -0.793353 -0.608761 0.000000
vn -0.560986 -0.430459 -0.707107
vn 0.560986 0.430459 -0.707107
vn 0.707107 0.707107 0.000000
vn 0.500000 0.500000 0.707107
vn -0.500000 -0.500000 0.707107
vn -0.707107 -0.707107 0.000000
vn -0.500000 -0.500000 -0.707107
vn 0.500000 0.500000 -0.707107
vn 0.608761 0.793353 0.000000
vn 0.430459 0.560986 0.707107
vn -0.430459 -0.560986 0.707107
vn -0.608761 -0.793353 0.000000
vn -0.430459 -0.560986 -0.707107
vn 0.430459 0.560986 -0.707107
vn 0.500000 0.866025 0.000000
vn 0.353553 0.612372 0.707107
vn -0.353553 -0.612372 0.707107
vn -0.500000 -0.866025 0.000000
vn -0.353553 -0.612372 -0.707107
vn 0.353553 0.612372 -0.707107
vn 0.382683 0.923880 0.000000
vn 0.270598 0.653281 0.707107
vn -0.270598 -0.653281 0.707107
vn -0.382683 -0.923880 0.000000
vn -0.270598 -0.653281 -0.707107
vn 0.270598 0.653281 -0.707107
vn 0.258819 0.965926 0.000000
vn 0.183013 0.683013 0.707107
vn -0.183013 -0.683013 0.707107
vn -0.258819 -0.965926 0.000000
vn -0.183013 -0.683013 -0.707107
vn 0.183013 0.683013 -0.707107
vn 0.130526 0.991445 0.000000
vn 0.092296 0.701057 0.707107
vn -0.092296 -0.701057 0.707107
vn -0.130526 -0.991445 0.000000
vn -0.092296 -0.701057 -0.707107
vn 0.092296 0.701057 -0.707107
vn 0.000000 1.000000 0.000000
vn 0.000000 0.707107 0.707107
vn -0.000000 -0.707107 0.707107
vn -0.000000 -1.000000 0.000000
vn -0.000000 -0.707107 -0.707107
vn 0.000000 0.707107 -0.707107
vn -0.130526 0.991445 0.000000
vn -0.092296 0.701057 0.707107
vn 0.092296 -0.701057 0.707107
vn 0.130526 -0.991445 0.000000
vn 0.092296 -0.701057 -0.707107
vn -0.092296 0.701057 -0.707107
vn -0.258819 0.965926 0.000000
vn -0.183013 0.683013 0.707107
vn 0.183013 -0.683013 0.707107
vn 0.258819 -0.965926 0.000000
vn 0.183013 -0.683013 -0.707107
vn -0.183013 0.683013 -0.707107
vn -0.382683 0.923880 0.000000
vn -0.270598 0.653281 0.707107
vn 0.270598 -0.653281 0.707107
vn 0.382683 -0.923880 0.000000
vn 0.270598 -0.653281 -0.707107
vn -0.270598 0.653281 -0.707107
vn -0.500000 0.866025 0.000000
vn -0.353553 0.612372 0.707107
vn 0.353553 -0.612372 0.707107
vn 0.500000 -0.866025 0.000000
vn 0.353553 -0.612372 -0.707107
vn -0.353553 0.612372 -0.707107
vn -0.608761 0.793353 0.000000
vn -0.430459 0.560986 0.707107
vn 0.430459 -0.560986 0.707107
vn 0.608761 -0.793353 0.000000
vn 0.430459 -0.560986 -0.707107
vn -0.430459 0.560986 -0.707107
vn -0.707107 0.707107 0.000000
vn -0.500000 0.500000 0.707107
vn 0.500000 -0.500000 0.707107
vn 0.707107 -0.707107 0.000000
vn 0.500000 -0.500000 -0.707107
vn -0.500000 0.500000 -0.707107
vn -0.793353 0.608761 0.000000
vn -0.560986 0.430459 0.707107
vn 0.560986 -0.430459 0.707107
vn 0.793353 -0.608761 0.000000
vn 0.560986 -0.430459 -0.707107
vn -0.560986 0.430459 -0.707107
vn -0.866025 0.500000 0.000000
vn -0.612372 0.353553 0.707107
vn 0.612372 -0.353553 0.707107
vn 0.866025 -0.500000 0.000000
vn 0.612372 -0.353553 -0.707107
vn -0.612372 0.353553 -0.707107
vn -0.923880 0.382683 0.000000
vn -0.653281 0.270598 0.707107
vn 0.653281 -0.270598 0.707107
vn 0.923880 -0.382683 0.000000
vn 0.653281 -0.270598 -0.707107
vn -0.653281 0.270598 -0.707107
vn -0.965926 0.258819 0.000000
vn -0.683013 0.183013 0.707107
vn 0.683013 -0.183013 0.707107
vn 0.965926 -0.258819 0.000000
vn 0.683013 -0.183013 -0.707107
vn -0.683013 0.183013 -0.707107
vn -0.991445 0.130526 0.000000
vn -0.701057 0.092296 0.707107
vn 0.701057 -0.092296 0.707107
vn 0.991445 -0.130526 0.000000
vn 0.701057 -0.092296 -0.707107
vn -0.701057 0.092296 -0.707107
vn -0.514496 0.857493 0.000000
vn 0.915921 0.401359 -0.000000
vn 0.447214 -0.894427 0.000000
vn -0.892318 -0.451408 0.000000
vn 0.987688 0.156434 0.000000
vn 0.698401 0.110616 0.707107
vn -0.698401 -0.110616 0.707107
vn -0.987688 -0.156434 0.000000
vn -0.698401 -0.110616 -0.707107
vn 0.698401 0.110616 -0.707107
vn 0.951057 0.309017 0.000000
vn 0.672499 0.218508 0.707107
vn -0.672499 -0.218508 0.707107
vn -0.951057 -0.309017 0.000000
vn -0.672499 -0.218508 -0.707107
vn 0.672499 0.218508 -0.707107
vn 0.891007 0.453990 0.000000
vn 0.630037 0.321020 0.707107
vn -0.630037 -0.321020 0.707107
vn -0.891007 -0.453990 0.000000
vn -0.630037 -0.321020 -0.707107
vn 0.630037 0.321020 -0.707107
vn 0.809017 0.587785 0.000000
vn 0.572061 0.415627 0.707107
vn -0.572061 -0.415627 0.707107
vn -0.809017 -0.587785 0.000000
vn -0.572061 -0.415627 -0.707107
vn 0.572061 0.415627 -0.707107
vn 0.587785 0.809017 0.000000
vn 0.415627 0.572061 0.707107
vn -0.415627 -0.572061 0.707107
vn -0.587785 -0.809017 0.000000
vn -0.415627 -0.572061 -0.707107
vn 0.415627 0.572061 -0.707107
vn 0.453990 0.891007 0.000000
vn 0.321020 0.630037 0.707107
vn -0.321020 -0.630037 0.707107
vn -0.453990 -0.891007 0.000000
vn -0.321020 -0.630037 -0.707107
vn 0.321020 0.630037 -0.707107
vn 0.309017 0.951057 0.000000
vn 0.218508 0.672499 0.707107
vn -0.218508 -0.672499 0.707107
vn -0.309017 -0.951057 0.000000
vn -0.218508 -0.672499 -0.707107
vn 0.218508 0.672499 -0.707107
vn 0.156434 0.987688 0.000000
vn 0.110616 0.698401 0.707107
vn -0.110616 -0.698401 0.707107
vn -0.156434 -0.987688 0.000000
vn -0.110616 -0.698401 -0.707107
vn 0.110616 0.698401 -0.707107
vn -0.156434 0.987688 0.000000
vn -0.110616 0.698401 0.707107
vn 0.110616 -0.698401 0.707107
vn 0.156434 -0.987688 0.000000
vn 0.110616 -0.698401 -0.707107
vn -0.110616 0.698401 -0.707107
vn -0.309017 0.951057 0.000000
vn -0.218508 0.672499 0.707107
vn 0.218508 -0.672499 0.707107
vn 0.309017 -0.951057 0.000000
vn 0.218508 -0.672499 -0.707107
vn -0.218508 0.672499 -0.707107
vn -0.453990 0.891007 0.000000
vn -0.321020 0.630037 0.707107
vn 0.321020 -0.630037 0.707107
vn 0.453990 -0.891007 0.000000
vn 0.321020 -0.630037 -0.707107
vn -0.321020 0.630037 -0.707107
vn -0.587785 0.809017 0.000000
vn -0.415627 0.572061 0.707107
vn 0.415627 -0.572061 0.707107
vn 0.587785 -0.809017 0.000000
vn 0.415627 -0.572061 -0.707107
vn -0.415627 0.572061 -0.707107
vn -0.809017 0.587785 0.000000
vn -0.572061 0.415627 0.707107
vn 0.572061 -0.415627 0.707107
vn 0.809017 -0.587785 0.000000
vn 0.572061 -0.415627 -0.707107
vn -0.572061 0.415627 -0.707107
vn -0.891007 0.453990 0.000000
vn -0.630037 0.321020 0.707107
vn 0.630037 -0.321020 0.707107
vn 0.891007 -0.453990 0.000000
vn 0.630037 -0.321020 -0.707107
vn -0.630037 0.321020 -0.707107
vn -0.951057 0.309017 0.000000
vn -0.672499 0.218508 0.707107
vn 0.672499 -0.218508 0.707107
vn 0.951057 -0.309017 0.000000
vn 0.672499 -0.218508 -0.707107
vn -0.672499 0.218508 -0.707107
vn -0.987688 0.156434 0.000000
vn -0.698401 0.110616 0.707107
vn 0.698401 -0.110616 0.707107
vn 0.987688 -0.156434 0.000000
vn 0.698401 -0.110616 -0.707107
vn -0.698401 0.110616 -0.707107
vn 0.898794 0.438371 0.000000
vn 0.694658 0.719340 0.000000
vn 0.559193 0.829038 0.000000
vn 0.406737 0.913545 0.000000
vn 0.241922 0.970296 0.000000
vn 0.069756 0.997564 0.000000
vn -0.104528 0.994522 0.000000
vn -0.275637 0.961262 0.000000
vn -0.438371 0.898794 0.000000
vn -0.719340 0.694658 0.000000
vn -0.829038 0.559193 0.000000
vn 0.995185 0.098017 0.000000
vn 0.980785 0.195090 0.000000
vn 0.956940 0.290285 0.000000
vn 0.881921 0.471397 0.000000
vn 0.831470 0.555570 0.000000
vn 0.773010 0.634393 0.000000
vn 0.634393 0.773010 0.000000
vn 0.555570 0.831470 0.000000
vn 0.471397 0.881921 0.000000
vn 0.290285 0.956940 0.000000
vn 0.195090 0.980785 0.000000
vn 0.098017 0.995185 0.000000
vn -0.098017 0.995185 0.000000
vn -0.195090 0.980785 0.000000
vn -0.290285 0.956940 0.000000
vn -0.471397 0.881921 0.000000
vn -0.555570 0.831470 0.000000
vn -0.634393 0.773010 0.000000
vn -0.773010 0.634393 0.000000
vn -0.831470 0.555570 0.000000
vn -0.881921 0.471397 0.000000
vn -0.956940 0.290285 0.000000
vn -0.980785 0.195090 0.000000
vn -0.995185 0.098017 0.000000
vn -0.995185 -0.098017 0.000000
vn -0.980785 -0.195090 0.000000
vn -0.956940 -0.290285 0.000000
vn -0.881921 -0.471397 0.000000
vn -0.831470 -0.555570 0.000000
vn -0.773010 -0.634393 0.000000
vn -0.634393 -0.773010 0.000000
vn -0.555570 -0.831470 0.000000
vn -0.471397 -0.881921 0.000000
vn -0.290285 -0.956940 0.000000
vn -0.195090 -0.980785 0.000000
vn -0.098017 -0.995185 0.000000
vn 0.098017 -0.995185 0.000000
vn 0.195090 -0.980785 0.000000
vn 0.290285 -0.956940 0.000000
vn 0.471397 -0.881921 0.000000
vn 0.555570 -0.831470 0.000000
vn 0.634393 -0.773010 0.000000
vn 0.773010 -0.634393 0.000000
vn 0.831470 -0.555570 0.000000
vn 0.881921 -0.471397 0.000000
vn 0.956940 -0.290285 0.000000
vn 0.980785 -0.195090 0.000000
vn 0.995185 -0.098017 0.000000
vn 0.693520 0.137950 0.707107
vn -0.693520 -0.137950 0.707107
vn -0.693520 -0.137950 -0.707107
vn 0.693520 0.137950 -0.707107
vn 0.587938 0.392847 0.707107
vn -0.587938 -0.392847 0.707107
vn -0.587938 -0.392847 -0.707107
vn 0.587938 0.392847 -0.707107
vn 0.392847 0.587938 0.707107
vn -0.392847 -0.587938 0.707107
vn -0.392847 -0.587938 -0.707107
vn 0.392847 0.587938 -0.707107
vn 0.137950 0.693520 0.707107
vn -0.137950 -0.693520 0.707107
vn -0.137950 -0.693520 -0.707107
vn 0.137950 0.693520 -0.707107
vn -0.137950 0.693520 0.707107
vn 0.137950 -0.693520 0.707107
vn 0.137950 -0.693520 -0.707107
vn -0.137950 0.693520 -0.707107
vn -0.392847 0.587938 0.707107
vn 0.392847 -0.587938 0.707107
vn 0.392847 -0.587938 -0.707107
vn -0.392847 0.587938 -0.707107
vn -0.587938 0.392847 0.707107
vn 0.587938 -0.392847 0.707107
vn 0.587938 -0.392847 -0.707107
vn -0.587938 0.392847 -0.707107
vn -0.693520 0.137950 0.707107
vn 0.693520 -0.137950 0.707107
vn 0.693520 -0.137950 -0.707107
vn -0.693520 0.137950 -0.707107
vn 0.000000 -0.600000 -0.800000
vn 0.000000 0.600000 0.800000
vn -0.876216 -0.385535 0.289151
vn 0.000000 0.800000 -0.600000
vn 0.876216 -0.385535 0.289151
vn 0.000000 -0.800000 0.600000
vn 0.000000 -0.529999 0.847998
vn 0.000000 0.529999 -0.847998
vn -0.851881 0.444127 0.277579
vn 0.000000 -0.847998 -0.529999
vn 0.851881 0.444127 0.277579
vn 0.000000 0.847998 0.529999
vn -0.423533 0.030522 0.905366
vn -0.390500 -0.015939 0.920465
vn 0.387772 -0.016617 -0.921605
vn 0.435742 0.007884 -0.900037
vn 0.309018 0.944352 0.112724
vn -0.849674 0.333178 -0.408712
vn -0.093793 -0.995538 -0.010315
vn 0.891980 -0.160362 0.422677
vn 0.390500 -0.015939 0.920465
vn 0.423533 0.030522 0.905366
vn -0.387772 -0.016617 -0.921605
vn -0.435742 0.007884 -0.900037
vn -0.909741 -0.159821 0.383183
vn 0.077073 -0.995774 -0.049941
vn 0.869690 0.334284 -0.363171
vn -0.295305 0.944845 0.141642
vn 0.000000 0.923880 0.382683
vn 0.000000 0.382683 0.923880
vn 0.000000 -0.382683 0.923880
vn 0.000000 -0.923880 0.382683
vn 0.000000 -0.923880 -0.382683
vn 0.000000 -0.382683 -0.923880
vn 0.000000 0.382683 -0.923880
vn 0.000000 0.923880 -0.382683
vn -0.809017 0.000000 0.587785
vn -0.309017 0.000000 0.951057
vn 0.309017 0.000000 0.951057
vn 0.809017 0.000000 0.587785
vn 0.809017 -0.000000 -0.587785
vn 0.309017 -0.000000 -0.951057
vn -0.309017 0.000000 -0.951057
vn -0.809017 0.000000 -0.587785
vn -0.808809 0.018360 0.587785
vn -0.999742 0.022694 0.000000
vn -0.308937 0.007013 0.951057
vn 0.308937 -0.007013 0.951057
vn 0.808809 -0.018360 0.587785
vn 0.999742 -0.022694 0.000000
vn 0.808809 -0.018360 -0.587785
vn 0.308937 -0.007013 -0.951057
vn -0.308937 0.007013 -0.951057
vn -0.808809 0.018360 -0.587785
vn -0.804585 0.084565 0.587785
vn -0.994522 0.104528 0.000000
vn -0.307324 0.032301 0.951057
vn 0.307324 -0.032301 0.951057
vn 0.804585 -0.084565 0.587785
vn 0.994522 -0.104528 0.000000
vn 0.804585 -0.084565 -0.587785
vn 0.307324 -0.032301 -0.951057
vn -0.307324 0.032301 -0.951057
vn -0.804585 0.084565 -0.587785
vn -0.791338 0.168204 0.587785
vn -0.978148 0.207912 0.000000
vn -0.302264 0.064248 0.951057
vn 0.302264 -0.064248 0.951057
vn 0.791338 -0.168204 0.587785
vn 0.978148 -0.207912 0.000000
vn 0.791338 -0.168204 -0.587785
vn 0.302264 -0.064248 -0.951057
vn -0.302264 0.064248 -0.951057
vn -0.791338 0.168204 -0.587785
vn -0.769421 0.250000 0.587785
vn -0.293893 0.095492 0.951057
vn 0.293893 -0.095492 0.951057
vn 0.769421 -0.250000 0.587785
vn 0.769421 -0.250000 -0.587785
vn 0.293893 -0.095492 -0.951057
vn -0.293893 0.095492 -0.951057
vn -0.769421 0.250000 -0.587785
vn -0.739074 0.329057 0.587785
vn -0.913545 0.406737 0.000000
vn -0.282301 0.125689 0.951057
vn 0.282301 -0.125689 0.951057
vn 0.739074 -0.329057 0.587785
vn 0.913545 -0.406737 0.000000
vn 0.739074 -0.329057 -0.587785
vn 0.282301 -0.125689 -0.951057
vn -0.282301 0.125689 -0.951057
vn -0.739074 0.329057 -0.587785
vn -0.700629 0.404508 0.587785
vn -0.267617 0.154508 0.951057
vn 0.267617 -0.154508 0.951057
vn 0.700629 -0.404508 0.587785
vn 0.700629 -0.404508 -0.587785
vn 0.267617 -0.154508 -0.951057
vn -0.267617 0.154508 -0.951057
vn -0.700629 0.404508 -0.587785
vn -0.654508 0.475528 0.587785
vn -0.250000 0.181636 0.951057
vn 0.250000 -0.181636 0.951057
vn 0.654508 -0.475528 0.587785
vn 0.654508 -0.475528 -0.587785
vn 0.250000 -0.181636 -0.951057
vn -0.250000 0.181636 -0.951057
vn -0.654508 0.475528 -0.587785
vn -0.601217 0.541338 0.587785
vn -0.743145 0.669131 0.000000
vn -0.229644 0.206773 0.951057
vn 0.229644 -0.206773 0.951057
vn 0.601217 -0.541338 0.587785
vn 0.743145 -0.669131 0.000000
vn 0.601217 -0.541338 -0.587785
vn 0.229644 -0.206773 -0.951057
vn -0.229644 0.206773 -0.951057
vn -0.601217 0.541338 -0.587785
vn -0.541338 0.601217 0.587785
vn -0.669131 0.743145 0.000000
vn -0.206773 0.229644 0.951057
vn 0.206773 -0.229644 0.951057
vn 0.541338 -0.601217 0.587785
vn 0.669131 -0.743145 0.000000
vn 0.541338 -0.601217 -0.587785
vn 0.206773 -0.229644 -0.951057
vn -0.206773 0.229644 -0.951057
vn -0.541338 0.601217 -0.587785
vn -0.475528 0.654508 0.587785
vn -0.181636 0.250000 0.951057
vn 0.181636 -0.250000 0.951057
vn 0.475528 -0.654508 0.587785
vn 0.475528 -0.654508 -0.587785
vn 0.181636 -0.250000 -0.951057
vn -0.181636 0.250000 -0.951057
vn -0.475528 0.654508 -0.587785
vn -0.404508 0.700629 0.587785
vn -0.154508 0.267617 0.951057
vn 0.154508 -0.267617 0.951057
vn 0.404508 -0.700629 0.587785
vn 0.404508 -0.700629 -0.587785
vn 0.154508 -0.267617 -0.951057
vn -0.154508 0.267617 -0.951057
vn -0.404508 0.700629 -0.587785
vn -0.329057 0.739074 0.587785
vn -0.406737 0.913545 0.000000
vn -0.125689 0.282301 0.951057
vn 0.125689 -0.282301 0.951057
vn 0.329057 -0.739074 0.587785
vn 0.406737 -0.913545 0.000000
vn 0.329057 -0.739074 -0.587785
vn 0.125689 -0.282301 -0.951057
vn -0.125689 0.282301 -0.951057
vn -0.329057 0.739074 -0.587785
vn -0.250000 0.769421 0.587785
vn -0.095492 0.293893 0.951057
vn 0.095492 -0.293893 0.951057
vn 0.250000 -0.769421 0.587785
vn 0.250000 -0.769421 -0.587785
vn 0.095492 -0.293893 -0.951057
vn -0.095492 0.293893 -0.951057
vn -0.250000 0.769421 -0.587785
vn -0.168204 0.791338 0.587785
vn -0.207912 0.978148 0.000000
vn -0.064248 0.302264 0.951057
vn 0.064248 -0.302264 0.951057
vn 0.168204 -0.791338 0.587785
vn 0.207912 -0.978148 0.000000
vn 0.168204 -0.791338 -0.587785
vn 0.064248 -0.302264 -0.951057
vn -0.064248 0.302264 -0.951057
vn -0.168204 0.791338 -0.587785
vn -0.084565 0.804585 0.587785
vn -0.032301 0.307324 0.951057
vn 0.032301 -0.307324 0.951057
vn 0.084565 -0.804585 0.587785
vn 0.104528 -0.994522 0.000000
vn 0.084565 -0.804585 -0.587785
vn 0.032301 -0.307324 -0.951057
vn -0.032301 0.307324 -0.951057
vn -0.084565 0.804585 -0.587785
vn 0.000000 0.809017 0.587785
vn 0.000000 0.309017 0.951057
vn 0.000000 -0.309017 0.951057
vn 0.000000 -0.809017 0.587785
vn 0.000000 -0.809017 -0.587785
vn 0.000000 -0.309017 -0.951057
vn -0.000000 0.309017 -0.951057
vn -0.000000 0.809017 -0.587785
vn 0.084565 0.804585 0.587785
vn 0.104528 0.994522 0.000000
vn 0.032301 0.307324 0.951057
vn -0.032301 -0.307324 0.951057
vn -0.084565 -0.804585 0.587785
vn -0.104528 -0.994522 0.000000
vn -0.084565 -0.804585 -0.587785
vn -0.032301 -0.307324 -0.951057
vn 0.032301 0.307324 -0.951057
vn 0.084565 0.804585 -0.587785
vn 0.168204 0.791338 0.587785
vn 0.207912 0.978148 0.000000
vn 0.064248 0.302264 0.951057
vn -0.064248 -0.302264 0.951057
vn -0.168204 -0.791338 0.587785
vn -0.207912 -0.978148 0.000000
vn -0.168204 -0.791338 -0.587785
vn -0.064248 -0.302264 -0.951057
vn 0.064248 0.302264 -0.951057
vn 0.168204 0.791338 -0.587785
vn 0.250000 0.769421 0.587785
vn 0.095492 0.293893 0.951057
vn -0.095492 -0.293893 0.951057
vn -0.250000 -0.769421 0.587785
vn -0.250000 -0.769421 -0.587785
vn -0.095492 -0.293893 -0.951057
vn 0.095492 0.293893 -0.951057
vn 0.250000 0.769421 -0.587785
vn 0.329057 0.739074 0.587785
vn 0.125689 0.282301 0.951057
vn -0.125689 -0.282301 0.951057
vn -0.329057 -0.739074 0.587785
vn -0.406737 -0.913545 0.000000
vn -0.329057 -0.739074 -0.587785
vn -0.125689 -0.282301 -0.951057
vn 0.125689 0.282301 -0.951057
vn 0.329057 0.739074 -0.587785
vn 0.404508 0.700629 0.587785
vn 0.154508 0.267617 0.951057
vn -0.154508 -0.267617 0.951057
vn -0.404508 -0.700629 0.587785
vn -0.404508 -0.700629 -0.587785
vn -0.154508 -0.267617 -0.951057
vn 0.154508 0.267617 -0.951057
vn 0.404508 0.700629 -0.587785
vn 0.475528 0.654508 0.587785
vn 0.181636 0.250000 0.951057
vn -0.181636 -0.250000 0.951057
vn -0.475528 -0.654508 0.587785
vn -0.475528 -0.654508 -0.587785
vn -0.181636 -0.250000 -0.951057
vn 0.181636 0.250000 -0.951057
vn 0.475528 0.654508 -0.587785
vn 0.541338 0.601217 0.587785
vn 0.669131 0.743145 0.000000
vn 0.206773 0.229644 0.951057
vn -0.206773 -0.229644 0.951057
vn -0.541338 -0.601217 0.587785
vn -0.669131 -0.743145 0.000000
vn -0.541338 -0.601217 -0.587785
vn -0.206773 -0.229644 -0.951057
vn 0.206773 0.229644 -0.951057
vn 0.541338 0.601217 -0.587785
vn 0.601217 0.541338 0.587785
vn 0.743145 0.669131 0.000000
vn 0.229644 0.206773 0.951057
vn -0.229644 -0.206773 0.951057
vn -0.601217 -0.541338 0.587785
vn -0.743145 -0.669131 0.000000
vn -0.601217 -0.541338 -0.587785
vn -0.229644 -0.206773 -0.951057
vn 0.229644 0.206773 -0.951057
vn 0.601217 0.541338 -0.587785
vn 0.654508 0.475528 0.587785
vn 0.250000 0.181636 0.951057
vn -0.250000 -0.181636 0.951057
vn -0.654508 -0.475528 0.587785
vn -0.654508 -0.475528 -0.587785
vn -0.250000 -0.181636 -0.951057
vn 0.250000 0.181636 -0.951057
vn 0.654508 0.475528 -0.587785
vn 0.700629 0.404508 0.587785
vn 0.267617 0.154508 0.951057
vn -0.267617 -0.154508 0.951057
vn -0.700629 -0.404508 0.587785
vn -0.700629 -0.404508 -0.587785
vn -0.267617 -0.154508 -0.951057
vn 0.267617 0.154508 -0.951057
vn 0.700629 0.404508 -0.587785
vn 0.739074 0.329057 0.587785
vn 0.913545 0.406737 0.000000
vn 0.282301 0.125689 0.951057
vn -0.282301 -0.125689 0.951057
vn -0.739074 -0.329057 0.587785
vn -0.913545 -0.406737 0.000000
vn -0.739074 -0.329057 -0.587785
vn -0.282301 -0.125689 -0.951057
vn 0.282301 0.125689 -0.951057
vn 0.739074 0.329057 -0.587785
vn 0.769421 0.250000 0.587785
vn 0.293893 0.095492 0.951057
vn -0.293893 -0.095492 0.951057
vn -0.769421 -0.250000 0.587785
vn -0.769421 -0.250000 -0.587785
vn -0.293893 -0.095492 -0.951057
vn 0.293893 0.095492 -0.951057
vn 0.769421 0.250000 -0.587785
vn 0.791338 0.168204 0.587785
vn 0.978148 0.207912 0.000000
vn 0.302264 0.064248 0.951057
vn -0.302264 -0.064248 0.951057
vn -0.791338 -0.168204 0.587785
vn -0.978148 -0.207912 0.000000
vn -0.791338 -0.168204 -0.587785
vn -0.302264 -0.064248 -0.951057
vn 0.302264 0.064248 -0.951057
vn 0.791338 0.168204 -0.587785
vn 0.804585 0.084565 0.587785
vn 0.994522 0.104528 0.000000
vn 0.307324 0.032301 0.951057
vn -0.307324 -0.032301 0.951057
vn -0.804585 -0.084565 0.587785
vn -0.994522 -0.104528 0.000000
vn -0.804585 -0.084565 -0.587785
vn -0.307324 -0.032301 -0.951057
vn 0.307324 0.032301 -0.951057
vn 0.804585 0.084565 -0.587785
vn 0.808809 0.018360 0.587785
vn 0.999742 0.022694 0.000000
vn 0.308937 0.007013 0.951057
vn -0.308937 -0.007013 0.951057
vn -0.808809 -0.018360 0.587785
vn -0.999742 -0.022694 0.000000
vn -0.808809 -0.018360 -0.587785
vn -0.308937 -0.007013 -0.951057
vn 0.308937 0.007013 -0.951057
vn 0.808809 0.018360 -0.587785
vn 0.000000 0.987688 0.156434
vn 0.000000 0.951057 0.309017
vn 0.000000 0.891007 0.453990
vn 0.000000 0.587785 0.809017
vn 0.000000 0.453990 0.891007
vn 0.000000 0.156434 0.987688
vn 0.000000 -0.156434 0.987688
vn 0.000000 -0.453990 0.891007
vn 0.000000 -0.587785 0.809017
vn 0.000000 -0.891007 0.453990
vn 0.000000 -0.951057 0.309017
vn 0.000000 -0.987688 0.156434
vn 0.000000 -0.987688 -0.156434
vn 0.000000 -0.951057 -0.309017
vn 0.000000 -0.891007 -0.453990
vn 0.000000 -0.587785 -0.809017
vn 0.000000 -0.453990 -0.891007
vn 0.000000 -0.156434 -0.987688
vn 0.000000 0.156434 -0.987688
vn 0.000000 0.453990 -0.891007
vn 0.000000 0.587785 -0.809017
vn 0.000000 0.891007 -0.453990
vn 0.000000 0.951057 -0.309017
vn 0.000000 0.987688 -0.156434
vn 0.000000 0.980785 0.195090
vn 0.000000 0.831470 0.555570
vn 0.000000 0.555570 0.831470
vn 0.000000 0.195090 0.980785
vn 0.000000 -0.195090 0.980785
vn 0.000000 -0.555570 0.831470
vn 0.000000 -0.831470 0.555570
vn 0.000000 -0.980785 0.195090
vn 0.000000 -0.980785 -0.195090
vn 0.000000 -0.831470 -0.555570
vn 0.000000 -0.555570 -0.831470
vn 0.000000 -0.195090 -0.980785
vn 0.000000 0.195090 -0.980785
vn 0.000000 0.555570 -0.831470
vn 0.000000 0.831470 -0.555570
vn 0.000000 0.980785 -0.195090
vn 0.707107 0.693520 0.137950
vn 0.707107 -0.693520 -0.137950
vn -0.707107 -0.693520 -0.137950
vn -0.707107 0.693520 0.137950
vn 0.707107 0.653281 0.270598
vn 0.707107 -0.653281 -0.270598
vn -0.707107 -0.653281 -0.270598
vn -0.707107 0.653281 0.270598
vn 0.707107 0.587938 0.392847
vn 0.707107 -0.587938 -0.392847
vn -0.707107 -0.587938 -0.392847
vn -0.707107 0.587938 0.392847
vn 0.707107 0.500000 0.500000
vn 0.707107 -0.500000 -0.500000
vn -0.707107 -0.500000 -0.500000
vn -0.707107 0.500000 0.500000
vn 0.707107 0.392847 0.587938
vn 0.707107 -0.392847 -0.587938
vn -0.707107 -0.392847 -0.587938
vn -0.707107 0.392847 0.587938
vn 0.707107 0.270598 0.653281
vn 0.707107 -0.270598 -0.653281
vn -0.707107 -0.270598 -0.653281
vn -0.707107 0.270598 0.653281
vn 0.707107 0.137950 0.693520
vn 0.707107 -0.137950 -0.693520
vn -0.707107 -0.137950 -0.693520
vn -0.707107 0.137950 0.693520
vn 0.707107 -0.137950 0.693520
vn 0.707107 0.137950 -0.693520
vn -0.707107 0.137950 -0.693520
vn -0.707107 -0.137950 0.693520
vn 0.707107 -0.270598 0.653281
vn 0.707107 0.270598 -0.653281
vn -0.707107 0.270598 -0.653281
vn -0.707107 -0.270598 0.653281
vn 0.707107 -0.392847 0.587938
vn 0.707107 0.392847 -0.587938
vn -0.707107 0.392847 -0.587938
vn -0.707107 -0.392847 0.587938
vn 0.707107 -0.500000 0.500000
vn 0.707107 0.500000 -0.500000
vn -0.707107 0.500000 -0.500000
vn -0.707107 -0.500000 0.500000
vn 0.707107 -0.587938 0.392847
vn 0.707107 0.587938 -0.392847
vn -0.707107 0.587938 -0.392847
vn -0.707107 -0.587938 0.392847
vn 0.707107 -0.653281 0.270598
vn 0.707107 0.653281 -0.270598
vn -0.707107 0.653281 -0.270598
vn -0.707107 -0.653281 0.270598
vn 0.707107 -0.693520 0.137950
vn 0.707107 0.693520 -0.137950
vn -0.707107 0.693520 -0.137950
vn -0.707107 -0.693520 0.137950
vn 0.000000 0.965926 0.258819
vn 0.707107 0.683013 0.183013
vn 0.707107 -0.683013 -0.183013
vn 0.000000 -0.965926 -0.258819
vn -0.707107 -0.683013 -0.183013
vn -0.707107 0.683013 0.183013
vn 0.000000 0.866025 0.500000
vn 0.707107 0.612372 0.353553
vn 0.707107 -0.612372 -0.353553
vn 0.000000 -0.866025 -0.500000
vn -0.707107 -0.612372 -0.353553
vn -0.707107 0.612372 0.353553
vn 0.000000 0.500000 0.866025
vn 0.707107 0.353553 0.612372
vn 0.707107 -0.353553 -0.612372
vn 0.000000 -0.500000 -0.866025
vn -0.707107 -0.353553 -0.612372
vn -0.707107 0.353553 0.612372
vn 0.000000 0.258819 0.965926
vn 0.707107 0.183013 0.683013
vn 0.707107 -0.183013 -0.683013
vn 0.000000 -0.258819 -0.965926
vn -0.707107 -0.183013 -0.683013
vn -0.707107 0.183013 0.683013
vn 0.000000 -0.258819 0.965926
vn 0.707107 -0.183013 0.683013
vn 0.707107 0.183013 -0.683013
vn 0.000000 0.258819 -0.965926
vn -0.707107 0.183013 -0.683013
vn -0.707107 -0.183013 0.683013
vn 0.000000 -0.500000 0.866025
vn 0.707107 -0.353553 0.612372
vn 0.707107 0.353553 -0.612372
vn 0.000000 0.500000 -0.866025
vn -0.707107 0.353553 -0.612372
vn -0.707107 -0.353553 0.612372
vn 0.000000 -0.866025 0.500000
vn 0.707107 -0.612372 0.353553
vn 0.707107 0.612372 -0.353553
vn 0.000000 0.866025 -0.500000
vn -0.707107 0.612372 -0.353553
vn -0.707107 -0.612372 0.353553
vn 0.000000 -0.965926 0.258819
vn 0.707107 -0.683013 0.183013
vn 0.707107 0.683013 -0.183013
vn 0.000000 0.965926 -0.258819
vn -0.707107 0.683013 -0.183013
vn -0.707107 -0.683013 0.183013
vn 0.960417 0.240104 0.141238
vn 0.953148 0.274946 0.126152
vn -0.951373 -0.274435 -0.139908
vn -0.962243 -0.240561 -0.127356
vn 0.137021 0.034255 -0.989976
vn -0.237549 0.970747 -0.034934
vn -0.135790 -0.039170 0.989963
vn 0.238052 -0.970741 0.031507
vn 0.927047 0.350218 0.133907
vn 0.932255 0.331468 0.145017
vn -0.933608 -0.331949 -0.134854
vn -0.925722 -0.349717 -0.144001
vn 0.125266 0.047323 -0.990994
vn -0.346621 0.936668 -0.050067
vn -0.126193 -0.044869 0.990991
vn 0.346074 -0.936662 0.053834
usemtl housing_black
f 1//1 2//2 3//2
f 1//1 3//2 4//1
f 2//2 5//3 6//3
f 2//2 6//3 3//2
f 5//3 7//4 8//4
f 5//3 8//4 6//3
f 7//4 9//5 10//5
f 7//4 10//5 8//4
f 9//5 11//6 12//6
f 9//5 12//6 10//5
f 11//6 13//7 14//7
f 11//6 14//7 12//6
f 13//7 15//8 16//8
f 13//7 16//8 14//7
f 15//8 17//9 18//9
f 15//8 18//9 16//8
f 17//9 19//10 20//10
f 17//9 20//10 18//9
f 19//10 21//11 22//11
f 19//10 22//11 20//10
f 21//11 23//12 24//12
f 21//11 24//12 22//11
f 23//12 25//13 26//13
f 23//12 26//13 24//12
f 25//13 27//14 28//14
f 25//13 28//14 26//13
f 27//14 29//15 30//15
f 27//14 30//15 28//14
f 29//15 31//16 32//16
f 29//15 32//16 30//15
f 31//16 33//17 34//17
f 31//16 34//17 32//16
f 33//17 35//18 36//18
f 33//17 36//18 34//17
f 35//18 37//19 38//19
f 35//18 38//19 36//18
f 37//19 39//20 40//20
f 37//19 40//20 38//19
f 39//20 41//21 42//21
f 39//20 42//21 40//20
f 41//21 43//22 44//22
f 41//21 44//22 42//21
f 43//22 45//23 46//23
f 43//22 46//23 44//22
f 45//23 47//24 48//24
f 45//23 48//24 46//23
f 47//24 49//25 50//25
f 47//24 50//25 48//24
f 49//25 51//26 52//26
f 49//25 52//26 50//25
f 51//26 53//27 54//27
f 51//26 54//27 52//26
f 53//27 55//28 56//28
f 53//27 56//28 54//27
f 55//28 57//29 58//29
f 55//28 58//29 56//28
f 57//29 59//30 60//30
f 57//29 60//30 58//29
f 59//30 61//31 62//31
f 59//30 62//31 60//30
f 61//31 63//32 64//32
f 61//31 64//32 62//31
f 63//32 65//33 66//33
f 63//32 66//33 64//32
f 65//33 67//34 68//34
f 65//33 68//34 66//33
f 67//34 69//35 70//35
f 67//34 70//35 68//34
f 69//35 71//36 72//36
f 69//35 72//36 70//35
f 71//36 73//37 74//37
f 71//36 74//37 72//36
f 73//37 75//38 76//38
f 73//37 76//38 74//37
f 75//38 77//39 78//39
f 75//38 78//39 76//38
f 77//39 79//40 80//40
f 77//39 80//40 78//39
f 79//40 81//41 82//41
f 79//40 82//41 80//40
f 81//41 83//42 84//42
f 81//41 84//42 82//41
f 83//42 85//43 86//43
f 83//42 86//43 84//42
f 85//43 87//44 88//44
f 85//43 88//44 86//43
f 87//44 89//45 90//45
f 87//44 90//45 88//44
f 89//45 91//46 92//46
f 89//45 92//46 90//45
f 91//46 93//47 94//47
f 91//46 94//47 92//46
f 93//47 95//48 96//48
f 93//47 96//48 94//47
f 95//48 1//1 4//1
f 95//48 4//1 96//48
f 4//49 3//50 97//50
f 4//49 97//50 98//49
f 3//50 6//51 99//51
f 3//50 99//51 97//50
f 6//51 8//52 100//52
f 6//51 100//52 99//51
f 8//52 10//53 101//53
f 8//52 101//53 100//52
f 10//53 12//54 102//54
f 10//53 102//54 101//53
f 12//54 14//55 103//55
f 12//54 103//55 102//54
f 14//55 16//56 104//56
f 14//55 104//56 103//55
f 16//56 18//57 105//57
f 16//56 105//57 104//56
f 18//57 20//58 106//58
f 18//57 106//58 105//57
f 20//58 22//59 107//59
f 20//58 107//59 106//58
f 22//59 24//60 108//60
f 22//59 108//60 107//59
f 24//60 26//61 109//61
f 24//60 109//61 108//60
f 26//61 28//62 110//62
f 26//61 110//62 109//61
f 28//62 30//63 111//63
f 28//62 111//63 110//62
f 30//63 32//64 112//64
f 30//63 112//64 111//63
f 32//64 34//65 113//65
f 32//64 113//65 112//64
f 34//65 36//66 114//66
f 34//65 114//66 113//65
f 36//66 38//67 115//67
f 36//66 115//67 114//66
f 38//67 40//68 116//68
f 38//67 116//68 115//67
f 40//68 42//69 117//69
f 40//68 117//69 116//68
f 42//69 44//70 118//70
f 42//69 118//70 117//69
f 44//70 46//71 119//71
f 44//70 119//71 118//70
f 46//71 48//72 120//72
f 46//71 120//72 119//71
f 48//72 50//73 121//73
f 48//72 121//73 120//72
f 50//73 52//74 122//74
f 50//73 122//74 121//73
f 52//74 54//75 123//75
f 52//74 123//75 122//74
f 54//75 56//76 124//76
f 54//75 124//76 123//75
f 56//76 58//77 125//77
f 56//76 125//77 124//76
f 58//77 60//78 126//78
f 58//77 126//78 125//77
f 60//78 62//79 127//79
f 60//78 127//79 126//78
f 62//79 64//80 128//80
f 62//79 128//80 127//79
f 64//80 66//81 129//81
f 64//80 129//81 128//80
f 66//81 68//82 130//82
f 66//81 130//82 129//81
f 68//82 70//83 131//83
f 68//82 131//83 130//82
f 70//83 72//84 132//84
f 70//83 132//84 131//83
f 72//84 74//85 133//85
f 72//84 133//85 132//84
f 74//85 76//86 134//86
f 74//85 134//86 133//85
f 76//86 78//87 135//87
f 76//86 135//87 134//86
f 78//87 80//88 136//88
f 78//87 136//88 135//87
f 80//88 82//89 137//89
f 80//88 137//89 136//88
f 82//89 84//90 138//90
f 82//89 138//90 137//89
f 84//90 86//91 139//91
f 84//90 139//91 138//90
f 86//91 88//92 140//92
f 86//91 140//92 139//91
f 88//92 90//93 141//93
f 88//92 141//93 140//92
f 90//93 92//94 142//94
f 90//93 142//94 141//93
f 92//94 94//95 143//95
f 92//94 143//95 142//94
f 94//95 96//96 144//96
f 94//95 144//96 143//95
f 96//96 4//49 98//49
f 96//96 98//49 144//96
f 98//97 97//98 145//98
f 98//97 145//98 146//97
f 97//98 99//99 147//99
f 97//98 147//99 145//98
f 99//99 100//100 148//100
f 99//99 148//100 147//99
f 100//100 101//101 149//101
f 100//100 149//101 148//100
f 101//101 102//102 150//102
f 101//101 150//102 149//101
f 102//102 103//103 151//103
f 102//102 151//103 150//102
f 103//103 104//104 152//104
f 103//103 152//104 151//103
f 104//104 105//105 153//105
f 104//104 153//105 152//104
f 105//105 106//106 154//106
f 105//105 154//106 153//105
f 106//106 107//107 155//107
f 106//106 155//107 154//106
f 107//107 108//108 156//108
f 107//107 156//108 155//107
f 108//108 109//109 157//109
f 108//108 157//109 156//108
f 109//109 110//110 158//110
f 109//109 158//110 157//109
f 110//110 111//111 159//111
f 110//110 159//111 158//110
f 111//111 112//112 160//112
f 111//111 160//112 159//111
f 112//112 113//113 161//113
f 112//112 161//113 160//112
f 113//113 114//114 162//114
f 113//113 162//114 161//113
f 114//114 115//115 163//115
f 114//114 163//115 162//114
f 115//115 116//116 164//116
f 115//115 164//116 163//115
f 116//116 117//117 165//117
f 116//116 165//117 164//116
f 117//117 118//118 166//118
f 117//117 166//118 165//117
f 118//118 119//119 167//119
f 118//118 167//119 166//118
f 119//119 120//120 168//120
f 119//119 168//120 167//119
f 120//120 121//121 169//121
f 120//120 169//121 168//120
f 121//121 122//122 170//122
f 121//121 170//122 169//121
f 122//122 123//123 171//123
f 122//122 171//123 170//122
f 123//123 124//124 172//124
f 123//123 172//124 171//123
f 124//124 125//125 173//125
f 124//124 173//125 172//124
f 125//125 126//126 174//126
f 125//125 174//126 173//125
f 126//126 127//127 175//127
f 126//126 175//127 174//126
f 127//127 128//128 176//128
f 127//127 176//128 175//127
f 128//128 129//129 177//129
f 128//128 177//129 176//128
f 129//129 130//130 178//130
f 129//129 178//130 177//129
f 130//130 131//131 179//131
f 130//130 179//131 178//130
f 131//131 132//132 180//132
f 131//131 180//132 179//131
f 132//132 133//133 181//133
f 132//132 181//133 180//132
f 133//133 134//134 182//134
f 133//133 182//134 181//133
f 134//134 135//135 183//135
f 134//134 183//135 182//134
f 135//135 136//136 184//136
f 135//135 184//136 183//135
f 136//136 137//137 185//137
f 136//136 185//137 184//136
f 137//137 138//138 186//138
f 137//137 186//138 185//137
f 138//138 139//139 187//139
f 138//138 187//139 186//138
f 139//139 140//140 188//140
f 139//139 188//140 187//139
f 140//140 141//141 189//141
f 140//140 189//141 188//140
f 141//141 142//142 190//142
f 141//141 190//142 189//141
f 142//142 143//143 191//143
f 142//142 191//143 190//142
f 143//143 144//144 192//144
f 143//143 192//144 191//143
f 144//144 98//97 146//97
f 144//144 146//97 192//144
f 146//145 145//146 193//146
f 146//145 193//146 194//145
f 145//146 147//147 195//147
f 145//146 195//147 193//146
f 147//147 148//148 196//148
f 147//147 196//148 195//147
f 148//148 149//149 197//149
f 148//148 197//149 196//148
f 149//149 150//150 198//150
f 149//149 198//150 197//149
f 150//150 151//151 199//151
f 150//150 199//151 198//150
f 151//151 152//152 200//152
f 151//151 200//152 199//151
f 152//152 153//153 201//153
f 152//152 201//153 200//152
f 153//153 154//154 202//154
f 153//153 202//154 201//153
f 154//154 155//155 203//155
f 154//154 203//155 202//154
f 155//155 156//156 204//156
f 155//155 204//156 203//155
f 156//156 157//157 205//157
f 156//156 205//157 204//156
f 157//157 158//158 206//158
f 157//157 206//158 205//157
f 158//158 159//159 207//159
f 158//158 207//159 206//158
f 159//159 160//160 208//160
f 159//159 208//160 207//159
f 160//160 161//161 209//161
f 160//160 209//161 208//160
f 161//161 162//162 210//162
f 161//161 210//162 209//161
f 162//162 163//163 211//163
f 162//162 211//163 210//162
f 163//163 164//164 212//164
f 163//163 212//164 211//163
f 164//164 165//165 213//165
f 164//164 213//165 212//164
f 165//165 166//166 214//166
f 165//165 214//166 213//165
f 166//166 167//167 215//167
f 166//166 215//167 214//166
f 167//167 168//168 216//168
f 167//167 216//168 215//167
f 168//168 169//169 217//169
f 168//168 217//169 216//168
f 169//169 170//170 218//170
f 169//169 218//170 217//169
f 170//170 171//171 219//171
f 170//170 219//171 218//170
f 171//171 172//172 220//172
f 171//171 220//172 219//171
f 172//172 173//173 221//173
f 172//172 221//173 220//172
f 173//173 174//174 222//174
f 173//173 222//174 221//173
f 174//174 175//175 223//175
f 174//174 223//175 222//174
f 175//175 176//176 224//176
f 175//175 224//176 223//175
f 176//176 177//177 225//177
f 176//176 225//177 224//176
f 177//177 178//178 226//178
f 177//177 226//178 225//177
f 178//178 179//179 227//179
f 178//178 227//179 226//178
f 179//179 180//180 228//180
f 179//179 228//180 227//179
f 180//180 181//181 229//181
f 180//180 229//181 228//180
f 181//181 182//182 230//182
f 181//181 230//182 229//181
f 182//182 183//183 231//183
f 182//182 231//183 230//182
f 183//183 184//184 232//184
f 183//183 232//184 231//183
f 184//184 185//185 233//185
f 184//184 233//185 232//184
f 185//185 186//186 234//186
f 185//185 234//186 233//185
f 186//186 187//187 235//187
f 186//186 235//187 234//186
f 187//187 188//188 236//188
f 187//187 236//188 235//187
f 188//188 189//189 237//189
f 188//188 237//189 236//188
f 189//189 190//190 238//190
f 189//189 238//190 237//189
f 190//190 191//191 239//191
f 190//190 239//191 238//190
f 191//191 192//192 240//192
f 191//191 240//192 239//191
f 192//192 146//145 194//145
f 192//192 194//145 240//192
f 194//193 193//194 241//194
f 194//193 241//194 242//193
f 193//194 195//195 243//195
f 193//194 243//195 241//194
f 195//195 196//196 244//196
f 195//195 244//196 243//195
f 196//196 197//197 245//197
f 196//196 245//197 244//196
f 197//197 198//198 246//198
f 197//197 246//198 245//197
f 198//198 199//199 247//199
f 198//198 247//199 246//198
f 199//199 200//200 248//200
f 199//199 248//200 247//199
f 200//200 201//201 249//201
f 200//200 249//201 248//200
f 201//201 202//202 250//202
f 201//201 250//202 249//201
f 202//202 203//203 251//203
f 202//202 251//203 250//202
f 203//203 204//204 252//204
f 203//203 252//204 251//203
f 204//204 205//205 253//205
f 204//204 253//205 252//204
f 205//205 206//206 254//206
f 205//205 254//206 253//205
f 206//206 207//207 255//207
f 206//206 255//207 254//206
f 207//207 208//208 256//208
f 207//207 256//208 255//207
f 208//208 209//209 257//209
f 208//208 257//209 256//208
f 209//209 210//210 258//210
f 209//209 258//210 257//209
f 210//210 211//211 259//211
f 210//210 259//211 258//210
f 211//211 212//212 260//212
f 211//211 260//212 259//211
f 212//212 213//213 261//213
f 212//212 261//213 260//212
f 213//213 214//214 262//214
f 213//213 262//214 261//213
f 214//214 215//215 263//215
f 214//214 263//215 262//214
f 215//215 216//216 264//216
f 215//215 264//216 263//215
f 216//216 217//217 265//217
f 216//216 265//217 264//216
f 217//217 218//218 266//218
f 217//217 266//218 265//217
f 218//218 219//219 267//219
f 218//218 267//219 266//218
f 219//219 220//220 268//220
f 219//219 268//220 267//219
f 220//220 221//221 269//221
f 220//220 269//221 268//220
f 221//221 222//222 270//222
f 221//221 270//222 269//221
f 222//222 223//223 271//223
f 222//222 271//223 270//222
f 223//223 224//224 272//224
f 223//223 272//224 271//223
f 224//224 225//225 273//225
f 224//224 273//225 272//224
f 225//225 226//226 274//226
f 225//225 274//226 273//225
f 226//226 227//227 275//227
f 226//226 275//227 274//226
f 227//227 228//228 276//228
f 227//227 276//228 275//227
f 228//228 229//229 277//229
f 228//228 277//229 276//228
f 229//229 230//230 278//230
f 229//229 278//230 277//229
f 230//230 231//231 279//231
f 230//230 279//231 278//230
f 231//231 232//232 280//232
f 231//231 280//232 279//231
f 232//232 233//233 281//233
f 232//232 281//233 280//232
f 233//233 234//234 282//234
f 233//233 282//234 281//233
f 234//234 235//235 283//235
f 234//234 283//235 282//234
f 235//235 236//236 284//236
f 235//235 284//236 283//235
f 236//236 237//237 285//237
f 236//236 285//237 284//236
f 237//237 238//238 286//238
f 237//237 286//238 285//237
f 238//238 239//239 287//239
f 238//238 287//239 286//238
f 239//239 240//240 288//240
f 239//239 288//240 287//239
f 240//240 194//193 242//193
f 240//240 242//193 288//240
f 242//241 241//242 289//242
f 242//241 289//242 290//241
f 241//242 243//243 291//243
f 241//242 291//243 289//242
f 243//243 244//244 292//244
f 243//243 292//244 291//243
f 244//244 245//245 293//245
f 244//244 293//245 292//244
f 245//245 246//246 294//246
f 245//245 294//246 293//245
f 246//246 247//247 295//247
f 246//246 295//247 294//246
f 247//247 248//248 296//248
f 247//247 296//248 295//247
f 248//248 249//249 297//249
f 248//248 297//249 296//248
f 249//249 250//250 298//250
f 249//249 298//250 297//249
f 250//250 251//251 299//251
f 250//250 299//251 298//250
f 251//251 252//252 300//252
f 251//251 300//252 299//251
f 252//252 253//253 301//253
f 252//252 301//253 300//252
f 253//253 254//254 302//254
f 253//253 302//254 301//253
f 254//254 255//255 303//255
f 254//254 303//255 302//254
f 255//255 256//256 304//256
f 255//255 304//256 303//255
f 256//256 257//257 305//257
f 256//256 305//257 304//256
f 257//257 258//258 306//258
f 257//257 306//258 305//257
f 258//258 259//259 307//259
f 258//258 307//259 306//258
f 259//259 260//260 308//260
f 259//259 308//260 307//259
f 260//260 261//261 309//261
f 260//260 309//261 308//260
f 261//261 262//262 310//262
f 261//261 310//262 309//261
f 262//262 263//263 311//263
f 262//262 311//263 310//262
f 263//263 264//264 312//264
f 263//263 312//264 311//263
f 264//264 265//265 313//265
f 264//264 313//265 312//264
f 265//265 266//266 314//266
f 265//265 314//266 313//265
f 266//266 267//267 315//267
f 266//266 315//267 314//266
f 267//267 268//268 316//268
f 267//267 316//268 315//267
f 268//268 269//269 317//269
f 268//268 317//269 316//268
f 269//269 270//270 318//270
f 269//269 318//270 317//269
f 270//270 271//271 319//271
f 270//270 319//271 318//270
f 271//271 272//272 320//272
f 271//271 320//272 319//271
f 272//272 273//273 321//273
f 272//272 321//273 320//272
f 273//273 274//274 322//274
f 273//273 322//274 321//273
f 274//274 275//275 323//275
f 274//274 323//275 322//274
f 275//275 276//276 324//276
f 275//275 324//276 323//275
f 276//276 277//277 325//277
f 276//276 325//277 324//276
f 277//277 278//278 326//278
f 277//277 326//278 325//277
f 278//278 279//279 327//279
f 278//278 327//279 326//278
f 279//279 280//280 328//280
f 279//279 328//280 327//279
f 280//280 281//281 329//281
f 280//280 329//281 328//280
f 281//281 282//282 330//282
f 281//281 330//282 329//281
f 282//282 283//283 331//283
f 282//282 331//283 330//282
f 283//283 284//284 332//284
f 283//283 332//284 331//283
f 284//284 285//285 333//285
f 284//284 333//285 332//284
f 285//285 286//286 334//286
f 285//285 334//286 333//285
f 286//286 287//287 335//287
f 286//286 335//287 334//286
f 287//287 288//288 336//288
f 287//287 336//288 335//287
f 288//288 242//241 290//241
f 288//288 290//241 336//288
f 337//289 2//289 1//289
f 337//289 5//289 2//289
f 337//289 7//289 5//289
f 337//289 9//289 7//289
f 337//289 11//289 9//289
f 337//289 13//289 11//289
f 337//289 15//289 13//289
f 337//289 17//289 15//289
f 337//289 19//289 17//289
f 337//289 21//289 19//289
f 337//289 23//289 21//289
f 337//289 25//289 23//289
f 337//289 27//289 25//289
f 337//289 29//289 27//289
f 337//289 31//289 29//289
f 337//289 33//289 31//289
f 337//289 35//289 33//289
f 337//289 37//289 35//289
f 337//289 39//289 37//289
f 337//289 41//289 39//289
f 337//289 43//289 41//289
f 337//289 45//289 43//289
f 337//289 47//289 45//289
f 337//289 49//289 47//289
f 337//289 51//289 49//289
f 337//289 53//289 51//289
f 337//289 55//289 53//289
f 337//289 57//289 55//289
f 337//289 59//289 57//289
f 337//289 61//289 59//289
f 337//289 63//289 61//289
f 337//289 65//289 63//289
f 337//289 67//289 65//289
f 337//289 69//289 67//289
f 337//289 71//289 69//289
f 337//289 73//289 71//289
f 337//289 75//289 73//289
f 337//289 77//289 75//289
f 337//289 79//289 77//289
f 337//289 81//289 79//289
f 337//289 83//289 81//289
f 337//289 85//289 83//289
f 337//289 87//289 85//289
f 337//289 89//289 87//289
f 337//289 91//289 89//289
f 337//289 93//289 91//289
f 337//289 95//289 93//289
f 337//289 1//289 95//289
f 338//290 290//290 289//290
f 338//290 289//290 291//290
f 338//290 291//290 292//290
f 338//290 292//290 293//290
f 338//290 293//290 294//290
f 338//290 294//290 295//290
f 338//290 295//290 296//290
f 338//290 296//290 297//290
f 338//290 297//290 298//290
f 338//290 298//290 299//290
f 338//290 299//290 300//290
f 338//290 300//290 301//290
f 338//290 301//290 302//290
f 338//290 302//290 303//290
f 338//290 303//290 304//290
f 338//290 304//290 305//290
f 338//290 305//290 306//290
f 338//290 306//290 307//290
f 338//290 307//290 308//290
f 338//290 308//290 309//290
f 338//290 309//290 310//290
f 338//290 310//290 311//290
f 338//290 311//290 312//290
f 338//290 312//290 313//290
f 338//290 313//290 314//290
f 338//290 314//290 315//290
f 338//290 315//290 316//290
f 338//290 316//290 317//290
f 338//290 317//290 318//290
f 338//290 318//290 319//290
f 338//290 319//290 320//290
f 338//290 320//290 321//290
f 338//290 321//290 322//290
f 338//290 322//290 323//290
f 338//290 323//290 324//290
f 338//290 324//290 325//290
f 338//290 325//290 326//290
f 338//290 326//290 327//290
f 338//290 327//290 328//290
f 338//290 328//290 329//290
f 338//290 329//290 330//290
f 338//290 330//290 331//290
f 338//290 331//290 332//290
f 338//290 332//290 333//290
f 338//290 333//290 334//290
f 338//290 334//290 335//290
f 338//290 335//290 336//290
f 338//290 336//290 290//290
usemtl housing_edge
f 339//291 340//292 341//293
f 339//291 341//293 342//294
f 342//294 341//293 343//290
f 342//294 343//290 344//290
f 344//290 343//290 345//295
f 344//290 345//295 346//296
f 346//296 345//295 347//297
f 346//296 347//297 348//298
f 348//298 347//297 349//299
f 348//298 349//299 350//300
f 350//300 349//299 351//289
f 350//300 351//289 352//289
f 352//289 351//289 353//301
f 352//289 353//301 354//302
f 354//302 353//301 340//292
f 354//302 340//292 339//291
f 340//292 355//303 356//304
f 340//292 356//304 341//293
f 341//293 356//304 357//290
f 341//293 357//290 343//290
f 343//290 357//290 358//305
f 343//290 358//305 345//295
f 345//295 358//305 359//306
f 345//295 359//306 347//297
f 347//297 359//306 360//307
f 347//297 360//307 349//299
f 349//299 360//307 361//289
f 349//299 361//289 351//289
f 351//289 361//289 362//308
f 351//289 362//308 353//301
f 353//301 362//308 355//303
f 353//301 355//303 340//292
f 355//303 363//309 364//310
f 355//303 364//310 356//304
f 356//304 364//310 365//290
f 356//304 365//290 357//290
f 357//290 365//290 366//311
f 357//290 366//311 358//305
f 358//305 366//311 367//312
f 358//305 367//312 359//306
f 359//306 367//312 368//313
f 359//306 368//313 360//307
f 360//307 368//313 369//289
f 360//307 369//289 361//289
f 361//289 369//289 370//314
f 361//289 370//314 362//308
f 362//308 370//314 363//309
f 362//308 363//309 355//303
f 363//309 371//315 372//316
f 363//309 372//316 364//310
f 364//310 372//316 373//290
f 364//310 373//290 365//290
f 365//290 373//290 374//317
f 365//290 374//317 366//311
f 366//311 374//317 375//318
f 366//311 375//318 367//312
f 367//312 375//318 376//319
f 367//312 376//319 368//313
f 368//313 376//319 377//289
f 368//313 377//289 369//289
f 369//289 377//289 378//320
f 369//289 378//320 370//314
f 370//314 378//320 371//315
f 370//314 371//315 363//309
f 371//315 379//321 380//322
f 371//315 380//322 372//316
f 372//316 380//322 381//290
f 372//316 381//290 373//290
f 373//290 381//290 382//323
f 373//290 382//323 374//317
f 374//317 382//323 383//324
f 374//317 383//324 375//318
f 375//318 383//324 384//325
f 375//318 384//325 376//319
f 376//319 384//325 385//289
f 376//319 385//289 377//289
f 377//289 385//289 386//326
f 377//289 386//326 378//320
f 378//320 386//326 379//321
f 378//320 379//321 371//315
f 379//321 387//327 388//328
f 379//321 388//328 380//322
f 380//322 388//328 389//290
f 380//322 389//290 381//290
f 381//290 389//290 390//329
f 381//290 390//329 382//323
f 382//323 390//329 391//330
f 382//323 391//330 383//324
f 383//324 391//330 392//331
f 383//324 392//331 384//325
f 384//325 392//331 393//289
f 384//325 393//289 385//289
f 385//289 393//289 394//332
f 385//289 394//332 386//326
f 386//326 394//332 387//327
f 386//326 387//327 379//321
f 387//327 395//333 396//334
f 387//327 396//334 388//328
f 388//328 396//334 397//290
f 388//328 397//290 389//290
f 389//290 397//290 398//335
f 389//290 398//335 390//329
f 390//329 398//335 399//336
f 390//329 399//336 391//330
f 391//330 399//336 400//337
f 391//330 400//337 392//331
f 392//331 400//337 401//289
f 392//331 401//289 393//289
f 393//289 401//289 402//338
f 393//289 402//338 394//332
f 394//332 402//338 395//333
f 394//332 395//333 387//327
f 395//333 403//339 404//340
f 395//333 404//340 396//334
f 396//334 404//340 405//290
f 396//334 405//290 397//290
f 397//290 405//290 406//341
f 397//290 406//341 398//335
f 398//335 406//341 407//342
f 398//335 407//342 399//336
f 399//336 407//342 408//343
f 399//336 408//343 400//337
f 400//337 408//343 409//289
f 400//337 409//289 401//289
f 401//289 409//289 410//344
f 401//289 410//344 402//338
f 402//338 410//344 403//339
f 402//338 403//339 395//333
f 403//339 411//345 412//346
f 403//339 412//346 404//340
f 404//340 412//346 413//290
f 404//340 413//290 405//290
f 405//290 413//290 414//347
f 405//290 414//347 406//341
f 406//341 414//347 415//348
f 406//341 415//348 407//342
f 407//342 415//348 416//349
f 407//342 416//349 408//343
f 408//343 416//349 417//289
f 408//343 417//289 409//289
f 409//289 417//289 418//350
f 409//289 418//350 410//344
f 410//344 418//350 411//345
f 410//344 411//345 403//339
f 411//345 419//351 420//352
f 411//345 420//352 412//346
f 412//346 420//352 421//290
f 412//346 421//290 413//290
f 413//290 421//290 422//353
f 413//290 422//353 414//347
f 414//347 422//353 423//354
f 414//347 423//354 415//348
f 415//348 423//354 424//355
f 415//348 424//355 416//349
f 416//349 424//355 425//289
f 416//349 425//289 417//289
f 417//289 425//289 426//356
f 417//289 426//356 418//350
f 418//350 426//356 419//351
f 418//350 419//351 411//345
f 419//351 427//357 428//358
f 419//351 428//358 420//352
f 420//352 428//358 429//290
f 420//352 429//290 421//290
f 421//290 429//290 430//359
f 421//290 430//359 422//353
f 422//353 430//359 431//360
f 422//353 431//360 423//354
f 423//354 431//360 432//361
f 423//354 432//361 424//355
f 424//355 432//361 433//289
f 424//355 433//289 425//289
f 425//289 433//289 434//362
f 425//289 434//362 426//356
f 426//356 434//362 427//357
f 426//356 427//357 419//351
f 427//357 435//363 436//364
f 427//357 436//364 428//358
f 428//358 436//364 437//290
f 428//358 437//290 429//290
f 429//290 437//290 438//365
f 429//290 438//365 430//359
f 430//359 438//365 439//366
f 430//359 439//366 431//360
f 431//360 439//366 440//367
f 431//360 440//367 432//361
f 432//361 440//367 441//289
f 432//361 441//289 433//289
f 433//289 441//289 442//368
f 433//289 442//368 434//362
f 434//362 442//368 435//363
f 434//362 435//363 427//357
f 435//363 443//369 444//370
f 435//363 444//370 436//364
f 436//364 444//370 445//290
f 436//364 445//290 437//290
f 437//290 445//290 446//371
f 437//290 446//371 438//365
f 438//365 446//371 447//372
f 438//365 447//372 439//366
f 439//366 447//372 448//373
f 439//366 448//373 440//367
f 440//367 448//373 449//289
f 440//367 449//289 441//289
f 441//289 449//289 450//374
f 441//289 450//374 442//368
f 442//368 450//374 443//369
f 442//368 443//369 435//363
f 443//369 451//375 452//376
f 443//369 452//376 444//370
f 444//370 452//376 453//290
f 444//370 453//290 445//290
f 445//290 453//290 454//377
f 445//290 454//377 446//371
f 446//371 454//377 455//378
f 446//371 455//378 447//372
f 447//372 455//378 456//379
f 447//372 456//379 448//373
f 448//373 456//379 457//289
f 448//373 457//289 449//289
f 449//289 457//289 458//380
f 449//289 458//380 450//374
f 450//374 458//380 451//375
f 450//374 451//375 443//369
f 451//375 459//381 460//382
f 451//375 460//382 452//376
f 452//376 460//382 461//290
f 452//376 461//290 453//290
f 453//290 461//290 462//383
f 453//290 462//383 454//377
f 454//377 462//383 463//384
f 454//377 463//384 455//378
f 455//378 463//384 464//385
f 455//378 464//385 456//379
f 456//379 464//385 465//289
f 456//379 465//289 457//289
f 457//289 465//289 466//386
f 457//289 466//386 458//380
f 458//380 466//386 459//381
f 458//380 459//381 451//375
f 459//381 467//387 468//388
f 459//381 468//388 460//382
f 460//382 468//388 469//290
f 460//382 469//290 461//290
f 461//290 469//290 470//389
f 461//290 470//389 462//383
f 462//383 470//389 471//390
f 462//383 471//390 463//384
f 463//384 471//390 472//391
f 463//384 472//391 464//385
f 464//385 472//391 473//289
f 464//385 473//289 465//289
f 465//289 473//289 474//392
f 465//289 474//392 466//386
f 466//386 474//392 467//387
f 466//386 467//387 459//381
f 467//387 475//393 476//394
f 467//387 476//394 468//388
f 468//388 476//394 477//290
f 468//388 477//290 469//290
f 469//290 477//290 478//395
f 469//290 478//395 470//389
f 470//389 478//395 479//396
f 470//389 479//396 471//390
f 471//390 479//396 480//397
f 471//390 480//397 472//391
f 472//391 480//397 481//289
f 472//391 481//289 473//289
f 473//289 481//289 482//398
f 473//289 482//398 474//392
f 474//392 482//398 475//393
f 474//392 475//393 467//387
f 475//393 483//399 484//400
f 475//393 484//400 476//394
f 476//394 484//400 485//290
f 476//394 485//290 477//290
f 477//290 485//290 486//401
f 477//290 486//401 478//395
f 478//395 486//401 487//402
f 478//395 487//402 479//396
f 479//396 487//402 488//403
f 479//396 488//403 480//397
f 480//397 488//403 489//289
f 480//397 489//289 481//289
f 481//289 489//289 490//404
f 481//289 490//404 482//398
f 482//398 490//404 483//399
f 482//398 483//399 475//393
f 483//399 491//405 492//406
f 483//399 492//406 484//400
f 484//400 492//406 493//290
f 484//400 493//290 485//290
f 485//290 493//290 494//407
f 485//290 494//407 486//401
f 486//401 494//407 495//408
f 486//401 495//408 487//402
f 487//402 495//408 496//409
f 487//402 496//409 488//403
f 488//403 496//409 497//289
f 488//403 497//289 489//289
f 489//289 497//289 498//410
f 489//289 498//410 490//404
f 490//404 498//410 491//405
f 490//404 491//405 483//399
f 491//405 499//411 500//412
f 491//405 500//412 492//406
f 492//406 500//412 501//290
f 492//406 501//290 493//290
f 493//290 501//290 502//413
f 493//290 502//413 494//407
f 494//407 502//413 503//414
f 494//407 503//414 495//408
f 495//408 503//414 504//415
f 495//408 504//415 496//409
f 496//409 504//415 505//289
f 496//409 505//289 497//289
f 497//289 505//289 506//416
f 497//289 506//416 498//410
f 498//410 506//416 499//411
f 498//410 499//411 491//405
f 499//411 507//417 508//418
f 499//411 508//418 500//412
f 500//412 508//418 509//290
f 500//412 509//290 501//290
f 501//290 509//290 510//419
f 501//290 510//419 502//413
f 502//413 510//419 511//420
f 502//413 511//420 503//414
f 503//414 511//420 512//421
f 503//414 512//421 504//415
f 504//415 512//421 513//289
f 504//415 513//289 505//289
f 505//289 513//289 514//422
f 505//289 514//422 506//416
f 506//416 514//422 507//417
f 506//416 507//417 499//411
f 507//417 515//423 516//424
f 507//417 516//424 508//418
f 508//418 516//424 517//290
f 508//418 517//290 509//290
f 509//290 517//290 518//425
f 509//290 518//425 510//419
f 510//419 518//425 519//426
f 510//419 519//426 511//420
f 511//420 519//426 520//427
f 511//420 520//427 512//421
f 512//421 520//427 521//289
f 512//421 521//289 513//289
f 513//289 521//289 522//428
f 513//289 522//428 514//422
f 514//422 522//428 515//423
f 514//422 515//423 507//417
f 515//423 523//429 524//430
f 515//423 524//430 516//424
f 516//424 524//430 525//290
f 516//424 525//290 517//290
f 517//290 525//290 526//431
f 517//290 526//431 518//425
f 518//425 526//431 527//432
f 518//425 527//432 519//426
f 519//426 527//432 528//433
f 519//426 528//433 520//427
f 520//427 528//433 529//289
f 520//427 529//289 521//289
f 521//289 529//289 530//434
f 521//289 530//434 522//428
f 522//428 530//434 523//429
f 522//428 523//429 515//423
f 523//429 531//298 532//296
f 523//429 532//296 524//430
f 524//430 532//296 533//290
f 524//430 533//290 525//290
f 525//290 533//290 534//294
f 525//290 534//294 526//431
f 526//431 534//294 535//291
f 526//431 535//291 527//432
f 527//432 535//291 536//302
f 527//432 536//302 528//433
f 528//433 536//302 537//289
f 528//433 537//289 529//289
f 529//289 537//289 538//300
f 529//289 538//300 530//434
f 530//434 538//300 531//298
f 530//434 531//298 523//429
f 531//298 539//297 540//295
f 531//298 540//295 532//296
f 532//296 540//295 541//290
f 532//296 541//290 533//290
f 533//290 541//290 542//293
f 533//290 542//293 534//294
f 534//294 542//293 543//292
f 534//294 543//292 535//291
f 535//291 543//292 544//301
f 535//291 544//301 536//302
f 536//302 544//301 545//289
f 536//302 545//289 537//289
f 537//289 545//289 546//299
f 537//289 546//299 538//300
f 538//300 546//299 539//297
f 538//300 539//297 531//298
f 539//297 547//306 548//305
f 539//297 548//305 540//295
f 540//295 548//305 549//290
f 540//295 549//290 541//290
f 541//290 549//290 550//304
f 541//290 550//304 542//293
f 542//293 550//304 551//303
f 542//293 551//303 543//292
f 543//292 551//303 552//308
f 543//292 552//308 544//301
f 544//301 552//308 553//289
f 544//301 553//289 545//289
f 545//289 553//289 554//307
f 545//289 554//307 546//299
f 546//299 554//307 547//306
f 546//299 547//306 539//297
f 547//306 555//312 556//311
f 547//306 556//311 548//305
f 548//305 556//311 557//290
f 548//305 557//290 549//290
f 549//290 557//290 558//310
f 549//290 558//310 550//304
f 550//304 558//310 559//309
f 550//304 559//309 551//303
f 551//303 559//309 560//314
f 551//303 560//314 552//308
f 552//308 560//314 561//289
f 552//308 561//289 553//289
f 553//289 561//289 562//313
f 553//289 562//313 554//307
f 554//307 562//313 555//312
f 554//307 555//312 547//306
f 555//312 563//318 564//317
f 555//312 564//317 556//311
f 556//311 564//317 565//290
f 556//311 565//290 557//290
f 557//290 565//290 566//316
f 557//290 566//316 558//310
f 558//310 566//316 567//315
f 558//310 567//315 559//309
f 559//309 567//315 568//320
f 559//309 568//320 560//314
f 560//314 568//320 569//289
f 560//314 569//289 561//289
f 561//289 569//289 570//319
f 561//289 570//319 562//313
f 562//313 570//319 563//318
f 562//313 563//318 555//312
f 563//318 571//324 572//323
f 563//318 572//323 564//317
f 564//317 572//323 573//290
f 564//317 573//290 565//290
f 565//290 573//290 574//322
f 565//290 574//322 566//316
f 566//316 574//322 575//321
f 566//316 575//321 567//315
f 567//315 575//321 576//326
f 567//315 576//326 568//320
f 568//320 576//326 577//289
f 568//320 577//289 569//289
f 569//289 577//289 578//325
f 569//289 578//325 570//319
f 570//319 578//325 571//324
f 570//319 571//324 563//318
f 571//324 579//330 580//329
f 571//324 580//329 572//323
f 572//323 580//329 581//290
f 572//323 581//290 573//290
f 573//290 581//290 582//328
f 573//290 582//328 574//322
f 574//322 582//328 583//327
f 574//322 583//327 575//321
f 575//321 583//327 584//332
f 575//321 584//332 576//326
f 576//326 584//332 585//289
f 576//326 585//289 577//289
f 577//289 585//289 586//331
f 577//289 586//331 578//325
f 578//325 586//331 579//330
f 578//325 579//330 571//324
f 579//330 587//336 588//335
f 579//330 588//335 580//329
f 580//329 588//335 589//290
f 580//329 589//290 581//290
f 581//290 589//290 590//334
f 581//290 590//334 582//328
f 582//328 590//334 591//333
f 582//328 591//333 583//327
f 583//327 591//333 592//338
f 583//327 592//338 584//332
f 584//332 592//338 593//289
f 584//332 593//289 585//289
f 585//289 593//289 594//337
f 585//289 594//337 586//331
f 586//331 594//337 587//336
f 586//331 587//336 579//330
f 587//336 595//342 596//341
f 587//336 596//341 588//335
f 588//335 596//341 597//290
f 588//335 597//290 589//290
f 589//290 597//290 598//340
f 589//290 598//340 590//334
f 590//334 598//340 599//339
f 590//334 599//339 591//333
f 591//333 599//339 600//344
f 591//333 600//344 592//338
f 592//338 600//344 601//289
f 592//338 601//289 593//289
f 593//289 601//289 602//343
f 593//289 602//343 594//337
f 594//337 602//343 595//342
f 594//337 595//342 587//336
f 595//342 603//348 604//347
f 595//342 604//347 596//341
f 596//341 604//347 605//290
f 596//341 605//290 597//290
f 597//290 605//290 606//346
f 597//290 606//346 598//340
f 598//340 606//346 607//345
f 598//340 607//345 599//339
f 599//339 607//345 608//350
f 599//339 608//350 600//344
f 600//344 608//350 609//289
f 600//344 609//289 601//289
f 601//289 609//289 610//349
f 601//289 610//349 602//343
f 602//343 610//349 603//348
f 602//343 603//348 595//342
f 603//348 611//354 612//353
f 603//348 612//353 604//347
f 604//347 612//353 613//290
f 604//347 613//290 605//290
f 605//290 613//290 614//352
f 605//290 614//352 606//346
f 606//346 614//352 615//351
f 606//346 615//351 607//345
f 607//345 615//351 616//356
f 607//345 616//356 608//350
f 608//350 616//356 617//289
f 608//350 617//289 609//289
f 609//289 617//289 618//355
f 609//289 618//355 610//349
f 610//349 618//355 611//354
f 610//349 611//354 603//348
f 611//354 619//360 620//359
f 611//354 620//359 612//353
f 612//353 620//359 621//290
f 612//353 621//290 613//290
f 613//290 621//290 622//358
f 613//290 622//358 614//352
f 614//352 622//358 623//357
f 614//352 623//357 615//351
f 615//351 623//357 624//362
f 615//351 624//362 616//356
f 616//356 624//362 625//289
f 616//356 625//289 617//289
f 617//289 625//289 626//361
f 617//289 626//361 618//355
f 618//355 626//361 619//360
f 618//355 619//360 611//354
f 619//360 627//366 628//365
f 619//360 628//365 620//359
f 620//359 628//365 629//290
f 620//359 629//290 621//290
f 621//290 629//290 630//364
f 621//290 630//364 622//358
f 622//358 630//364 631//363
f 622//358 631//363 623//357
f 623//357 631//363 632//368
f 623//357 632//368 624//362
f 624//362 632//368 633//289
f 624//362 633//289 625//289
f 625//289 633//289 634//367
f 625//289 634//367 626//361
f 626//361 634//367 627//366
f 626//361 627//366 619//360
f 627//366 635//372 636//371
f 627//366 636//371 628//365
f 628//365 636//371 637//290
f 628//365 637//290 629//290
f 629//290 637//290 638//370
f 629//290 638//370 630//364
f 630//364 638//370 639//369
f 630//364 639//369 631//363
f 631//363 639//369 640//374
f 631//363 640//374 632//368
f 632//368 640//374 641//289
f 632//368 641//289 633//289
f 633//289 641//289 642//373
f 633//289 642//373 634//367
f 634//367 642//373 635//372
f 634//367 635//372 627//366
f 635//372 643//378 644//377
f 635//372 644//377 636//371
f 636//371 644//377 645//290
f 636//371 645//290 637//290
f 637//290 645//290 646//376
f 637//290 646//376 638//370
f 638//370 646//376 647//375
f 638//370 647//375 639//369
f 639//369 647//375 648//380
f 639//369 648//380 640//374
f 640//374 648//380 649//289
f 640//374 649//289 641//289
f 641//289 649//289 650//379
f 641//289 650//379 642//373
f 642//373 650//379 643//378
f 642//373 643//378 635//372
f 643//378 651//384 652//383
f 643//378 652//383 644//377
f 644//377 652//383 653//290
f 644//377 653//290 645//290
f 645//290 653//290 654//382
f 645//290 654//382 646//376
f 646//376 654//382 655//381
f 646//376 655//381 647//375
f 647//375 655//381 656//386
f 647//375 656//386 648//380
f 648//380 656//386 657//289
f 648//380 657//289 649//289
f 649//289 657//289 658//385
f 649//289 658//385 650//379
f 650//379 658//385 651//384
f 650//379 651//384 643//378
f 651//384 659//390 660//389
f 651//384 660//389 652//383
f 652//383 660//389 661//290
f 652//383 661//290 653//290
f 653//290 661//290 662//388
f 653//290 662//388 654//382
f 654//382 662//388 663//387
f 654//382 663//387 655//381
f 655//381 663//387 664//392
f 655//381 664//392 656//386
f 656//386 664//392 665//289
f 656//386 665//289 657//289
f 657//289 665//289 666//391
f 657//289 666//391 658//385
f 658//385 666//391 659//390
f 658//385 659//390 651//384
f 659//390 667//396 668//395
f 659//390 668//395 660//389
f 660//389 668//395 669//290
f 660//389 669//290 661//290
f 661//290 669//290 670//394
f 661//290 670//394 662//388
f 662//388 670//394 671//393
f 662//388 671//393 663//387
f 663//387 671//393 672//398
f 663//387 672//398 664//392
f 664//392 672//398 673//289
f 664//392 673//289 665//289
f 665//289 673//289 674//397
f 665//289 674//397 666//391
f 666//391 674//397 667//396
f 666//391 667//396 659//390
f 667//396 675//402 676//401
f 667//396 676//401 668//395
f 668//395 676//401 677//290
f 668//395 677//290 669//290
f 669//290 677//290 678//400
f 669//290 678//400 670//394
f 670//394 678//400 679//399
f 670//394 679//399 671//393
f 671//393 679//399 680//404
f 671//393 680//404 672//398
f 672//398 680//404 681//289
f 672//398 681//289 673//289
f 673//289 681//289 682//403
f 673//289 682//403 674//397
f 674//397 682//403 675//402
f 674//397 675//402 667//396
f 675//402 683//408 684//407
f 675//402 684//407 676//401
f 676//401 684//407 685//290
f 676//401 685//290 677//290
f 677//290 685//290 686//406
f 677//290 686//406 678//400
f 678//400 686//406 687//405
f 678//400 687//405 679//399
f 679//399 687//405 688//410
f 679//399 688//410 680//404
f 680//404 688//410 689//289
f 680//404 689//289 681//289
f 681//289 689//289 690//409
f 681//289 690//409 682//403
f 682//403 690//409 683//408
f 682//403 683//408 675//402
f 683//408 691//414 692//413
f 683//408 692//413 684//407
f 684//407 692//413 693//290
f 684//407 693//290 685//290
f 685//290 693//290 694//412
f 685//290 694//412 686//406
f 686//406 694//412 695//411
f 686//406 695//411 687//405
f 687//405 695//411 696//416
f 687//405 696//416 688//410
f 688//410 696//416 697//289
f 688//410 697//289 689//289
f 689//289 697//289 698//415
f 689//289 698//415 690//409
f 690//409 698//415 691//414
f 690//409 691//414 683//408
f 691//414 699//420 700//419
f 691//414 700//419 692//413
f 692//413 700//419 701//290
f 692//413 701//290 693//290
f 693//290 701//290 702//418
f 693//290 702//418 694//412
f 694//412 702//418 703//417
f 694//412 703//417 695//411
f 695//411 703//417 704//422
f 695//411 704//422 696//416
f 696//416 704//422 705//289
f 696//416 705//289 697//289
f 697//289 705//289 706//421
f 697//289 706//421 698//415
f 698//415 706//421 699//420
f 698//415 699//420 691//414
f 699//420 707//426 708//425
f 699//420 708//425 700//419
f 700//419 708//425 709//290
f 700//419 709//290 701//290
f 701//290 709//290 710//424
f 701//290 710//424 702//418
f 702//418 710//424 711//423
f 702//418 711//423 703//417
f 703//417 711//423 712//428
f 703//417 712//428 704//422
f 704//422 712//428 713//289
f 704//422 713//289 705//289
f 705//289 713//289 714//427
f 705//289 714//427 706//421
f 706//421 714//427 707//426
f 706//421 707//426 699//420
f 707//426 715//432 716//431
f 707//426 716//431 708//425
f 708//425 716//431 717//290
f 708//425 717//290 709//290
f 709//290 717//290 718//430
f 709//290 718//430 710//424
f 710//424 718//430 719//429
f 710//424 719//429 711//423
f 711//423 719//429 720//434
f 711//423 720//434 712//428
f 712//428 720//434 721//289
f 712//428 721//289 713//289
f 713//289 721//289 722//433
f 713//289 722//433 714//427
f 714//427 722//433 715//432
f 714//427 715//432 707//426
f 715//432 339//291 342//294
f 715//432 342//294 716//431
f 716//431 342//294 344//290
f 716//431 344//290 717//290
f 717//290 344//290 346//296
f 717//290 346//296 718//430
f 718//430 346//296 348//298
f 718//430 348//298 719//429
f 719//429 348//298 350//300
f 719//429 350//300 720//434
f 720//434 350//300 352//289
f 720//434 352//289 721//289
f 721//289 352//289 354//302
f 721//289 354//302 722//433
f 722//433 354//302 339//291
f 722//433 339//291 715//432
usemtl rubber_black
f 723//291 724//292 725//293
f 723//291 725//293 726//294
f 726//294 725//293 727//290
f 726//294 727//290 728//290
f 728//290 727//290 729//295
f 728//290 729//295 730//296
f 730//296 729//295 731//297
f 730//296 731//297 732//298
f 732//298 731//297 733//299
f 732//298 733//299 734//300
f 734//300 733//299 735//289
f 734//300 735//289 736//289
f 736//289 735//289 737//301
f 736//289 737//301 738//302
f 738//302 737//301 724//292
f 738//302 724//292 723//291
f 724//292 739//303 740//304
f 724//292 740//304 725//293
f 725//293 740//304 741//290
f 725//293 741//290 727//290
f 727//290 741//290 742//305
f 727//290 742//305 729//295
f 729//295 742//305 743//306
f 729//295 743//306 731//297
f 731//297 743//306 744//307
f 731//297 744//307 733//299
f 733//299 744//307 745//289
f 733//299 745//289 735//289
f 735//289 745//289 746//308
f 735//289 746//308 737//301
f 737//301 746//308 739//303
f 737//301 739//303 724//292
f 739//303 747//309 748//310
f 739//303 748//310 740//304
f 740//304 748//310 749//290
f 740//304 749//290 741//290
f 741//290 749//290 750//311
f 741//290 750//311 742//305
f 742//305 750//311 751//312
f 742//305 751//312 743//306
f 743//306 751//312 752//313
f 743//306 752//313 744//307
f 744//307 752//313 753//289
f 744//307 753//289 745//289
f 745//289 753//289 754//314
f 745//289 754//314 746//308
f 746//308 754//314 747//309
f 746//308 747//309 739//303
f 747//309 755//315 756//316
f 747//309 756//316 748//310
f 748//310 756//316 757//290
f 748//310 757//290 749//290
f 749//290 757//290 758//317
f 749//290 758//317 750//311
f 750//311 758//317 759//318
f 750//311 759//318 751//312
f 751//312 759//318 760//319
f 751//312 760//319 752//313
f 752//313 760//319 761//289
f 752//313 761//289 753//289
f 753//289 761//289 762//320
f 753//289 762//320 754//314
f 754//314 762//320 755//315
f 754//314 755//315 747//309
f 755//315 763//321 764//322
f 755//315 764//322 756//316
f 756//316 764//322 765//290
f 756//316 765//290 757//290
f 757//290 765//290 766//323
f 757//290 766//323 758//317
f 758//317 766//323 767//324
f 758//317 767//324 759//318
f 759//318 767//324 768//325
f 759//318 768//325 760//319
f 760//319 768//325 769//289
f 760//319 769//289 761//289
f 761//289 769//289 770//326
f 761//289 770//326 762//320
f 762//320 770//326 763//321
f 762//320 763//321 755//315
f 763//321 771//327 772//328
f 763//321 772//328 764//322
f 764//322 772//328 773//290
f 764//322 773//290 765//290
f 765//290 773//290 774//329
f 765//290 774//329 766//323
f 766//323 774//329 775//330
f 766//323 775//330 767//324
f 767//324 775//330 776//331
f 767//324 776//331 768//325
f 768//325 776//331 777//289
f 768//325 777//289 769//289
f 769//289 777//289 778//332
f 769//289 778//332 770//326
f 770//326 778//332 771//327
f 770//326 771//327 763//321
f 771//327 779//333 780//334
f 771//327 780//334 772//328
f 772//328 780//334 781//290
f 772//328 781//290 773//290
f 773//290 781//290 782//335
f 773//290 782//335 774//329
f 774//329 782//335 783//336
f 774//329 783//336 775//330
f 775//330 783//336 784//337
f 775//330 784//337 776//331
f 776//331 784//337 785//289
f 776//331 785//289 777//289
f 777//289 785//289 786//338
f 777//289 786//338 778//332
f 778//332 786//338 779//333
f 778//332 779//333 771//327
f 779//333 787//339 788//340
f 779//333 788//340 780//334
f 780//334 788//340 789//290
f 780//334 789//290 781//290
f 781//290 789//290 790//341
f 781//290 790//341 782//335
f 782//335 790//341 791//342
f 782//335 791//342 783//336
f 783//336 791//342 792//343
f 783//336 792//343 784//337
f 784//337 792//343 793//289
f 784//337 793//289 785//289
f 785//289 793//289 794//344
f 785//289 794//344 786//338
f 786//338 794//344 787//339
f 786//338 787//339 779//333
f 787//339 795//345 796//346
f 787//339 796//346 788//340
f 788//340 796//346 797//290
f 788//340 797//290 789//290
f 789//290 797//290 798//347
f 789//290 798//347 790//341
f 790//341 798//347 799//348
f 790//341 799//348 791//342
f 791//342 799//348 800//349
f 791//342 800//349 792//343
f 792//343 800//349 801//289
f 792//343 801//289 793//289
f 793//289 801//289 802//350
f 793//289 802//350 794//344
f 794//344 802//350 795//345
f 794//344 795//345 787//339
f 795//345 803//351 804//352
f 795//345 804//352 796//346
f 796//346 804//352 805//290
f 796//346 805//290 797//290
f 797//290 805//290 806//353
f 797//290 806//353 798//347
f 798//347 806//353 807//354
f 798//347 807//354 799//348
f 799//348 807//354 808//355
f 799//348 808//355 800//349
f 800//349 808//355 809//289
f 800//349 809//289 801//289
f 801//289 809//289 810//356
f 801//289 810//356 802//350
f 802//350 810//356 803//351
f 802//350 803//351 795//345
f 803//351 811//357 812//358
f 803//351 812//358 804//352
f 804//352 812//358 813//290
f 804//352 813//290 805//290
f 805//290 813//290 814//359
f 805//290 814//359 806//353
f 806//353 814//359 815//360
f 806//353 815//360 807//354
f 807//354 815//360 816//361
f 807//354 816//361 808//355
f 808//355 816//361 817//289
f 808//355 817//289 809//289
f 809//289 817//289 818//362
f 809//289 818//362 810//356
f 810//356 818//362 811//357
f 810//356 811//357 803//351
f 811//357 819//363 820//364
f 811//357 820//364 812//358
f 812//358 820//364 821//290
f 812//358 821//290 813//290
f 813//290 821//290 822//365
f 813//290 822//365 814//359
f 814//359 822//365 823//366
f 814//359 823//366 815//360
f 815//360 823//366 824//367
f 815//360 824//367 816//361
f 816//361 824//367 825//289
f 816//361 825//289 817//289
f 817//289 825//289 826//368
f 817//289 826//368 818//362
f 818//362 826//368 819//363
f 818//362 819//363 811//357
f 819//363 827//369 828//370
f 819//363 828//370 820//364
f 820//364 828//370 829//290
f 820//364 829//290 821//290
f 821//290 829//290 830//371
f 821//290 830//371 822//365
f 822//365 830//371 831//372
f 822//365 831//372 823//366
f 823//366 831//372 832//373
f 823//366 832//373 824//367
f 824//367 832//373 833//289
f 824//367 833//289 825//289
f 825//289 833//289 834//374
f 825//289 834//374 826//368
f 826//368 834//374 827//369
f 826//368 827//369 819//363
f 827//369 835//375 836//376
f 827//369 836//376 828//370
f 828//370 836//376 837//290
f 828//370 837//290 829//290
f 829//290 837//290 838//377
f 829//290 838//377 830//371
f 830//371 838//377 839//378
f 830//371 839//378 831//372
f 831//372 839//378 840//379
f 831//372 840//379 832//373
f 832//373 840//379 841//289
f 832//373 841//289 833//289
f 833//289 841//289 842//380
f 833//289 842//380 834//374
f 834//374 842//380 835//375
f 834//374 835//375 827//369
f 835//375 843//381 844//382
f 835//375 844//382 836//376
f 836//376 844//382 845//290
f 836//376 845//290 837//290
f 837//290 845//290 846//383
f 837//290 846//383 838//377
f 838//377 846//383 847//384
f 838//377 847//384 839//378
f 839//378 847//384 848//385
f 839//378 848//385 840//379
f 840//379 848//385 849//289
f 840//379 849//289 841//289
f 841//289 849//289 850//386
f 841//289 850//386 842//380
f 842//380 850//386 843//381
f 842//380 843//381 835//375
f 843//381 851//387 852//388
f 843//381 852//388 844//382
f 844//382 852//388 853//290
f 844//382 853//290 845//290
f 845//290 853//290 854//389
f 845//290 854//389 846//383
f 846//383 854//389 855//390
f 846//383 855//390 847//384
f 847//384 855//390 856//391
f 847//384 856//391 848//385
f 848//385 856//391 857//289
f 848//385 857//289 849//289
f 849//289 857//289 858//392
f 849//289 858//392 850//386
f 850//386 858//392 851//387
f 850//386 851//387 843//381
f 851//387 859//393 860//394
f 851//387 860//394 852//388
f 852//388 860//394 861//290
f 852//388 861//290 853//290
f 853//290 861//290 862//395
f 853//290 862//395 854//389
f 854//389 862//395 863//396
f 854//389 863//396 855//390
f 855//390 863//396 864//397
f 855//390 864//397 856//391
f 856//391 864//397 865//289
f 856//391 865//289 857//289
f 857//289 865//289 866//398
f 857//289 866//398 858//392
f 858//392 866//398 859//393
f 858//392 859//393 851//387
f 859//393 867//399 868//400
f 859//393 868//400 860//394
f 860//394 868//400 869//290
f 860//394 869//290 861//290
f 861//290 869//290 870//401
f 861//290 870//401 862//395
f 862//395 870//401 871//402
f 862//395 871//402 863//396
f 863//396 871//402 872//403
f 863//396 872//403 864//397
f 864//397 872//403 873//289
f 864//397 873//289 865//289
f 865//289 873//289 874//404
f 865//289 874//404 866//398
f 866//398 874//404 867//399
f 866//398 867//399 859//393
f 867//399 875//405 876//406
f 867//399 876//406 868//400
f 868//400 876//406 877//290
f 868//400 877//290 869//290
f 869//290 877//290 878//407
f 869//290 878//407 870//401
f 870//401 878//407 879//408
f 870//401 879//408 871//402
f 871//402 879//408 880//409
f 871//402 880//409 872//403
f 872//403 880//409 881//289
f 872//403 881//289 873//289
f 873//289 881//289 882//410
f 873//289 882//410 874//404
f 874//404 882//410 875//405
f 874//404 875//405 867//399
f 875//405 883//411 884//412
f 875//405 884//412 876//406
f 876//406 884//412 885//290
f 876//406 885//290 877//290
f 877//290 885//290 886//413
f 877//290 886//413 878//407
f 878//407 886//413 887//414
f 878//407 887//414 879//408
f 879//408 887//414 888//415
f 879//408 888//415 880//409
f 880//409 888//415 889//289
f 880//409 889//289 881//289
f 881//289 889//289 890//416
f 881//289 890//416 882//410
f 882//410 890//416 883//411
f 882//410 883//411 875//405
f 883//411 891//417 892//418
f 883//411 892//418 884//412
f 884//412 892//418 893//290
f 884//412 893//290 885//290
f 885//290 893//290 894//419
f 885//290 894//419 886//413
f 886//413 894//419 895//420
f 886//413 895//420 887//414
f 887//414 895//420 896//421
f 887//414 896//421 888//415
f 888//415 896//421 897//289
f 888//415 897//289 889//289
f 889//289 897//289 898//422
f 889//289 898//422 890//416
f 890//416 898//422 891//417
f 890//416 891//417 883//411
f 891//417 899//423 900//424
f 891//417 900//424 892//418
f 892//418 900//424 901//290
f 892//418 901//290 893//290
f 893//290 901//290 902//425
f 893//290 902//425 894//419
f 894//419 902//425 903//426
f 894//419 903//426 895//420
f 895//420 903//426 904//427
f 895//420 904//427 896//421
f 896//421 904//427 905//289
f 896//421 905//289 897//289
f 897//289 905//289 906//428
f 897//289 906//428 898//422
f 898//422 906//428 899//423
f 898//422 899//423 891//417
f 899//423 907//429 908//430
f 899//423 908//430 900//424
f 900//424 908//430 909//290
f 900//424 909//290 901//290
f 901//290 909//290 910//431
f 901//290 910//431 902//425
f 902//425 910//431 911//432
f 902//425 911//432 903//426
f 903//426 911//432 912//433
f 903//426 912//433 904//427
f 904//427 912//433 913//289
f 904//427 913//289 905//289
f 905//289 913//289 914//434
f 905//289 914//434 906//428
f 906//428 914//434 907//429
f 906//428 907//429 899//423
f 907//429 915//298 916//296
f 907//429 916//296 908//430
f 908//430 916//296 917//290
f 908//430 917//290 909//290
f 909//290 917//290 918//294
f 909//290 918//294 910//431
f 910//431 918//294 919//291
f 910//431 919//291 911//432
f 911//432 919//291 920//302
f 911//432 920//302 912//433
f 912//433 920//302 921//289
f 912//433 921//289 913//289
f 913//289 921//289 922//300
f 913//289 922//300 914//434
f 914//434 922//300 915//298
f 914//434 915//298 907//429
f 915//298 923//297 924//295
f 915//298 924//295 916//296
f 916//296 924//295 925//290
f 916//296 925//290 917//290
f 917//290 925//290 926//293
f 917//290 926//293 918//294
f 918//294 926//293 927//292
f 918//294 927//292 919//291
f 919//291 927//292 928//301
f 919//291 928//301 920//302
f 920//302 928//301 929//289
f 920//302 929//289 921//289
f 921//289 929//289 930//299
f 921//289 930//299 922//300
f 922//300 930//299 923//297
f 922//300 923//297 915//298
f 923//297 931//306 932//305
f 923//297 932//305 924//295
f 924//295 932//305 933//290
f 924//295 933//290 925//290
f 925//290 933//290 934//304
f 925//290 934//304 926//293
f 926//293 934//304 935//303
f 926//293 935//303 927//292
f 927//292 935//303 936//308
f 927//292 936//308 928//301
f 928//301 936//308 937//289
f 928//301 937//289 929//289
f 929//289 937//289 938//307
f 929//289 938//307 930//299
f 930//299 938//307 931//306
f 930//299 931//306 923//297
f 931//306 939//312 940//311
f 931//306 940//311 932//305
f 932//305 940//311 941//290
f 932//305 941//290 933//290
f 933//290 941//290 942//310
f 933//290 942//310 934//304
f 934//304 942//310 943//309
f 934//304 943//309 935//303
f 935//303 943//309 944//314
f 935//303 944//314 936//308
f 936//308 944//314 945//289
f 936//308 945//289 937//289
f 937//289 945//289 946//313
f 937//289 946//313 938//307
f 938//307 946//313 939//312
f 938//307 939//312 931//306
f 939//312 947//318 948//317
f 939//312 948//317 940//311
f 940//311 948//317 949//290
f 940//311 949//290 941//290
f 941//290 949//290 950//316
f 941//290 950//316 942//310
f 942//310 950//316 951//315
f 942//310 951//315 943//309
f 943//309 951//315 952//320
f 943//309 952//320 944//314
f 944//314 952//320 953//289
f 944//314 953//289 945//289
f 945//289 953//289 954//319
f 945//289 954//319 946//313
f 946//313 954//319 947//318
f 946//313 947//318 939//312
f 947//318 955//324 956//323
f 947//318 956//323 948//317
f 948//317 956//323 957//290
f 948//317 957//290 949//290
f 949//290 957//290 958//322
f 949//290 958//322 950//316
f 950//316 958//322 959//321
f 950//316 959//321 951//315
f 951//315 959//321 960//326
f 951//315 960//326 952//320
f 952//320 960//326 961//289
f 952//320 961//289 953//289
f 953//289 961//289 962//325
f 953//289 962//325 954//319
f 954//319 962//325 955//324
f 954//319 955//324 947//318
f 955//324 963//330 964//329
f 955//324 964//329 956//323
f 956//323 964//329 965//290
f 956//323 965//290 957//290
f 957//290 965//290 966//328
f 957//290 966//328 958//322
f 958//322 966//328 967//327
f 958//322 967//327 959//321
f 959//321 967//327 968//332
f 959//321 968//332 960//326
f 960//326 968//332 969//289
f 960//326 969//289 961//289
f 961//289 969//289 970//331
f 961//289 970//331 962//325
f 962//325 970//331 963//330
f 962//325 963//330 955//324
f 963//330 971//336 972//335
f 963//330 972//335 964//329
f 964//329 972//335 973//290
f 964//329 973//290 965//290
f 965//290 973//290 974//334
f 965//290 974//334 966//328
f 966//328 974//334 975//333
f 966//328 975//333 967//327
f 967//327 975//333 976//338
f 967//327 976//338 968//332
f 968//332 976//338 977//289
f 968//332 977//289 969//289
f 969//289 977//289 978//337
f 969//289 978//337 970//331
f 970//331 978//337 971//336
f 970//331 971//336 963//330
f 971//336 979//342 980//341
f 971//336 980//341 972//335
f 972//335 980//341 981//290
f 972//335 981//290 973//290
f 973//290 981//290 982//340
f 973//290 982//340 974//334
f 974//334 982//340 983//339
f 974//334 983//339 975//333
f 975//333 983//339 984//344
f 975//333 984//344 976//338
f 976//338 984//344 985//289
f 976//338 985//289 977//289
f 977//289 985//289 986//343
f 977//289 986//343 978//337
f 978//337 986//343 979//342
f 978//337 979//342 971//336
f 979//342 987//348 988//347
f 979//342 988//347 980//341
f 980//341 988//347 989//290
f 980//341 989//290 981//290
f 981//290 989//290 990//346
f 981//290 990//346 982//340
f 982//340 990//346 991//345
f 982//340 991//345 983//339
f 983//339 991//345 992//350
f 983//339 992//350 984//344
f 984//344 992//350 993//289
f 984//344 993//289 985//289
f 985//289 993//289 994//349
f 985//289 994//349 986//343
f 986//343 994//349 987//348
f 986//343 987//348 979//342
f 987//348 995//354 996//353
f 987//348 996//353 988//347
f 988//347 996//353 997//290
f 988//347 997//290 989//290
f 989//290 997//290 998//352
f 989//290 998//352 990//346
f 990//346 998//352 999//351
f 990//346 999//351 991//345
f 991//345 999//351 1000//356
f 991//345 1000//356 992//350
f 992//350 1000//356 1001//289
f 992//350 1001//289 993//289
f 993//289 1001//289 1002//355
f 993//289 1002//355 994//349
f 994//349 1002//355 995//354
f 994//349 995//354 987//348
f 995//354 1003//360 1004//359
f 995//354 1004//359 996//353
f 996//353 1004//359 1005//290
f 996//353 1005//290 997//290
f 997//290 1005//290 1006//358
f 997//290 1006//358 998//352
f 998//352 1006//358 1007//357
f 998//352 1007//357 999//351
f 999//351 1007//357 1008//362
f 999//351 1008//362 1000//356
f 1000//356 1008//362 1009//289
f 1000//356 1009//289 1001//289
f 1001//289 1009//289 1010//361
f 1001//289 1010//361 1002//355
f 1002//355 1010//361 1003//360
f 1002//355 1003//360 995//354
f 1003//360 1011//366 1012//365
f 1003//360 1012//365 1004//359
f 1004//359 1012//365 1013//290
f 1004//359 1013//290 1005//290
f 1005//290 1013//290 1014//364
f 1005//290 1014//364 1006//358
f 1006//358 1014//364 1015//363
f 1006//358 1015//363 1007//357
f 1007//357 1015//363 1016//368
f 1007//357 1016//368 1008//362
f 1008//362 1016//368 1017//289
f 1008//362 1017//289 1009//289
f 1009//289 1017//289 1018//367
f 1009//289 1018//367 1010//361
f 1010//361 1018//367 1011//366
f 1010//361 1011//366 1003//360
f 1011//366 1019//372 1020//371
f 1011//366 1020//371 1012//365
f 1012//365 1020//371 1021//290
f 1012//365 1021//290 1013//290
f 1013//290 1021//290 1022//370
f 1013//290 1022//370 1014//364
f 1014//364 1022//370 1023//369
f 1014//364 1023//369 1015//363
f 1015//363 1023//369 1024//374
f 1015//363 1024//374 1016//368
f 1016//368 1024//374 1025//289
f 1016//368 1025//289 1017//289
f 1017//289 1025//289 1026//373
f 1017//289 1026//373 1018//367
f 1018//367 1026//373 1019//372
f 1018//367 1019//372 1011//366
f 1019//372 1027//378 1028//377
f 1019//372 1028//377 1020//371
f 1020//371 1028//377 1029//290
f 1020//371 1029//290 1021//290
f 1021//290 1029//290 1030//376
f 1021//290 1030//376 1022//370
f 1022//370 1030//376 1031//375
f 1022//370 1031//375 1023//369
f 1023//369 1031//375 1032//380
f 1023//369 1032//380 1024//374
f 1024//374 1032//380 1033//289
f 1024//374 1033//289 1025//289
f 1025//289 1033//289 1034//379
f 1025//289 1034//379 1026//373
f 1026//373 1034//379 1027//378
f 1026//373 1027//378 1019//372
f 1027//378 1035//384 1036//383
f 1027//378 1036//383 1028//377
f 1028//377 1036//383 1037//290
f 1028//377 1037//290 1029//290
f 1029//290 1037//290 1038//382
f 1029//290 1038//382 1030//376
f 1030//376 1038//382 1039//381
f 1030//376 1039//381 1031//375
f 1031//375 1039//381 1040//386
f 1031//375 1040//386 1032//380
f 1032//380 1040//386 1041//289
f 1032//380 1041//289 1033//289
f 1033//289 1041//289 1042//385
f 1033//289 1042//385 1034//379
f 1034//379 1042//385 1035//384
f 1034//379 1035//384 1027//378
f 1035//384 1043//390 1044//389
f 1035//384 1044//389 1036//383
f 1036//383 1044//389 1045//290
f 1036//383 1045//290 1037//290
f 1037//290 1045//290 1046//388
f 1037//290 1046//388 1038//382
f 1038//382 1046//388 1047//387
f 1038//382 1047//387 1039//381
f 1039//381 1047//387 1048//392
f 1039//381 1048//392 1040//386
f 1040//386 1048//392 1049//289
f 1040//386 1049//289 1041//289
f 1041//289 1049//289 1050//391
f 1041//289 1050//391 1042//385
f 1042//385 1050//391 1043//390
f 1042//385 1043//390 1035//384
f 1043//390 1051//396 1052//395
f 1043//390 1052//395 1044//389
f 1044//389 1052//395 1053//290
f 1044//389 1053//290 1045//290
f 1045//290 1053//290 1054//394
f 1045//290 1054//394 1046//388
f 1046//388 1054//394 1055//393
f 1046//388 1055//393 1047//387
f 1047//387 1055//393 1056//398
f 1047//387 1056//398 1048//392
f 1048//392 1056//398 1057//289
f 1048//392 1057//289 1049//289
f 1049//289 1057//289 1058//397
f 1049//289 1058//397 1050//391
f 1050//391 1058//397 1051//396
f 1050//391 1051//396 1043//390
f 1051//396 1059//402 1060//401
f 1051//396 1060//401 1052//395
f 1052//395 1060//401 1061//290
f 1052//395 1061//290 1053//290
f 1053//290 1061//290 1062//400
f 1053//290 1062//400 1054//394
f 1054//394 1062//400 1063//399
f 1054//394 1063//399 1055//393
f 1055//393 1063//399 1064//404
f 1055//393 1064//404 1056//398
f 1056//398 1064//404 1065//289
f 1056//398 1065//289 1057//289
f 1057//289 1065//289 1066//403
f 1057//289 1066//403 1058//397
f 1058//397 1066//403 1059//402
f 1058//397 1059//402 1051//396
f 1059//402 1067//408 1068//407
f 1059//402 1068//407 1060//401
f 1060//401 1068//407 1069//290
f 1060//401 1069//290 1061//290
f 1061//290 1069//290 1070//406
f 1061//290 1070//406 1062//400
f 1062//400 1070//406 1071//405
f 1062//400 1071//405 1063//399
f 1063//399 1071//405 1072//410
f 1063//399 1072//410 1064//404
f 1064//404 1072//410 1073//289
f 1064//404 1073//289 1065//289
f 1065//289 1073//289 1074//409
f 1065//289 1074//409 1066//403
f 1066//403 1074//409 1067//408
f 1066//403 1067//408 1059//402
f 1067//408 1075//414 1076//413
f 1067//408 1076//413 1068//407
f 1068//407 1076//413 1077//290
f 1068//407 1077//290 1069//290
f 1069//290 1077//290 1078//412
f 1069//290 1078//412 1070//406
f 1070//406 1078//412 1079//411
f 1070//406 1079//411 1071//405
f 1071//405 1079//411 1080//416
f 1071//405 1080//416 1072//410
f 1072//410 1080//416 1081//289
f 1072//410 1081//289 1073//289
f 1073//289 1081//289 1082//415
f 1073//289 1082//415 1074//409
f 1074//409 1082//415 1075//414
f 1074//409 1075//414 1067//408
f 1075//414 1083//420 1084//419
f 1075//414 1084//419 1076//413
f 1076//413 1084//419 1085//290
f 1076//413 1085//290 1077//290
f 1077//290 1085//290 1086//418
f 1077//290 1086//418 1078//412
f 1078//412 1086//418 1087//417
f 1078//412 1087//417 1079//411
f 1079//411 1087//417 1088//422
f 1079//411 1088//422 1080//416
f 1080//416 1088//422 1089//289
f 1080//416 1089//289 1081//289
f 1081//289 1089//289 1090//421
f 1081//289 1090//421 1082//415
f 1082//415 1090//421 1083//420
f 1082//415 1083//420 1075//414
f 1083//420 1091//426 1092//425
f 1083//420 1092//425 1084//419
f 1084//419 1092//425 1093//290
f 1084//419 1093//290 1085//290
f 1085//290 1093//290 1094//424
f 1085//290 1094//424 1086//418
f 1086//418 1094//424 1095//423
f 1086//418 1095//423 1087//417
f 1087//417 1095//423 1096//428
f 1087//417 1096//428 1088//422
f 1088//422 1096//428 1097//289
f 1088//422 1097//289 1089//289
f 1089//289 1097//289 1098//427
f 1089//289 1098//427 1090//421
f 1090//421 1098//427 1091//426
f 1090//421 1091//426 1083//420
f 1091//426 1099//432 1100//431
f 1091//426 1100//431 1092//425
f 1092//425 1100//431 1101//290
f 1092//425 1101//290 1093//290
f 1093//290 1101//290 1102//430
f 1093//290 1102//430 1094//424
f 1094//424 1102//430 1103//429
f 1094//424 1103//429 1095//423
f 1095//423 1103//429 1104//434
f 1095//423 1104//434 1096//428
f 1096//428 1104//434 1105//289
f 1096//428 1105//289 1097//289
f 1097//289 1105//289 1106//433
f 1097//289 1106//433 1098//427
f 1098//427 1106//433 1099//432
f 1098//427 1099//432 1091//426
f 1099//432 723//291 726//294
f 1099//432 726//294 1100//431
f 1100//431 726//294 728//290
f 1100//431 728//290 1101//290
f 1101//290 728//290 730//296
f 1101//290 730//296 1102//430
f 1102//430 730//296 732//298
f 1102//430 732//298 1103//429
f 1103//429 732//298 734//300
f 1103//429 734//300 1104//434
f 1104//434 734//300 736//289
f 1104//434 736//289 1105//289
f 1105//289 736//289 738//302
f 1105//289 738//302 1106//433
f 1106//433 738//302 723//291
f 1106//433 723//291 1099//432
usemtl gunmetal
f 1107//291 1108//292 1109//293
f 1107//291 1109//293 1110//294
f 1110//294 1109//293 1111//290
f 1110//294 1111//290 1112//290
f 1112//290 1111//290 1113//295
f 1112//290 1113//295 1114//296
f 1114//296 1113//295 1115//297
f 1114//296 1115//297 1116//298
f 1116//298 1115//297 1117//299
f 1116//298 1117//299 1118//300
f 1118//300 1117//299 1119//289
f 1118//300 1119//289 1120//289
f 1120//289 1119//289 1121//301
f 1120//289 1121//301 1122//302
f 1122//302 1121//301 1108//292
f 1122//302 1108//292 1107//291
f 1108//292 1123//303 1124//304
f 1108//292 1124//304 1109//293
f 1109//293 1124//304 1125//290
f 1109//293 1125//290 1111//290
f 1111//290 1125//290 1126//305
f 1111//290 1126//305 1113//295
f 1113//295 1126//305 1127//306
f 1113//295 1127//306 1115//297
f 1115//297 1127//306 1128//307
f 1115//297 1128//307 1117//299
f 1117//299 1128//307 1129//289
f 1117//299 1129//289 1119//289
f 1119//289 1129//289 1130//308
f 1119//289 1130//308 1121//301
f 1121//301 1130//308 1123//303
f 1121//301 1123//303 1108//292
f 1123//303 1131//309 1132//310
f 1123//303 1132//310 1124//304
f 1124//304 1132//310 1133//290
f 1124//304 1133//290 1125//290
f 1125//290 1133//290 1134//311
f 1125//290 1134//311 1126//305
f 1126//305 1134//311 1135//312
f 1126//305 1135//312 1127//306
f 1127//306 1135//312 1136//313
f 1127//306 1136//313 1128//307
f 1128//307 1136//313 1137//289
f 1128//307 1137//289 1129//289
f 1129//289 1137//289 1138//314
f 1129//289 1138//314 1130//308
f 1130//308 1138//314 1131//309
f 1130//308 1131//309 1123//303
f 1131//309 1139//315 1140//316
f 1131//309 1140//316 1132//310
f 1132//310 1140//316 1141//290
f 1132//310 1141//290 1133//290
f 1133//290 1141//290 1142//317
f 1133//290 1142//317 1134//311
f 1134//311 1142//317 1143//318
f 1134//311 1143//318 1135//312
f 1135//312 1143//318 1144//319
f 1135//312 1144//319 1136//313
f 1136//313 1144//319 1145//289
f 1136//313 1145//289 1137//289
f 1137//289 1145//289 1146//320
f 1137//289 1146//320 1138//314
f 1138//314 1146//320 1139//315
f 1138//314 1139//315 1131//309
f 1139//315 1147//321 1148//322
f 1139//315 1148//322 1140//316
f 1140//316 1148//322 1149//290
f 1140//316 1149//290 1141//290
f 1141//290 1149//290 1150//323
f 1141//290 1150//323 1142//317
f 1142//317 1150//323 1151//324
f 1142//317 1151//324 1143//318
f 1143//318 1151//324 1152//325
f 1143//318 1152//325 1144//319
f 1144//319 1152//325 1153//289
f 1144//319 1153//289 1145//289
f 1145//289 1153//289 1154//326
f 1145//289 1154//326 1146//320
f 1146//320 1154//326 1147//321
f 1146//320 1147//321 1139//315
f 1147//321 1155//327 1156//328
f 1147//321 1156//328 1148//322
f 1148//322 1156//328 1157//290
f 1148//322 1157//290 1149//290
f 1149//290 1157//290 1158//329
f 1149//290 1158//329 1150//323
f 1150//323 1158//329 1159//330
f 1150//323 1159//330 1151//324
f 1151//324 1159//330 1160//331
f 1151//324 1160//331 1152//325
f 1152//325 1160//331 1161//289
f 1152//325 1161//289 1153//289
f 1153//289 1161//289 1162//332
f 1153//289 1162//332 1154//326
f 1154//326 1162//332 1155//327
f 1154//326 1155//327 1147//321
f 1155//327 1163//333 1164//334
f 1155//327 1164//334 1156//328
f 1156//328 1164//334 1165//290
f 1156//328 1165//290 1157//290
f 1157//290 1165//290 1166//335
f 1157//290 1166//335 1158//329
f 1158//329 1166//335 1167//336
f 1158//329 1167//336 1159//330
f 1159//330 1167//336 1168//337
f 1159//330 1168//337 1160//331
f 1160//331 1168//337 1169//289
f 1160//331 1169//289 1161//289
f 1161//289 1169//289 1170//338
f 1161//289 1170//338 1162//332
f 1162//332 1170//338 1163//333
f 1162//332 1163//333 1155//327
f 1163//333 1171//339 1172//340
f 1163//333 1172//340 1164//334
f 1164//334 1172//340 1173//290
f 1164//334 1173//290 1165//290
f 1165//290 1173//290 1174//341
f 1165//290 1174//341 1166//335
f 1166//335 1174//341 1175//342
f 1166//335 1175//342 1167//336
f 1167//336 1175//342 1176//343
f 1167//336 1176//343 1168//337
f 1168//337 1176//343 1177//289
f 1168//337 1177//289 1169//289
f 1169//289 1177//289 1178//344
f 1169//289 1178//344 1170//338
f 1170//338 1178//344 1171//339
f 1170//338 1171//339 1163//333
f 1171//339 1179//345 1180//346
f 1171//339 1180//346 1172//340
f 1172//340 1180//346 1181//290
f 1172//340 1181//290 1173//290
f 1173//290 1181//290 1182//347
f 1173//290 1182//347 1174//341
f 1174//341 1182//347 1183//348
f 1174//341 1183//348 1175//342
f 1175//342 1183//348 1184//349
f 1175//342 1184//349 1176//343
f 1176//343 1184//349 1185//289
f 1176//343 1185//289 1177//289
f 1177//289 1185//289 1186//350
f 1177//289 1186//350 1178//344
f 1178//344 1186//350 1179//345
f 1178//344 1179//345 1171//339
f 1179//345 1187//351 1188//352
f 1179//345 1188//352 1180//346
f 1180//346 1188//352 1189//290
f 1180//346 1189//290 1181//290
f 1181//290 1189//290 1190//353
f 1181//290 1190//353 1182//347
f 1182//347 1190//353 1191//354
f 1182//347 1191//354 1183//348
f 1183//348 1191//354 1192//355
f 1183//348 1192//355 1184//349
f 1184//349 1192//355 1193//289
f 1184//349 1193//289 1185//289
f 1185//289 1193//289 1194//356
f 1185//289 1194//356 1186//350
f 1186//350 1194//356 1187//351
f 1186//350 1187//351 1179//345
f 1187//351 1195//357 1196//358
f 1187//351 1196//358 1188//352
f 1188//352 1196//358 1197//290
f 1188//352 1197//290 1189//290
f 1189//290 1197//290 1198//359
f 1189//290 1198//359 1190//353
f 1190//353 1198//359 1199//360
f 1190//353 1199//360 1191//354
f 1191//354 1199//360 1200//361
f 1191//354 1200//361 1192//355
f 1192//355 1200//361 1201//289
f 1192//355 1201//289 1193//289
f 1193//289 1201//289 1202//362
f 1193//289 1202//362 1194//356
f 1194//356 1202//362 1195//357
f 1194//356 1195//357 1187//351
f 1195//357 1203//363 1204//364
f 1195//357 1204//364 1196//358
f 1196//358 1204//364 1205//290
f 1196//358 1205//290 1197//290
f 1197//290 1205//290 1206//365
f 1197//290 1206//365 1198//359
f 1198//359 1206//365 1207//366
f 1198//359 1207//366 1199//360
f 1199//360 1207//366 1208//367
f 1199//360 1208//367 1200//361
f 1200//361 1208//367 1209//289
f 1200//361 1209//289 1201//289
f 1201//289 1209//289 1210//368
f 1201//289 1210//368 1202//362
f 1202//362 1210//368 1203//363
f 1202//362 1203//363 1195//357
f 1203//363 1211//369 1212//370
f 1203//363 1212//370 1204//364
f 1204//364 1212//370 1213//290
f 1204//364 1213//290 1205//290
f 1205//290 1213//290 1214//371
f 1205//290 1214//371 1206//365
f 1206//365 1214//371 1215//372
f 1206//365 1215//372 1207//366
f 1207//366 1215//372 1216//373
f 1207//366 1216//373 1208//367
f 1208//367 1216//373 1217//289
f 1208//367 1217//289 1209//289
f 1209//289 1217//289 1218//374
f 1209//289 1218//374 1210//368
f 1210//368 1218//374 1211//369
f 1210//368 1211//369 1203//363
f 1211//369 1219//375 1220//376
f 1211//369 1220//376 1212//370
f 1212//370 1220//376 1221//290
f 1212//370 1221//290 1213//290
f 1213//290 1221//290 1222//377
f 1213//290 1222//377 1214//371
f 1214//371 1222//377 1223//378
f 1214//371 1223//378 1215//372
f 1215//372 1223//378 1224//379
f 1215//372 1224//379 1216//373
f 1216//373 1224//379 1225//289
f 1216//373 1225//289 1217//289
f 1217//289 1225//289 1226//380
f 1217//289 1226//380 1218//374
f 1218//374 1226//380 1219//375
f 1218//374 1219//375 1211//369
f 1219//375 1227//381 1228//382
f 1219//375 1228//382 1220//376
f 1220//376 1228//382 1229//290
f 1220//376 1229//290 1221//290
f 1221//290 1229//290 1230//383
f 1221//290 1230//383 1222//377
f 1222//377 1230//383 1231//384
f 1222//377 1231//384 1223//378
f 1223//378 1231//384 1232//385
f 1223//378 1232//385 1224//379
f 1224//379 1232//385 1233//289
f 1224//379 1233//289 1225//289
f 1225//289 1233//289 1234//386
f 1225//289 1234//386 1226//380
f 1226//380 1234//386 1227//381
f 1226//380 1227//381 1219//375
f 1227//381 1235//387 1236//388
f 1227//381 1236//388 1228//382
f 1228//382 1236//388 1237//290
f 1228//382 1237//290 1229//290
f 1229//290 1237//290 1238//389
f 1229//290 1238//389 1230//383
f 1230//383 1238//389 1239//390
f 1230//383 1239//390 1231//384
f 1231//384 1239//390 1240//391
f 1231//384 1240//391 1232//385
f 1232//385 1240//391 1241//289
f 1232//385 1241//289 1233//289
f 1233//289 1241//289 1242//392
f 1233//289 1242//392 1234//386
f 1234//386 1242//392 1235//387
f 1234//386 1235//387 1227//381
f 1235//387 1243//393 1244//394
f 1235//387 1244//394 1236//388
f 1236//388 1244//394 1245//290
f 1236//388 1245//290 1237//290
f 1237//290 1245//290 1246//395
f 1237//290 1246//395 1238//389
f 1238//389 1246//395 1247//396
f 1238//389 1247//396 1239//390
f 1239//390 1247//396 1248//397
f 1239//390 1248//397 1240//391
f 1240//391 1248//397 1249//289
f 1240//391 1249//289 1241//289
f 1241//289 1249//289 1250//398
f 1241//289 1250//398 1242//392
f 1242//392 1250//398 1243//393
f 1242//392 1243//393 1235//387
f 1243//393 1251//399 1252//400
f 1243//393 1252//400 1244//394
f 1244//394 1252//400 1253//290
f 1244//394 1253//290 1245//290
f 1245//290 1253//290 1254//401
f 1245//290 1254//401 1246//395
f 1246//395 1254//401 1255//402
f 1246//395 1255//402 1247//396
f 1247//396 1255//402 1256//403
f 1247//396 1256//403 1248//397
f 1248//397 1256//403 1257//289
f 1248//397 1257//289 1249//289
f 1249//289 1257//289 1258//404
f 1249//289 1258//404 1250//398
f 1250//398 1258//404 1251//399
f 1250//398 1251//399 1243//393
f 1251//399 1259//405 1260//406
f 1251//399 1260//406 1252//400
f 1252//400 1260//406 1261//290
f 1252//400 1261//290 1253//290
f 1253//290 1261//290 1262//407
f 1253//290 1262//407 1254//401
f 1254//401 1262//407 1263//408
f 1254//401 1263//408 1255//402
f 1255//402 1263//408 1264//409
f 1255//402 1264//409 1256//403
f 1256//403 1264//409 1265//289
f 1256//403 1265//289 1257//289
f 1257//289 1265//289 1266//410
f 1257//289 1266//410 1258//404
f 1258//404 1266//410 1259//405
f 1258//404 1259//405 1251//399
f 1259//405 1267//411 1268//412
f 1259//405 1268//412 1260//406
f 1260//406 1268//412 1269//290
f 1260//406 1269//290 1261//290
f 1261//290 1269//290 1270//413
f 1261//290 1270//413 1262//407
f 1262//407 1270//413 1271//414
f 1262//407 1271//414 1263//408
f 1263//408 1271//414 1272//415
f 1263//408 1272//415 1264//409
f 1264//409 1272//415 1273//289
f 1264//409 1273//289 1265//289
f 1265//289 1273//289 1274//416
f 1265//289 1274//416 1266//410
f 1266//410 1274//416 1267//411
f 1266//410 1267//411 1259//405
f 1267//411 1275//417 1276//418
f 1267//411 1276//418 1268//412
f 1268//412 1276//418 1277//290
f 1268//412 1277//290 1269//290
f 1269//290 1277//290 1278//419
f 1269//290 1278//419 1270//413
f 1270//413 1278//419 1279//420
f 1270//413 1279//420 1271//414
f 1271//414 1279//420 1280//421
f 1271//414 1280//421 1272//415
f 1272//415 1280//421 1281//289
f 1272//415 1281//289 1273//289
f 1273//289 1281//289 1282//422
f 1273//289 1282//422 1274//416
f 1274//416 1282//422 1275//417
f 1274//416 1275//417 1267//411
f 1275//417 1283//423 1284//424
f 1275//417 1284//424 1276//418
f 1276//418 1284//424 1285//290
f 1276//418 1285//290 1277//290
f 1277//290 1285//290 1286//425
f 1277//290 1286//425 1278//419
f 1278//419 1286//425 1287//426
f 1278//419 1287//426 1279//420
f 1279//420 1287//426 1288//427
f 1279//420 1288//427 1280//421
f 1280//421 1288//427 1289//289
f 1280//421 1289//289 1281//289
f 1281//289 1289//289 1290//428
f 1281//289 1290//428 1282//422
f 1282//422 1290//428 1283//423
f 1282//422 1283//423 1275//417
f 1283//423 1291//429 1292//430
f 1283//423 1292//430 1284//424
f 1284//424 1292//430 1293//290
f 1284//424 1293//290 1285//290
f 1285//290 1293//290 1294//431
f 1285//290 1294//431 1286//425
f 1286//425 1294//431 1295//432
f 1286//425 1295//432 1287//426
f 1287//426 1295//432 1296//433
f 1287//426 1296//433 1288//427
f 1288//427 1296//433 1297//289
f 1288//427 1297//289 1289//289
f 1289//289 1297//289 1298//434
f 1289//289 1298//434 1290//428
f 1290//428 1298//434 1291//429
f 1290//428 1291//429 1283//423
f 1291//429 1299//298 1300//296
f 1291//429 1300//296 1292//430
f 1292//430 1300//296 1301//290
f 1292//430 1301//290 1293//290
f 1293//290 1301//290 1302//294
f 1293//290 1302//294 1294//431
f 1294//431 1302//294 1303//291
f 1294//431 1303//291 1295//432
f 1295//432 1303//291 1304//302
f 1295//432 1304//302 1296//433
f 1296//433 1304//302 1305//289
f 1296//433 1305//289 1297//289
f 1297//289 1305//289 1306//300
f 1297//289 1306//300 1298//434
f 1298//434 1306//300 1299//298
f 1298//434 1299//298 1291//429
f 1299//298 1307//297 1308//295
f 1299//298 1308//295 1300//296
f 1300//296 1308//295 1309//290
f 1300//296 1309//290 1301//290
f 1301//290 1309//290 1310//293
f 1301//290 1310//293 1302//294
f 1302//294 1310//293 1311//292
f 1302//294 1311//292 1303//291
f 1303//291 1311//292 1312//301
f 1303//291 1312//301 1304//302
f 1304//302 1312//301 1313//289
f 1304//302 1313//289 1305//289
f 1305//289 1313//289 1314//299
f 1305//289 1314//299 1306//300
f 1306//300 1314//299 1307//297
f 1306//300 1307//297 1299//298
f 1307//297 1315//306 1316//305
f 1307//297 1316//305 1308//295
f 1308//295 1316//305 1317//290
f 1308//295 1317//290 1309//290
f 1309//290 1317//290 1318//304
f 1309//290 1318//304 1310//293
f 1310//293 1318//304 1319//303
f 1310//293 1319//303 1311//292
f 1311//292 1319//303 1320//308
f 1311//292 1320//308 1312//301
f 1312//301 1320//308 1321//289
f 1312//301 1321//289 1313//289
f 1313//289 1321//289 1322//307
f 1313//289 1322//307 1314//299
f 1314//299 1322//307 1315//306
f 1314//299 1315//306 1307//297
f 1315//306 1323//312 1324//311
f 1315//306 1324//311 1316//305
f 1316//305 1324//311 1325//290
f 1316//305 1325//290 1317//290
f 1317//290 1325//290 1326//310
f 1317//290 1326//310 1318//304
f 1318//304 1326//310 1327//309
f 1318//304 1327//309 1319//303
f 1319//303 1327//309 1328//314
f 1319//303 1328//314 1320//308
f 1320//308 1328//314 1329//289
f 1320//308 1329//289 1321//289
f 1321//289 1329//289 1330//313
f 1321//289 1330//313 1322//307
f 1322//307 1330//313 1323//312
f 1322//307 1323//312 1315//306
f 1323//312 1331//318 1332//317
f 1323//312 1332//317 1324//311
f 1324//311 1332//317 1333//290
f 1324//311 1333//290 1325//290
f 1325//290 1333//290 1334//316
f 1325//290 1334//316 1326//310
f 1326//310 1334//316 1335//315
f 1326//310 1335//315 1327//309
f 1327//309 1335//315 1336//320
f 1327//309 1336//320 1328//314
f 1328//314 1336//320 1337//289
f 1328//314 1337//289 1329//289
f 1329//289 1337//289 1338//319
f 1329//289 1338//319 1330//313
f 1330//313 1338//319 1331//318
f 1330//313 1331//318 1323//312
f 1331//318 1339//324 1340//323
f 1331//318 1340//323 1332//317
f 1332//317 1340//323 1341//290
f 1332//317 1341//290 1333//290
f 1333//290 1341//290 1342//322
f 1333//290 1342//322 1334//316
f 1334//316 1342//322 1343//321
f 1334//316 1343//321 1335//315
f 1335//315 1343//321 1344//326
f 1335//315 1344//326 1336//320
f 1336//320 1344//326 1345//289
f 1336//320 1345//289 1337//289
f 1337//289 1345//289 1346//325
f 1337//289 1346//325 1338//319
f 1338//319 1346//325 1339//324
f 1338//319 1339//324 1331//318
f 1339//324 1347//330 1348//329
f 1339//324 1348//329 1340//323
f 1340//323 1348//329 1349//290
f 1340//323 1349//290 1341//290
f 1341//290 1349//290 1350//328
f 1341//290 1350//328 1342//322
f 1342//322 1350//328 1351//327
f 1342//322 1351//327 1343//321
f 1343//321 1351//327 1352//332
f 1343//321 1352//332 1344//326
f 1344//326 1352//332 1353//289
f 1344//326 1353//289 1345//289
f 1345//289 1353//289 1354//331
f 1345//289 1354//331 1346//325
f 1346//325 1354//331 1347//330
f 1346//325 1347//330 1339//324
f 1347//330 1355//336 1356//335
f 1347//330 1356//335 1348//329
f 1348//329 1356//335 1357//290
f 1348//329 1357//290 1349//290
f 1349//290 1357//290 1358//334
f 1349//290 1358//334 1350//328
f 1350//328 1358//334 1359//333
f 1350//328 1359//333 1351//327
f 1351//327 1359//333 1360//338
f 1351//327 1360//338 1352//332
f 1352//332 1360//338 1361//289
f 1352//332 1361//289 1353//289
f 1353//289 1361//289 1362//337
f 1353//289 1362//337 1354//331
f 1354//331 1362//337 1355//336
f 1354//331 1355//336 1347//330
f 1355//336 1363//342 1364//341
f 1355//336 1364//341 1356//335
f 1356//335 1364//341 1365//290
f 1356//335 1365//290 1357//290
f 1357//290 1365//290 1366//340
f 1357//290 1366//340 1358//334
f 1358//334 1366//340 1367//339
f 1358//334 1367//339 1359//333
f 1359//333 1367//339 1368//344
f 1359//333 1368//344 1360//338
f 1360//338 1368//344 1369//289
f 1360//338 1369//289 1361//289
f 1361//289 1369//289 1370//343
f 1361//289 1370//343 1362//337
f 1362//337 1370//343 1363//342
f 1362//337 1363//342 1355//336
f 1363//342 1371//348 1372//347
f 1363//342 1372//347 1364//341
f 1364//341 1372//347 1373//290
f 1364//341 1373//290 1365//290
f 1365//290 1373//290 1374//346
f 1365//290 1374//346 1366//340
f 1366//340 1374//346 1375//345
f 1366//340 1375//345 1367//339
f 1367//339 1375//345 1376//350
f 1367//339 1376//350 1368//344
f 1368//344 1376//350 1377//289
f 1368//344 1377//289 1369//289
f 1369//289 1377//289 1378//349
f 1369//289 1378//349 1370//343
f 1370//343 1378//349 1371//348
f 1370//343 1371//348 1363//342
f 1371//348 1379//354 1380//353
f 1371//348 1380//353 1372//347
f 1372//347 1380//353 1381//290
f 1372//347 1381//290 1373//290
f 1373//290 1381//290 1382//352
f 1373//290 1382//352 1374//346
f 1374//346 1382//352 1383//351
f 1374//346 1383//351 1375//345
f 1375//345 1383//351 1384//356
f 1375//345 1384//356 1376//350
f 1376//350 1384//356 1385//289
f 1376//350 1385//289 1377//289
f 1377//289 1385//289 1386//355
f 1377//289 1386//355 1378//349
f 1378//349 1386//355 1379//354
f 1378//349 1379//354 1371//348
f 1379//354 1387//360 1388//359
f 1379//354 1388//359 1380//353
f 1380//353 1388//359 1389//290
f 1380//353 1389//290 1381//290
f 1381//290 1389//290 1390//358
f 1381//290 1390//358 1382//352
f 1382//352 1390//358 1391//357
f 1382//352 1391//357 1383//351
f 1383//351 1391//357 1392//362
f 1383//351 1392//362 1384//356
f 1384//356 1392//362 1393//289
f 1384//356 1393//289 1385//289
f 1385//289 1393//289 1394//361
f 1385//289 1394//361 1386//355
f 1386//355 1394//361 1387//360
f 1386//355 1387//360 1379//354
f 1387//360 1395//366 1396//365
f 1387//360 1396//365 1388//359
f 1388//359 1396//365 1397//290
f 1388//359 1397//290 1389//290
f 1389//290 1397//290 1398//364
f 1389//290 1398//364 1390//358
f 1390//358 1398//364 1399//363
f 1390//358 1399//363 1391//357
f 1391//357 1399//363 1400//368
f 1391//357 1400//368 1392//362
f 1392//362 1400//368 1401//289
f 1392//362 1401//289 1393//289
f 1393//289 1401//289 1402//367
f 1393//289 1402//367 1394//361
f 1394//361 1402//367 1395//366
f 1394//361 1395//366 1387//360
f 1395//366 1403//372 1404//371
f 1395//366 1404//371 1396//365
f 1396//365 1404//371 1405//290
f 1396//365 1405//290 1397//290
f 1397//290 1405//290 1406//370
f 1397//290 1406//370 1398//364
f 1398//364 1406//370 1407//369
f 1398//364 1407//369 1399//363
f 1399//363 1407//369 1408//374
f 1399//363 1408//374 1400//368
f 1400//368 1408//374 1409//289
f 1400//368 1409//289 1401//289
f 1401//289 1409//289 1410//373
f 1401//289 1410//373 1402//367
f 1402//367 1410//373 1403//372
f 1402//367 1403//372 1395//366
f 1403//372 1411//378 1412//377
f 1403//372 1412//377 1404//371
f 1404//371 1412//377 1413//290
f 1404//371 1413//290 1405//290
f 1405//290 1413//290 1414//376
f 1405//290 1414//376 1406//370
f 1406//370 1414//376 1415//375
f 1406//370 1415//375 1407//369
f 1407//369 1415//375 1416//380
f 1407//369 1416//380 1408//374
f 1408//374 1416//380 1417//289
f 1408//374 1417//289 1409//289
f 1409//289 1417//289 1418//379
f 1409//289 1418//379 1410//373
f 1410//373 1418//379 1411//378
f 1410//373 1411//378 1403//372
f 1411//378 1419//384 1420//383
f 1411//378 1420//383 1412//377
f 1412//377 1420//383 1421//290
f 1412//377 1421//290 1413//290
f 1413//290 1421//290 1422//382
f 1413//290 1422//382 1414//376
f 1414//376 1422//382 1423//381
f 1414//376 1423//381 1415//375
f 1415//375 1423//381 1424//386
f 1415//375 1424//386 1416//380
f 1416//380 1424//386 1425//289
f 1416//380 1425//289 1417//289
f 1417//289 1425//289 1426//385
f 1417//289 1426//385 1418//379
f 1418//379 1426//385 1419//384
f 1418//379 1419//384 1411//378
f 1419//384 1427//390 1428//389
f 1419//384 1428//389 1420//383
f 1420//383 1428//389 1429//290
f 1420//383 1429//290 1421//290
f 1421//290 1429//290 1430//388
f 1421//290 1430//388 1422//382
f 1422//382 1430//388 1431//387
f 1422//382 1431//387 1423//381
f 1423//381 1431//387 1432//392
f 1423//381 1432//392 1424//386
f 1424//386 1432//392 1433//289
f 1424//386 1433//289 1425//289
f 1425//289 1433//289 1434//391
f 1425//289 1434//391 1426//385
f 1426//385 1434//391 1427//390
f 1426//385 1427//390 1419//384
f 1427//390 1435//396 1436//395
f 1427//390 1436//395 1428//389
f 1428//389 1436//395 1437//290
f 1428//389 1437//290 1429//290
f 1429//290 1437//290 1438//394
f 1429//290 1438//394 1430//388
f 1430//388 1438//394 1439//393
f 1430//388 1439//393 1431//387
f 1431//387 1439//393 1440//398
f 1431//387 1440//398 1432//392
f 1432//392 1440//398 1441//289
f 1432//392 1441//289 1433//289
f 1433//289 1441//289 1442//397
f 1433//289 1442//397 1434//391
f 1434//391 1442//397 1435//396
f 1434//391 1435//396 1427//390
f 1435//396 1443//402 1444//401
f 1435//396 1444//401 1436//395
f 1436//395 1444//401 1445//290
f 1436//395 1445//290 1437//290
f 1437//290 1445//290 1446//400
f 1437//290 1446//400 1438//394
f 1438//394 1446//400 1447//399
f 1438//394 1447//399 1439//393
f 1439//393 1447//399 1448//404
f 1439//393 1448//404 1440//398
f 1440//398 1448//404 1449//289
f 1440//398 1449//289 1441//289
f 1441//289 1449//289 1450//403
f 1441//289 1450//403 1442//397
f 1442//397 1450//403 1443//402
f 1442//397 1443//402 1435//396
f 1443//402 1451//408 1452//407
f 1443//402 1452//407 1444//401
f 1444//401 1452//407 1453//290
f 1444//401 1453//290 1445//290
f 1445//290 1453//290 1454//406
f 1445//290 1454//406 1446//400
f 1446//400 1454//406 1455//405
f 1446//400 1455//405 1447//399
f 1447//399 1455//405 1456//410
f 1447//399 1456//410 1448//404
f 1448//404 1456//410 1457//289
f 1448//404 1457//289 1449//289
f 1449//289 1457//289 1458//409
f 1449//289 1458//409 1450//403
f 1450//403 1458//409 1451//408
f 1450//403 1451//408 1443//402
f 1451//408 1459//414 1460//413
f 1451//408 1460//413 1452//407
f 1452//407 1460//413 1461//290
f 1452//407 1461//290 1453//290
f 1453//290 1461//290 1462//412
f 1453//290 1462//412 1454//406
f 1454//406 1462//412 1463//411
f 1454//406 1463//411 1455//405
f 1455//405 1463//411 1464//416
f 1455//405 1464//416 1456//410
f 1456//410 1464//416 1465//289
f 1456//410 1465//289 1457//289
f 1457//289 1465//289 1466//415
f 1457//289 1466//415 1458//409
f 1458//409 1466//415 1459//414
f 1458//409 1459//414 1451//408
f 1459//414 1467//420 1468//419
f 1459//414 1468//419 1460//413
f 1460//413 1468//419 1469//290
f 1460//413 1469//290 1461//290
f 1461//290 1469//290 1470//418
f 1461//290 1470//418 1462//412
f 1462//412 1470//418 1471//417
f 1462//412 1471//417 1463//411
f 1463//411 1471//417 1472//422
f 1463//411 1472//422 1464//416
f 1464//416 1472//422 1473//289
f 1464//416 1473//289 1465//289
f 1465//289 1473//289 1474//421
f 1465//289 1474//421 1466//415
f 1466//415 1474//421 1467//420
f 1466//415 1467//420 1459//414
f 1467//420 1475//426 1476//425
f 1467//420 1476//425 1468//419
f 1468//419 1476//425 1477//290
f 1468//419 1477//290 1469//290
f 1469//290 1477//290 1478//424
f 1469//290 1478//424 1470//418
f 1470//418 1478//424 1479//423
f 1470//418 1479//423 1471//417
f 1471//417 1479//423 1480//428
f 1471//417 1480//428 1472//422
f 1472//422 1480//428 1481//289
f 1472//422 1481//289 1473//289
f 1473//289 1481//289 1482//427
f 1473//289 1482//427 1474//421
f 1474//421 1482//427 1475//426
f 1474//421 1475//426 1467//420
f 1475//426 1483//432 1484//431
f 1475//426 1484//431 1476//425
f 1476//425 1484//431 1485//290
f 1476//425 1485//290 1477//290
f 1477//290 1485//290 1486//430
f 1477//290 1486//430 1478//424
f 1478//424 1486//430 1487//429
f 1478//424 1487//429 1479//423
f 1479//423 1487//429 1488//434
f 1479//423 1488//434 1480//428
f 1480//428 1488//434 1489//289
f 1480//428 1489//289 1481//289
f 1481//289 1489//289 1490//433
f 1481//289 1490//433 1482//427
f 1482//427 1490//433 1483//432
f 1482//427 1483//432 1475//426
f 1483//432 1107//291 1110//294
f 1483//432 1110//294 1484//431
f 1484//431 1110//294 1112//290
f 1484//431 1112//290 1485//290
f 1485//290 1112//290 1114//296
f 1485//290 1114//296 1486//430
f 1486//430 1114//296 1116//298
f 1486//430 1116//298 1487//429
f 1487//429 1116//298 1118//300
f 1487//429 1118//300 1488//434
f 1488//434 1118//300 1120//289
f 1488//434 1120//289 1489//289
f 1489//289 1120//289 1122//302
f 1489//289 1122//302 1490//433
f 1490//433 1122//302 1107//291
f 1490//433 1107//291 1483//432
usemtl metal_highlight
f 1491//291 1492//292 1493//293
f 1491//291 1493//293 1494//294
f 1494//294 1493//293 1495//290
f 1494//294 1495//290 1496//290
f 1496//290 1495//290 1497//295
f 1496//290 1497//295 1498//296
f 1498//296 1497//295 1499//297
f 1498//296 1499//297 1500//298
f 1500//298 1499//297 1501//299
f 1500//298 1501//299 1502//300
f 1502//300 1501//299 1503//289
f 1502//300 1503//289 1504//289
f 1504//289 1503//289 1505//301
f 1504//289 1505//301 1506//302
f 1506//302 1505//301 1492//292
f 1506//302 1492//292 1491//291
f 1492//292 1507//303 1508//304
f 1492//292 1508//304 1493//293
f 1493//293 1508//304 1509//290
f 1493//293 1509//290 1495//290
f 1495//290 1509//290 1510//305
f 1495//290 1510//305 1497//295
f 1497//295 1510//305 1511//306
f 1497//295 1511//306 1499//297
f 1499//297 1511//306 1512//307
f 1499//297 1512//307 1501//299
f 1501//299 1512//307 1513//289
f 1501//299 1513//289 1503//289
f 1503//289 1513//289 1514//308
f 1503//289 1514//308 1505//301
f 1505//301 1514//308 1507//303
f 1505//301 1507//303 1492//292
f 1507//303 1515//309 1516//310
f 1507//303 1516//310 1508//304
f 1508//304 1516//310 1517//290
f 1508//304 1517//290 1509//290
f 1509//290 1517//290 1518//311
f 1509//290 1518//311 1510//305
f 1510//305 1518//311 1519//312
f 1510//305 1519//312 1511//306
f 1511//306 1519//312 1520//313
f 1511//306 1520//313 1512//307
f 1512//307 1520//313 1521//289
f 1512//307 1521//289 1513//289
f 1513//289 1521//289 1522//314
f 1513//289 1522//314 1514//308
f 1514//308 1522//314 1515//309
f 1514//308 1515//309 1507//303
f 1515//309 1523//315 1524//316
f 1515//309 1524//316 1516//310
f 1516//310 1524//316 1525//290
f 1516//310 1525//290 1517//290
f 1517//290 1525//290 1526//317
f 1517//290 1526//317 1518//311
f 1518//311 1526//317 1527//318
f 1518//311 1527//318 1519//312
f 1519//312 1527//318 1528//319
f 1519//312 1528//319 1520//313
f 1520//313 1528//319 1529//289
f 1520//313 1529//289 1521//289
f 1521//289 1529//289 1530//320
f 1521//289 1530//320 1522//314
f 1522//314 1530//320 1523//315
f 1522//314 1523//315 1515//309
f 1523//315 1531//321 1532//322
f 1523//315 1532//322 1524//316
f 1524//316 1532//322 1533//290
f 1524//316 1533//290 1525//290
f 1525//290 1533//290 1534//323
f 1525//290 1534//323 1526//317
f 1526//317 1534//323 1535//324
f 1526//317 1535//324 1527//318
f 1527//318 1535//324 1536//325
f 1527//318 1536//325 1528//319
f 1528//319 1536//325 1537//289
f 1528//319 1537//289 1529//289
f 1529//289 1537//289 1538//326
f 1529//289 1538//326 1530//320
f 1530//320 1538//326 1531//321
f 1530//320 1531//321 1523//315
f 1531//321 1539//327 1540//328
f 1531//321 1540//328 1532//322
f 1532//322 1540//328 1541//290
f 1532//322 1541//290 1533//290
f 1533//290 1541//290 1542//329
f 1533//290 1542//329 1534//323
f 1534//323 1542//329 1543//330
f 1534//323 1543//330 1535//324
f 1535//324 1543//330 1544//331
f 1535//324 1544//331 1536//325
f 1536//325 1544//331 1545//289
f 1536//325 1545//289 1537//289
f 1537//289 1545//289 1546//332
f 1537//289 1546//332 1538//326
f 1538//326 1546//332 1539//327
f 1538//326 1539//327 1531//321
f 1539//327 1547//333 1548//334
f 1539//327 1548//334 1540//328
f 1540//328 1548//334 1549//290
f 1540//328 1549//290 1541//290
f 1541//290 1549//290 1550//335
f 1541//290 1550//335 1542//329
f 1542//329 1550//335 1551//336
f 1542//329 1551//336 1543//330
f 1543//330 1551//336 1552//337
f 1543//330 1552//337 1544//331
f 1544//331 1552//337 1553//289
f 1544//331 1553//289 1545//289
f 1545//289 1553//289 1554//338
f 1545//289 1554//338 1546//332
f 1546//332 1554//338 1547//333
f 1546//332 1547//333 1539//327
f 1547//333 1555//339 1556//340
f 1547//333 1556//340 1548//334
f 1548//334 1556//340 1557//290
f 1548//334 1557//290 1549//290
f 1549//290 1557//290 1558//341
f 1549//290 1558//341 1550//335
f 1550//335 1558//341 1559//342
f 1550//335 1559//342 1551//336
f 1551//336 1559//342 1560//343
f 1551//336 1560//343 1552//337
f 1552//337 1560//343 1561//289
f 1552//337 1561//289 1553//289
f 1553//289 1561//289 1562//344
f 1553//289 1562//344 1554//338
f 1554//338 1562//344 1555//339
f 1554//338 1555//339 1547//333
f 1555//339 1563//345 1564//346
f 1555//339 1564//346 1556//340
f 1556//340 1564//346 1565//290
f 1556//340 1565//290 1557//290
f 1557//290 1565//290 1566//347
f 1557//290 1566//347 1558//341
f 1558//341 1566//347 1567//348
f 1558//341 1567//348 1559//342
f 1559//342 1567//348 1568//349
f 1559//342 1568//349 1560//343
f 1560//343 1568//349 1569//289
f 1560//343 1569//289 1561//289
f 1561//289 1569//289 1570//350
f 1561//289 1570//350 1562//344
f 1562//344 1570//350 1563//345
f 1562//344 1563//345 1555//339
f 1563//345 1571//351 1572//352
f 1563//345 1572//352 1564//346
f 1564//346 1572//352 1573//290
f 1564//346 1573//290 1565//290
f 1565//290 1573//290 1574//353
f 1565//290 1574//353 1566//347
f 1566//347 1574//353 1575//354
f 1566//347 1575//354 1567//348
f 1567//348 1575//354 1576//355
f 1567//348 1576//355 1568//349
f 1568//349 1576//355 1577//289
f 1568//349 1577//289 1569//289
f 1569//289 1577//289 1578//356
f 1569//289 1578//356 1570//350
f 1570//350 1578//356 1571//351
f 1570//350 1571//351 1563//345
f 1571//351 1579//357 1580//358
f 1571//351 1580//358 1572//352
f 1572//352 1580//358 1581//290
f 1572//352 1581//290 1573//290
f 1573//290 1581//290 1582//359
f 1573//290 1582//359 1574//353
f 1574//353 1582//359 1583//360
f 1574//353 1583//360 1575//354
f 1575//354 1583//360 1584//361
f 1575//354 1584//361 1576//355
f 1576//355 1584//361 1585//289
f 1576//355 1585//289 1577//289
f 1577//289 1585//289 1586//362
f 1577//289 1586//362 1578//356
f 1578//356 1586//362 1579//357
f 1578//356 1579//357 1571//351
f 1579//357 1587//363 1588//364
f 1579//357 1588//364 1580//358
f 1580//358 1588//364 1589//290
f 1580//358 1589//290 1581//290
f 1581//290 1589//290 1590//365
f 1581//290 1590//365 1582//359
f 1582//359 1590//365 1591//366
f 1582//359 1591//366 1583//360
f 1583//360 1591//366 1592//367
f 1583//360 1592//367 1584//361
f 1584//361 1592//367 1593//289
f 1584//361 1593//289 1585//289
f 1585//289 1593//289 1594//368
f 1585//289 1594//368 1586//362
f 1586//362 1594//368 1587//363
f 1586//362 1587//363 1579//357
f 1587//363 1595//369 1596//370
f 1587//363 1596//370 1588//364
f 1588//364 1596//370 1597//290
f 1588//364 1597//290 1589//290
f 1589//290 1597//290 1598//371
f 1589//290 1598//371 1590//365
f 1590//365 1598//371 1599//372
f 1590//365 1599//372 1591//366
f 1591//366 1599//372 1600//373
f 1591//366 1600//373 1592//367
f 1592//367 1600//373 1601//289
f 1592//367 1601//289 1593//289
f 1593//289 1601//289 1602//374
f 1593//289 1602//374 1594//368
f 1594//368 1602//374 1595//369
f 1594//368 1595//369 1587//363
f 1595//369 1603//375 1604//376
f 1595//369 1604//376 1596//370
f 1596//370 1604//376 1605//290
f 1596//370 1605//290 1597//290
f 1597//290 1605//290 1606//377
f 1597//290 1606//377 1598//371
f 1598//371 1606//377 1607//378
f 1598//371 1607//378 1599//372
f 1599//372 1607//378 1608//379
f 1599//372 1608//379 1600//373
f 1600//373 1608//379 1609//289
f 1600//373 1609//289 1601//289
f 1601//289 1609//289 1610//380
f 1601//289 1610//380 1602//374
f 1602//374 1610//380 1603//375
f 1602//374 1603//375 1595//369
f 1603//375 1611//381 1612//382
f 1603//375 1612//382 1604//376
f 1604//376 1612//382 1613//290
f 1604//376 1613//290 1605//290
f 1605//290 1613//290 1614//383
f 1605//290 1614//383 1606//377
f 1606//377 1614//383 1615//384
f 1606//377 1615//384 1607//378
f 1607//378 1615//384 1616//385
f 1607//378 1616//385 1608//379
f 1608//379 1616//385 1617//289
f 1608//379 1617//289 1609//289
f 1609//289 1617//289 1618//386
f 1609//289 1618//386 1610//380
f 1610//380 1618//386 1611//381
f 1610//380 1611//381 1603//375
f 1611//381 1619//387 1620//388
f 1611//381 1620//388 1612//382
f 1612//382 1620//388 1621//290
f 1612//382 1621//290 1613//290
f 1613//290 1621//290 1622//389
f 1613//290 1622//389 1614//383
f 1614//383 1622//389 1623//390
f 1614//383 1623//390 1615//384
f 1615//384 1623//390 1624//391
f 1615//384 1624//391 1616//385
f 1616//385 1624//391 1625//289
f 1616//385 1625//289 1617//289
f 1617//289 1625//289 1626//392
f 1617//289 1626//392 1618//386
f 1618//386 1626//392 1619//387
f 1618//386 1619//387 1611//381
f 1619//387 1627//393 1628//394
f 1619//387 1628//394 1620//388
f 1620//388 1628//394 1629//290
f 1620//388 1629//290 1621//290
f 1621//290 1629//290 1630//395
f 1621//290 1630//395 1622//389
f 1622//389 1630//395 1631//396
f 1622//389 1631//396 1623//390
f 1623//390 1631//396 1632//397
f 1623//390 1632//397 1624//391
f 1624//391 1632//397 1633//289
f 1624//391 1633//289 1625//289
f 1625//289 1633//289 1634//398
f 1625//289 1634//398 1626//392
f 1626//392 1634//398 1627//393
f 1626//392 1627//393 1619//387
f 1627//393 1635//399 1636//400
f 1627//393 1636//400 1628//394
f 1628//394 1636//400 1637//290
f 1628//394 1637//290 1629//290
f 1629//290 1637//290 1638//401
f 1629//290 1638//401 1630//395
f 1630//395 1638//401 1639//402
f 1630//395 1639//402 1631//396
f 1631//396 1639//402 1640//403
f 1631//396 1640//403 1632//397
f 1632//397 1640//403 1641//289
f 1632//397 1641//289 1633//289
f 1633//289 1641//289 1642//404
f 1633//289 1642//404 1634//398
f 1634//398 1642//404 1635//399
f 1634//398 1635//399 1627//393
f 1635//399 1643//405 1644//406
f 1635//399 1644//406 1636//400
f 1636//400 1644//406 1645//290
f 1636//400 1645//290 1637//290
f 1637//290 1645//290 1646//407
f 1637//290 1646//407 1638//401
f 1638//401 1646//407 1647//408
f 1638//401 1647//408 1639//402
f 1639//402 1647//408 1648//409
f 1639//402 1648//409 1640//403
f 1640//403 1648//409 1649//289
f 1640//403 1649//289 1641//289
f 1641//289 1649//289 1650//410
f 1641//289 1650//410 1642//404
f 1642//404 1650//410 1643//405
f 1642//404 1643//405 1635//399
f 1643//405 1651//411 1652//412
f 1643//405 1652//412 1644//406
f 1644//406 1652//412 1653//290
f 1644//406 1653//290 1645//290
f 1645//290 1653//290 1654//413
f 1645//290 1654//413 1646//407
f 1646//407 1654//413 1655//414
f 1646//407 1655//414 1647//408
f 1647//408 1655//414 1656//415
f 1647//408 1656//415 1648//409
f 1648//409 1656//415 1657//289
f 1648//409 1657//289 1649//289
f 1649//289 1657//289 1658//416
f 1649//289 1658//416 1650//410
f 1650//410 1658//416 1651//411
f 1650//410 1651//411 1643//405
f 1651//411 1659//417 1660//418
f 1651//411 1660//418 1652//412
f 1652//412 1660//418 1661//290
f 1652//412 1661//290 1653//290
f 1653//290 1661//290 1662//419
f 1653//290 1662//419 1654//413
f 1654//413 1662//419 1663//420
f 1654//413 1663//420 1655//414
f 1655//414 1663//420 1664//421
f 1655//414 1664//421 1656//415
f 1656//415 1664//421 1665//289
f 1656//415 1665//289 1657//289
f 1657//289 1665//289 1666//422
f 1657//289 1666//422 1658//416
f 1658//416 1666//422 1659//417
f 1658//416 1659//417 1651//411
f 1659//417 1667//423 1668//424
f 1659//417 1668//424 1660//418
f 1660//418 1668//424 1669//290
f 1660//418 1669//290 1661//290
f 1661//290 1669//290 1670//425
f 1661//290 1670//425 1662//419
f 1662//419 1670//425 1671//426
f 1662//419 1671//426 1663//420
f 1663//420 1671//426 1672//427
f 1663//420 1672//427 1664//421
f 1664//421 1672//427 1673//289
f 1664//421 1673//289 1665//289
f 1665//289 1673//289 1674//428
f 1665//289 1674//428 1666//422
f 1666//422 1674//428 1667//423
f 1666//422 1667//423 1659//417
f 1667//423 1675//429 1676//430
f 1667//423 1676//430 1668//424
f 1668//424 1676//430 1677//290
f 1668//424 1677//290 1669//290
f 1669//290 1677//290 1678//431
f 1669//290 1678//431 1670//425
f 1670//425 1678//431 1679//432
f 1670//425 1679//432 1671//426
f 1671//426 1679//432 1680//433
f 1671//426 1680//433 1672//427
f 1672//427 1680//433 1681//289
f 1672//427 1681//289 1673//289
f 1673//289 1681//289 1682//434
f 1673//289 1682//434 1674//428
f 1674//428 1682//434 1675//429
f 1674//428 1675//429 1667//423
f 1675//429 1683//298 1684//296
f 1675//429 1684//296 1676//430
f 1676//430 1684//296 1685//290
f 1676//430 1685//290 1677//290
f 1677//290 1685//290 1686//294
f 1677//290 1686//294 1678//431
f 1678//431 1686//294 1687//291
f 1678//431 1687//291 1679//432
f 1679//432 1687//291 1688//302
f 1679//432 1688//302 1680//433
f 1680//433 1688//302 1689//289
f 1680//433 1689//289 1681//289
f 1681//289 1689//289 1690//300
f 1681//289 1690//300 1682//434
f 1682//434 1690//300 1683//298
f 1682//434 1683//298 1675//429
f 1683//298 1691//297 1692//295
f 1683//298 1692//295 1684//296
f 1684//296 1692//295 1693//290
f 1684//296 1693//290 1685//290
f 1685//290 1693//290 1694//293
f 1685//290 1694//293 1686//294
f 1686//294 1694//293 1695//292
f 1686//294 1695//292 1687//291
f 1687//291 1695//292 1696//301
f 1687//291 1696//301 1688//302
f 1688//302 1696//301 1697//289
f 1688//302 1697//289 1689//289
f 1689//289 1697//289 1698//299
f 1689//289 1698//299 1690//300
f 1690//300 1698//299 1691//297
f 1690//300 1691//297 1683//298
f 1691//297 1699//306 1700//305
f 1691//297 1700//305 1692//295
f 1692//295 1700//305 1701//290
f 1692//295 1701//290 1693//290
f 1693//290 1701//290 1702//304
f 1693//290 1702//304 1694//293
f 1694//293 1702//304 1703//303
f 1694//293 1703//303 1695//292
f 1695//292 1703//303 1704//308
f 1695//292 1704//308 1696//301
f 1696//301 1704//308 1705//289
f 1696//301 1705//289 1697//289
f 1697//289 1705//289 1706//307
f 1697//289 1706//307 1698//299
f 1698//299 1706//307 1699//306
f 1698//299 1699//306 1691//297
f 1699//306 1707//312 1708//311
f 1699//306 1708//311 1700//305
f 1700//305 1708//311 1709//290
f 1700//305 1709//290 1701//290
f 1701//290 1709//290 1710//310
f 1701//290 1710//310 1702//304
f 1702//304 1710//310 1711//309
f 1702//304 1711//309 1703//303
f 1703//303 1711//309 1712//314
f 1703//303 1712//314 1704//308
f 1704//308 1712//314 1713//289
f 1704//308 1713//289 1705//289
f 1705//289 1713//289 1714//313
f 1705//289 1714//313 1706//307
f 1706//307 1714//313 1707//312
f 1706//307 1707//312 1699//306
f 1707//312 1715//318 1716//317
f 1707//312 1716//317 1708//311
f 1708//311 1716//317 1717//290
f 1708//311 1717//290 1709//290
f 1709//290 1717//290 1718//316
f 1709//290 1718//316 1710//310
f 1710//310 1718//316 1719//315
f 1710//310 1719//315 1711//309
f 1711//309 1719//315 1720//320
f 1711//309 1720//320 1712//314
f 1712//314 1720//320 1721//289
f 1712//314 1721//289 1713//289
f 1713//289 1721//289 1722//319
f 1713//289 1722//319 1714//313
f 1714//313 1722//319 1715//318
f 1714//313 1715//318 1707//312
f 1715//318 1723//324 1724//323
f 1715//318 1724//323 1716//317
f 1716//317 1724//323 1725//290
f 1716//317 1725//290 1717//290
f 1717//290 1725//290 1726//322
f 1717//290 1726//322 1718//316
f 1718//316 1726//322 1727//321
f 1718//316 1727//321 1719//315
f 1719//315 1727//321 1728//326
f 1719//315 1728//326 1720//320
f 1720//320 1728//326 1729//289
f 1720//320 1729//289 1721//289
f 1721//289 1729//289 1730//325
f 1721//289 1730//325 1722//319
f 1722//319 1730//325 1723//324
f 1722//319 1723//324 1715//318
f 1723//324 1731//330 1732//329
f 1723//324 1732//329 1724//323
f 1724//323 1732//329 1733//290
f 1724//323 1733//290 1725//290
f 1725//290 1733//290 1734//328
f 1725//290 1734//328 1726//322
f 1726//322 1734//328 1735//327
f 1726//322 1735//327 1727//321
f 1727//321 1735//327 1736//332
f 1727//321 1736//332 1728//326
f 1728//326 1736//332 1737//289
f 1728//326 1737//289 1729//289
f 1729//289 1737//289 1738//331
f 1729//289 1738//331 1730//325
f 1730//325 1738//331 1731//330
f 1730//325 1731//330 1723//324
f 1731//330 1739//336 1740//335
f 1731//330 1740//335 1732//329
f 1732//329 1740//335 1741//290
f 1732//329 1741//290 1733//290
f 1733//290 1741//290 1742//334
f 1733//290 1742//334 1734//328
f 1734//328 1742//334 1743//333
f 1734//328 1743//333 1735//327
f 1735//327 1743//333 1744//338
f 1735//327 1744//338 1736//332
f 1736//332 1744//338 1745//289
f 1736//332 1745//289 1737//289
f 1737//289 1745//289 1746//337
f 1737//289 1746//337 1738//331
f 1738//331 1746//337 1739//336
f 1738//331 1739//336 1731//330
f 1739//336 1747//342 1748//341
f 1739//336 1748//341 1740//335
f 1740//335 1748//341 1749//290
f 1740//335 1749//290 1741//290
f 1741//290 1749//290 1750//340
f 1741//290 1750//340 1742//334
f 1742//334 1750//340 1751//339
f 1742//334 1751//339 1743//333
f 1743//333 1751//339 1752//344
f 1743//333 1752//344 1744//338
f 1744//338 1752//344 1753//289
f 1744//338 1753//289 1745//289
f 1745//289 1753//289 1754//343
f 1745//289 1754//343 1746//337
f 1746//337 1754//343 1747//342
f 1746//337 1747//342 1739//336
f 1747//342 1755//348 1756//347
f 1747//342 1756//347 1748//341
f 1748//341 1756//347 1757//290
f 1748//341 1757//290 1749//290
f 1749//290 1757//290 1758//346
f 1749//290 1758//346 1750//340
f 1750//340 1758//346 1759//345
f 1750//340 1759//345 1751//339
f 1751//339 1759//345 1760//350
f 1751//339 1760//350 1752//344
f 1752//344 1760//350 1761//289
f 1752//344 1761//289 1753//289
f 1753//289 1761//289 1762//349
f 1753//289 1762//349 1754//343
f 1754//343 1762//349 1755//348
f 1754//343 1755//348 1747//342
f 1755//348 1763//354 1764//353
f 1755//348 1764//353 1756//347
f 1756//347 1764//353 1765//290
f 1756//347 1765//290 1757//290
f 1757//290 1765//290 1766//352
f 1757//290 1766//352 1758//346
f 1758//346 1766//352 1767//351
f 1758//346 1767//351 1759//345
f 1759//345 1767//351 1768//356
f 1759//345 1768//356 1760//350
f 1760//350 1768//356 1769//289
f 1760//350 1769//289 1761//289
f 1761//289 1769//289 1770//355
f 1761//289 1770//355 1762//349
f 1762//349 1770//355 1763//354
f 1762//349 1763//354 1755//348
f 1763//354 1771//360 1772//359
f 1763//354 1772//359 1764//353
f 1764//353 1772//359 1773//290
f 1764//353 1773//290 1765//290
f 1765//290 1773//290 1774//358
f 1765//290 1774//358 1766//352
f 1766//352 1774//358 1775//357
f 1766//352 1775//357 1767//351
f 1767//351 1775//357 1776//362
f 1767//351 1776//362 1768//356
f 1768//356 1776//362 1777//289
f 1768//356 1777//289 1769//289
f 1769//289 1777//289 1778//361
f 1769//289 1778//361 1770//355
f 1770//355 1778//361 1771//360
f 1770//355 1771//360 1763//354
f 1771//360 1779//366 1780//365
f 1771//360 1780//365 1772//359
f 1772//359 1780//365 1781//290
f 1772//359 1781//290 1773//290
f 1773//290 1781//290 1782//364
f 1773//290 1782//364 1774//358
f 1774//358 1782//364 1783//363
f 1774//358 1783//363 1775//357
f 1775//357 1783//363 1784//368
f 1775//357 1784//368 1776//362
f 1776//362 1784//368 1785//289
f 1776//362 1785//289 1777//289
f 1777//289 1785//289 1786//367
f 1777//289 1786//367 1778//361
f 1778//361 1786//367 1779//366
f 1778//361 1779//366 1771//360
f 1779//366 1787//372 1788//371
f 1779//366 1788//371 1780//365
f 1780//365 1788//371 1789//290
f 1780//365 1789//290 1781//290
f 1781//290 1789//290 1790//370
f 1781//290 1790//370 1782//364
f 1782//364 1790//370 1791//369
f 1782//364 1791//369 1783//363
f 1783//363 1791//369 1792//374
f 1783//363 1792//374 1784//368
f 1784//368 1792//374 1793//289
f 1784//368 1793//289 1785//289
f 1785//289 1793//289 1794//373
f 1785//289 1794//373 1786//367
f 1786//367 1794//373 1787//372
f 1786//367 1787//372 1779//366
f 1787//372 1795//378 1796//377
f 1787//372 1796//377 1788//371
f 1788//371 1796//377 1797//290
f 1788//371 1797//290 1789//290
f 1789//290 1797//290 1798//376
f 1789//290 1798//376 1790//370
f 1790//370 1798//376 1799//375
f 1790//370 1799//375 1791//369
f 1791//369 1799//375 1800//380
f 1791//369 1800//380 1792//374
f 1792//374 1800//380 1801//289
f 1792//374 1801//289 1793//289
f 1793//289 1801//289 1802//379
f 1793//289 1802//379 1794//373
f 1794//373 1802//379 1795//378
f 1794//373 1795//378 1787//372
f 1795//378 1803//384 1804//383
f 1795//378 1804//383 1796//377
f 1796//377 1804//383 1805//290
f 1796//377 1805//290 1797//290
f 1797//290 1805//290 1806//382
f 1797//290 1806//382 1798//376
f 1798//376 1806//382 1807//381
f 1798//376 1807//381 1799//375
f 1799//375 1807//381 1808//386
f 1799//375 1808//386 1800//380
f 1800//380 1808//386 1809//289
f 1800//380 1809//289 1801//289
f 1801//289 1809//289 1810//385
f 1801//289 1810//385 1802//379
f 1802//379 1810//385 1803//384
f 1802//379 1803//384 1795//378
f 1803//384 1811//390 1812//389
f 1803//384 1812//389 1804//383
f 1804//383 1812//389 1813//290
f 1804//383 1813//290 1805//290
f 1805//290 1813//290 1814//388
f 1805//290 1814//388 1806//382
f 1806//382 1814//388 1815//387
f 1806//382 1815//387 1807//381
f 1807//381 1815//387 1816//392
f 1807//381 1816//392 1808//386
f 1808//386 1816//392 1817//289
f 1808//386 1817//289 1809//289
f 1809//289 1817//289 1818//391
f 1809//289 1818//391 1810//385
f 1810//385 1818//391 1811//390
f 1810//385 1811//390 1803//384
f 1811//390 1819//396 1820//395
f 1811//390 1820//395 1812//389
f 1812//389 1820//395 1821//290
f 1812//389 1821//290 1813//290
f 1813//290 1821//290 1822//394
f 1813//290 1822//394 1814//388
f 1814//388 1822//394 1823//393
f 1814//388 1823//393 1815//387
f 1815//387 1823//393 1824//398
f 1815//387 1824//398 1816//392
f 1816//392 1824//398 1825//289
f 1816//392 1825//289 1817//289
f 1817//289 1825//289 1826//397
f 1817//289 1826//397 1818//391
f 1818//391 1826//397 1819//396
f 1818//391 1819//396 1811//390
f 1819//396 1827//402 1828//401
f 1819//396 1828//401 1820//395
f 1820//395 1828//401 1829//290
f 1820//395 1829//290 1821//290
f 1821//290 1829//290 1830//400
f 1821//290 1830//400 1822//394
f 1822//394 1830//400 1831//399
f 1822//394 1831//399 1823//393
f 1823//393 1831//399 1832//404
f 1823//393 1832//404 1824//398
f 1824//398 1832//404 1833//289
f 1824//398 1833//289 1825//289
f 1825//289 1833//289 1834//403
f 1825//289 1834//403 1826//397
f 1826//397 1834//403 1827//402
f 1826//397 1827//402 1819//396
f 1827//402 1835//408 1836//407
f 1827//402 1836//407 1828//401
f 1828//401 1836//407 1837//290
f 1828//401 1837//290 1829//290
f 1829//290 1837//290 1838//406
f 1829//290 1838//406 1830//400
f 1830//400 1838//406 1839//405
f 1830//400 1839//405 1831//399
f 1831//399 1839//405 1840//410
f 1831//399 1840//410 1832//404
f 1832//404 1840//410 1841//289
f 1832//404 1841//289 1833//289
f 1833//289 1841//289 1842//409
f 1833//289 1842//409 1834//403
f 1834//403 1842//409 1835//408
f 1834//403 1835//408 1827//402
f 1835//408 1843//414 1844//413
f 1835//408 1844//413 1836//407
f 1836//407 1844//413 1845//290
f 1836//407 1845//290 1837//290
f 1837//290 1845//290 1846//412
f 1837//290 1846//412 1838//406
f 1838//406 1846//412 1847//411
f 1838//406 1847//411 1839//405
f 1839//405 1847//411 1848//416
f 1839//405 1848//416 1840//410
f 1840//410 1848//416 1849//289
f 1840//410 1849//289 1841//289
f 1841//289 1849//289 1850//415
f 1841//289 1850//415 1842//409
f 1842//409 1850//415 1843//414
f 1842//409 1843//414 1835//408
f 1843//414 1851//420 1852//419
f 1843//414 1852//419 1844//413
f 1844//413 1852//419 1853//290
f 1844//413 1853//290 1845//290
f 1845//290 1853//290 1854//418
f 1845//290 1854//418 1846//412
f 1846//412 1854//418 1855//417
f 1846//412 1855//417 1847//411
f 1847//411 1855//417 1856//422
f 1847//411 1856//422 1848//416
f 1848//416 1856//422 1857//289
f 1848//416 1857//289 1849//289
f 1849//289 1857//289 1858//421
f 1849//289 1858//421 1850//415
f 1850//415 1858//421 1851//420
f 1850//415 1851//420 1843//414
f 1851//420 1859//426 1860//425
f 1851//420 1860//425 1852//419
f 1852//419 1860//425 1861//290
f 1852//419 1861//290 1853//290
f 1853//290 1861//290 1862//424
f 1853//290 1862//424 1854//418
f 1854//418 1862//424 1863//423
f 1854//418 1863//423 1855//417
f 1855//417 1863//423 1864//428
f 1855//417 1864//428 1856//422
f 1856//422 1864//428 1865//289
f 1856//422 1865//289 1857//289
f 1857//289 1865//289 1866//427
f 1857//289 1866//427 1858//421
f 1858//421 1866//427 1859//426
f 1858//421 1859//426 1851//420
f 1859//426 1867//432 1868//431
f 1859//426 1868//431 1860//425
f 1860//425 1868//431 1869//290
f 1860//425 1869//290 1861//290
f 1861//290 1869//290 1870//430
f 1861//290 1870//430 1862//424
f 1862//424 1870//430 1871//429
f 1862//424 1871//429 1863//423
f 1863//423 1871//429 1872//434
f 1863//423 1872//434 1864//428
f 1864//428 1872//434 1873//289
f 1864//428 1873//289 1865//289
f 1865//289 1873//289 1874//433
f 1865//289 1874//433 1866//427
f 1866//427 1874//433 1867//432
f 1866//427 1867//432 1859//426
f 1867//432 1491//291 1494//294
f 1867//432 1494//294 1868//431
f 1868//431 1494//294 1496//290
f 1868//431 1496//290 1869//290
f 1869//290 1496//290 1498//296
f 1869//290 1498//296 1870//430
f 1870//430 1498//296 1500//298
f 1870//430 1500//298 1871//429
f 1871//429 1500//298 1502//300
f 1871//429 1502//300 1872//434
f 1872//434 1502//300 1504//289
f 1872//434 1504//289 1873//289
f 1873//289 1504//289 1506//302
f 1873//289 1506//302 1874//433
f 1874//433 1506//302 1491//291
f 1874//433 1491//291 1867//432
usemtl lens_rim
f 1875//291 1876//292 1877//293
f 1875//291 1877//293 1878//294
f 1878//294 1877//293 1879//290
f 1878//294 1879//290 1880//290
f 1880//290 1879//290 1881//295
f 1880//290 1881//295 1882//296
f 1882//296 1881//295 1883//297
f 1882//296 1883//297 1884//298
f 1884//298 1883//297 1885//299
f 1884//298 1885//299 1886//300
f 1886//300 1885//299 1887//289
f 1886//300 1887//289 1888//289
f 1888//289 1887//289 1889//301
f 1888//289 1889//301 1890//302
f 1890//302 1889//301 1876//292
f 1890//302 1876//292 1875//291
f 1876//292 1891//303 1892//304
f 1876//292 1892//304 1877//293
f 1877//293 1892//304 1893//290
f 1877//293 1893//290 1879//290
f 1879//290 1893//290 1894//305
f 1879//290 1894//305 1881//295
f 1881//295 1894//305 1895//306
f 1881//295 1895//306 1883//297
f 1883//297 1895//306 1896//307
f 1883//297 1896//307 1885//299
f 1885//299 1896//307 1897//289
f 1885//299 1897//289 1887//289
f 1887//289 1897//289 1898//308
f 1887//289 1898//308 1889//301
f 1889//301 1898//308 1891//303
f 1889//301 1891//303 1876//292
f 1891//303 1899//309 1900//310
f 1891//303 1900//310 1892//304
f 1892//304 1900//310 1901//290
f 1892//304 1901//290 1893//290
f 1893//290 1901//290 1902//311
f 1893//290 1902//311 1894//305
f 1894//305 1902//311 1903//312
f 1894//305 1903//312 1895//306
f 1895//306 1903//312 1904//313
f 1895//306 1904//313 1896//307
f 1896//307 1904//313 1905//289
f 1896//307 1905//289 1897//289
f 1897//289 1905//289 1906//314
f 1897//289 1906//314 1898//308
f 1898//308 1906//314 1899//309
f 1898//308 1899//309 1891//303
f 1899//309 1907//315 1908//316
f 1899//309 1908//316 1900//310
f 1900//310 1908//316 1909//290
f 1900//310 1909//290 1901//290
f 1901//290 1909//290 1910//317
f 1901//290 1910//317 1902//311
f 1902//311 1910//317 1911//318
f 1902//311 1911//318 1903//312
f 1903//312 1911//318 1912//319
f 1903//312 1912//319 1904//313
f 1904//313 1912//319 1913//289
f 1904//313 1913//289 1905//289
f 1905//289 1913//289 1914//320
f 1905//289 1914//320 1906//314
f 1906//314 1914//320 1907//315
f 1906//314 1907//315 1899//309
f 1907//315 1915//321 1916//322
f 1907//315 1916//322 1908//316
f 1908//316 1916//322 1917//290
f 1908//316 1917//290 1909//290
f 1909//290 1917//290 1918//323
f 1909//290 1918//323 1910//317
f 1910//317 1918//323 1919//324
f 1910//317 1919//324 1911//318
f 1911//318 1919//324 1920//325
f 1911//318 1920//325 1912//319
f 1912//319 1920//325 1921//289
f 1912//319 1921//289 1913//289
f 1913//289 1921//289 1922//326
f 1913//289 1922//326 1914//320
f 1914//320 1922//326 1915//321
f 1914//320 1915//321 1907//315
f 1915//321 1923//327 1924//328
f 1915//321 1924//328 1916//322
f 1916//322 1924//328 1925//290
f 1916//322 1925//290 1917//290
f 1917//290 1925//290 1926//329
f 1917//290 1926//329 1918//323
f 1918//323 1926//329 1927//330
f 1918//323 1927//330 1919//324
f 1919//324 1927//330 1928//331
f 1919//324 1928//331 1920//325
f 1920//325 1928//331 1929//289
f 1920//325 1929//289 1921//289
f 1921//289 1929//289 1930//332
f 1921//289 1930//332 1922//326
f 1922//326 1930//332 1923//327
f 1922//326 1923//327 1915//321
f 1923//327 1931//333 1932//334
f 1923//327 1932//334 1924//328
f 1924//328 1932//334 1933//290
f 1924//328 1933//290 1925//290
f 1925//290 1933//290 1934//335
f 1925//290 1934//335 1926//329
f 1926//329 1934//335 1935//336
f 1926//329 1935//336 1927//330
f 1927//330 1935//336 1936//337
f 1927//330 1936//337 1928//331
f 1928//331 1936//337 1937//289
f 1928//331 1937//289 1929//289
f 1929//289 1937//289 1938//338
f 1929//289 1938//338 1930//332
f 1930//332 1938//338 1931//333
f 1930//332 1931//333 1923//327
f 1931//333 1939//339 1940//340
f 1931//333 1940//340 1932//334
f 1932//334 1940//340 1941//290
f 1932//334 1941//290 1933//290
f 1933//290 1941//290 1942//341
f 1933//290 1942//341 1934//335
f 1934//335 1942//341 1943//342
f 1934//335 1943//342 1935//336
f 1935//336 1943//342 1944//343
f 1935//336 1944//343 1936//337
f 1936//337 1944//343 1945//289
f 1936//337 1945//289 1937//289
f 1937//289 1945//289 1946//344
f 1937//289 1946//344 1938//338
f 1938//338 1946//344 1939//339
f 1938//338 1939//339 1931//333
f 1939//339 1947//345 1948//346
f 1939//339 1948//346 1940//340
f 1940//340 1948//346 1949//290
f 1940//340 1949//290 1941//290
f 1941//290 1949//290 1950//347
f 1941//290 1950//347 1942//341
f 1942//341 1950//347 1951//348
f 1942//341 1951//348 1943//342
f 1943//342 1951//348 1952//349
f 1943//342 1952//349 1944//343
f 1944//343 1952//349 1953//289
f 1944//343 1953//289 1945//289
f 1945//289 1953//289 1954//350
f 1945//289 1954//350 1946//344
f 1946//344 1954//350 1947//345
f 1946//344 1947//345 1939//339
f 1947//345 1955//351 1956//352
f 1947//345 1956//352 1948//346
f 1948//346 1956//352 1957//290
f 1948//346 1957//290 1949//290
f 1949//290 1957//290 1958//353
f 1949//290 1958//353 1950//347
f 1950//347 1958//353 1959//354
f 1950//347 1959//354 1951//348
f 1951//348 1959//354 1960//355
f 1951//348 1960//355 1952//349
f 1952//349 1960//355 1961//289
f 1952//349 1961//289 1953//289
f 1953//289 1961//289 1962//356
f 1953//289 1962//356 1954//350
f 1954//350 1962//356 1955//351
f 1954//350 1955//351 1947//345
f 1955//351 1963//357 1964//358
f 1955//351 1964//358 1956//352
f 1956//352 1964//358 1965//290
f 1956//352 1965//290 1957//290
f 1957//290 1965//290 1966//359
f 1957//290 1966//359 1958//353
f 1958//353 1966//359 1967//360
f 1958//353 1967//360 1959//354
f 1959//354 1967//360 1968//361
f 1959//354 1968//361 1960//355
f 1960//355 1968//361 1969//289
f 1960//355 1969//289 1961//289
f 1961//289 1969//289 1970//362
f 1961//289 1970//362 1962//356
f 1962//356 1970//362 1963//357
f 1962//356 1963//357 1955//351
f 1963//357 1971//363 1972//364
f 1963//357 1972//364 1964//358
f 1964//358 1972//364 1973//290
f 1964//358 1973//290 1965//290
f 1965//290 1973//290 1974//365
f 1965//290 1974//365 1966//359
f 1966//359 1974//365 1975//366
f 1966//359 1975//366 1967//360
f 1967//360 1975//366 1976//367
f 1967//360 1976//367 1968//361
f 1968//361 1976//367 1977//289
f 1968//361 1977//289 1969//289
f 1969//289 1977//289 1978//368
f 1969//289 1978//368 1970//362
f 1970//362 1978//368 1971//363
f 1970//362 1971//363 1963//357
f 1971//363 1979//369 1980//370
f 1971//363 1980//370 1972//364
f 1972//364 1980//370 1981//290
f 1972//364 1981//290 1973//290
f 1973//290 1981//290 1982//371
f 1973//290 1982//371 1974//365
f 1974//365 1982//371 1983//372
f 1974//365 1983//372 1975//366
f 1975//366 1983//372 1984//373
f 1975//366 1984//373 1976//367
f 1976//367 1984//373 1985//289
f 1976//367 1985//289 1977//289
f 1977//289 1985//289 1986//374
f 1977//289 1986//374 1978//368
f 1978//368 1986//374 1979//369
f 1978//368 1979//369 1971//363
f 1979//369 1987//375 1988//376
f 1979//369 1988//376 1980//370
f 1980//370 1988//376 1989//290
f 1980//370 1989//290 1981//290
f 1981//290 1989//290 1990//377
f 1981//290 1990//377 1982//371
f 1982//371 1990//377 1991//378
f 1982//371 1991//378 1983//372
f 1983//372 1991//378 1992//379
f 1983//372 1992//379 1984//373
f 1984//373 1992//379 1993//289
f 1984//373 1993//289 1985//289
f 1985//289 1993//289 1994//380
f 1985//289 1994//380 1986//374
f 1986//374 1994//380 1987//375
f 1986//374 1987//375 1979//369
f 1987//375 1995//381 1996//382
f 1987//375 1996//382 1988//376
f 1988//376 1996//382 1997//290
f 1988//376 1997//290 1989//290
f 1989//290 1997//290 1998//383
f 1989//290 1998//383 1990//377
f 1990//377 1998//383 1999//384
f 1990//377 1999//384 1991//378
f 1991//378 1999//384 2000//385
f 1991//378 2000//385 1992//379
f 1992//379 2000//385 2001//289
f 1992//379 2001//289 1993//289
f 1993//289 2001//289 2002//386
f 1993//289 2002//386 1994//380
f 1994//380 2002//386 1995//381
f 1994//380 1995//381 1987//375
f 1995//381 2003//387 2004//388
f 1995//381 2004//388 1996//382
f 1996//382 2004//388 2005//290
f 1996//382 2005//290 1997//290
f 1997//290 2005//290 2006//389
f 1997//290 2006//389 1998//383
f 1998//383 2006//389 2007//390
f 1998//383 2007//390 1999//384
f 1999//384 2007//390 2008//391
f 1999//384 2008//391 2000//385
f 2000//385 2008//391 2009//289
f 2000//385 2009//289 2001//289
f 2001//289 2009//289 2010//392
f 2001//289 2010//392 2002//386
f 2002//386 2010//392 2003//387
f 2002//386 2003//387 1995//381
f 2003//387 2011//393 2012//394
f 2003//387 2012//394 2004//388
f 2004//388 2012//394 2013//290
f 2004//388 2013//290 2005//290
f 2005//290 2013//290 2014//395
f 2005//290 2014//395 2006//389
f 2006//389 2014//395 2015//396
f 2006//389 2015//396 2007//390
f 2007//390 2015//396 2016//397
f 2007//390 2016//397 2008//391
f 2008//391 2016//397 2017//289
f 2008//391 2017//289 2009//289
f 2009//289 2017//289 2018//398
f 2009//289 2018//398 2010//392
f 2010//392 2018//398 2011//393
f 2010//392 2011//393 2003//387
f 2011//393 2019//399 2020//400
f 2011//393 2020//400 2012//394
f 2012//394 2020//400 2021//290
f 2012//394 2021//290 2013//290
f 2013//290 2021//290 2022//401
f 2013//290 2022//401 2014//395
f 2014//395 2022//401 2023//402
f 2014//395 2023//402 2015//396
f 2015//396 2023//402 2024//403
f 2015//396 2024//403 2016//397
f 2016//397 2024//403 2025//289
f 2016//397 2025//289 2017//289
f 2017//289 2025//289 2026//404
f 2017//289 2026//404 2018//398
f 2018//398 2026//404 2019//399
f 2018//398 2019//399 2011//393
f 2019//399 2027//405 2028//406
f 2019//399 2028//406 2020//400
f 2020//400 2028//406 2029//290
f 2020//400 2029//290 2021//290
f 2021//290 2029//290 2030//407
f 2021//290 2030//407 2022//401
f 2022//401 2030//407 2031//408
f 2022//401 2031//408 2023//402
f 2023//402 2031//408 2032//409
f 2023//402 2032//409 2024//403
f 2024//403 2032//409 2033//289
f 2024//403 2033//289 2025//289
f 2025//289 2033//289 2034//410
f 2025//289 2034//410 2026//404
f 2026//404 2034//410 2027//405
f 2026//404 2027//405 2019//399
f 2027//405 2035//411 2036//412
f 2027//405 2036//412 2028//406
f 2028//406 2036//412 2037//290
f 2028//406 2037//290 2029//290
f 2029//290 2037//290 2038//413
f 2029//290 2038//413 2030//407
f 2030//407 2038//413 2039//414
f 2030//407 2039//414 2031//408
f 2031//408 2039//414 2040//415
f 2031//408 2040//415 2032//409
f 2032//409 2040//415 2041//289
f 2032//409 2041//289 2033//289
f 2033//289 2041//289 2042//416
f 2033//289 2042//416 2034//410
f 2034//410 2042//416 2035//411
f 2034//410 2035//411 2027//405
f 2035//411 2043//417 2044//418
f 2035//411 2044//418 2036//412
f 2036//412 2044//418 2045//290
f 2036//412 2045//290 2037//290
f 2037//290 2045//290 2046//419
f 2037//290 2046//419 2038//413
f 2038//413 2046//419 2047//420
f 2038//413 2047//420 2039//414
f 2039//414 2047//420 2048//421
f 2039//414 2048//421 2040//415
f 2040//415 2048//421 2049//289
f 2040//415 2049//289 2041//289
f 2041//289 2049//289 2050//422
f 2041//289 2050//422 2042//416
f 2042//416 2050//422 2043//417
f 2042//416 2043//417 2035//411
f 2043//417 2051//423 2052//424
f 2043//417 2052//424 2044//418
f 2044//418 2052//424 2053//290
f 2044//418 2053//290 2045//290
f 2045//290 2053//290 2054//425
f 2045//290 2054//425 2046//419
f 2046//419 2054//425 2055//426
f 2046//419 2055//426 2047//420
f 2047//420 2055//426 2056//427
f 2047//420 2056//427 2048//421
f 2048//421 2056//427 2057//289
f 2048//421 2057//289 2049//289
f 2049//289 2057//289 2058//428
f 2049//289 2058//428 2050//422
f 2050//422 2058//428 2051//423
f 2050//422 2051//423 2043//417
f 2051//423 2059//429 2060//430
f 2051//423 2060//430 2052//424
f 2052//424 2060//430 2061//290
f 2052//424 2061//290 2053//290
f 2053//290 2061//290 2062//431
f 2053//290 2062//431 2054//425
f 2054//425 2062//431 2063//432
f 2054//425 2063//432 2055//426
f 2055//426 2063//432 2064//433
f 2055//426 2064//433 2056//427
f 2056//427 2064//433 2065//289
f 2056//427 2065//289 2057//289
f 2057//289 2065//289 2066//434
f 2057//289 2066//434 2058//428
f 2058//428 2066//434 2059//429
f 2058//428 2059//429 2051//423
f 2059//429 2067//298 2068//296
f 2059//429 2068//296 2060//430
f 2060//430 2068//296 2069//290
f 2060//430 2069//290 2061//290
f 2061//290 2069//290 2070//294
f 2061//290 2070//294 2062//431
f 2062//431 2070//294 2071//291
f 2062//431 2071//291 2063//432
f 2063//432 2071//291 2072//302
f 2063//432 2072//302 2064//433
f 2064//433 2072//302 2073//289
f 2064//433 2073//289 2065//289
f 2065//289 2073//289 2074//300
f 2065//289 2074//300 2066//434
f 2066//434 2074//300 2067//298
f 2066//434 2067//298 2059//429
f 2067//298 2075//297 2076//295
f 2067//298 2076//295 2068//296
f 2068//296 2076//295 2077//290
f 2068//296 2077//290 2069//290
f 2069//290 2077//290 2078//293
f 2069//290 2078//293 2070//294
f 2070//294 2078//293 2079//292
f 2070//294 2079//292 2071//291
f 2071//291 2079//292 2080//301
f 2071//291 2080//301 2072//302
f 2072//302 2080//301 2081//289
f 2072//302 2081//289 2073//289
f 2073//289 2081//289 2082//299
f 2073//289 2082//299 2074//300
f 2074//300 2082//299 2075//297
f 2074//300 2075//297 2067//298
f 2075//297 2083//306 2084//305
f 2075//297 2084//305 2076//295
f 2076//295 2084//305 2085//290
f 2076//295 2085//290 2077//290
f 2077//290 2085//290 2086//304
f 2077//290 2086//304 2078//293
f 2078//293 2086//304 2087//303
f 2078//293 2087//303 2079//292
f 2079//292 2087//303 2088//308
f 2079//292 2088//308 2080//301
f 2080//301 2088//308 2089//289
f 2080//301 2089//289 2081//289
f 2081//289 2089//289 2090//307
f 2081//289 2090//307 2082//299
f 2082//299 2090//307 2083//306
f 2082//299 2083//306 2075//297
f 2083//306 2091//312 2092//311
f 2083//306 2092//311 2084//305
f 2084//305 2092//311 2093//290
f 2084//305 2093//290 2085//290
f 2085//290 2093//290 2094//310
f 2085//290 2094//310 2086//304
f 2086//304 2094//310 2095//309
f 2086//304 2095//309 2087//303
f 2087//303 2095//309 2096//314
f 2087//303 2096//314 2088//308
f 2088//308 2096//314 2097//289
f 2088//308 2097//289 2089//289
f 2089//289 2097//289 2098//313
f 2089//289 2098//313 2090//307
f 2090//307 2098//313 2091//312
f 2090//307 2091//312 2083//306
f 2091//312 2099//318 2100//317
f 2091//312 2100//317 2092//311
f 2092//311 2100//317 2101//290
f 2092//311 2101//290 2093//290
f 2093//290 2101//290 2102//316
f 2093//290 2102//316 2094//310
f 2094//310 2102//316 2103//315
f 2094//310 2103//315 2095//309
f 2095//309 2103//315 2104//320
f 2095//309 2104//320 2096//314
f 2096//314 2104//320 2105//289
f 2096//314 2105//289 2097//289
f 2097//289 2105//289 2106//319
f 2097//289 2106//319 2098//313
f 2098//313 2106//319 2099//318
f 2098//313 2099//318 2091//312
f 2099//318 2107//324 2108//323
f 2099//318 2108//323 2100//317
f 2100//317 2108//323 2109//290
f 2100//317 2109//290 2101//290
f 2101//290 2109//290 2110//322
f 2101//290 2110//322 2102//316
f 2102//316 2110//322 2111//321
f 2102//316 2111//321 2103//315
f 2103//315 2111//321 2112//326
f 2103//315 2112//326 2104//320
f 2104//320 2112//326 2113//289
f 2104//320 2113//289 2105//289
f 2105//289 2113//289 2114//325
f 2105//289 2114//325 2106//319
f 2106//319 2114//325 2107//324
f 2106//319 2107//324 2099//318
f 2107//324 2115//330 2116//329
f 2107//324 2116//329 2108//323
f 2108//323 2116//329 2117//290
f 2108//323 2117//290 2109//290
f 2109//290 2117//290 2118//328
f 2109//290 2118//328 2110//322
f 2110//322 2118//328 2119//327
f 2110//322 2119//327 2111//321
f 2111//321 2119//327 2120//332
f 2111//321 2120//332 2112//326
f 2112//326 2120//332 2121//289
f 2112//326 2121//289 2113//289
f 2113//289 2121//289 2122//331
f 2113//289 2122//331 2114//325
f 2114//325 2122//331 2115//330
f 2114//325 2115//330 2107//324
f 2115//330 2123//336 2124//335
f 2115//330 2124//335 2116//329
f 2116//329 2124//335 2125//290
f 2116//329 2125//290 2117//290
f 2117//290 2125//290 2126//334
f 2117//290 2126//334 2118//328
f 2118//328 2126//334 2127//333
f 2118//328 2127//333 2119//327
f 2119//327 2127//333 2128//338
f 2119//327 2128//338 2120//332
f 2120//332 2128//338 2129//289
f 2120//332 2129//289 2121//289
f 2121//289 2129//289 2130//337
f 2121//289 2130//337 2122//331
f 2122//331 2130//337 2123//336
f 2122//331 2123//336 2115//330
f 2123//336 2131//342 2132//341
f 2123//336 2132//341 2124//335
f 2124//335 2132//341 2133//290
f 2124//335 2133//290 2125//290
f 2125//290 2133//290 2134//340
f 2125//290 2134//340 2126//334
f 2126//334 2134//340 2135//339
f 2126//334 2135//339 2127//333
f 2127//333 2135//339 2136//344
f 2127//333 2136//344 2128//338
f 2128//338 2136//344 2137//289
f 2128//338 2137//289 2129//289
f 2129//289 2137//289 2138//343
f 2129//289 2138//343 2130//337
f 2130//337 2138//343 2131//342
f 2130//337 2131//342 2123//336
f 2131//342 2139//348 2140//347
f 2131//342 2140//347 2132//341
f 2132//341 2140//347 2141//290
f 2132//341 2141//290 2133//290
f 2133//290 2141//290 2142//346
f 2133//290 2142//346 2134//340
f 2134//340 2142//346 2143//345
f 2134//340 2143//345 2135//339
f 2135//339 2143//345 2144//350
f 2135//339 2144//350 2136//344
f 2136//344 2144//350 2145//289
f 2136//344 2145//289 2137//289
f 2137//289 2145//289 2146//349
f 2137//289 2146//349 2138//343
f 2138//343 2146//349 2139//348
f 2138//343 2139//348 2131//342
f 2139//348 2147//354 2148//353
f 2139//348 2148//353 2140//347
f 2140//347 2148//353 2149//290
f 2140//347 2149//290 2141//290
f 2141//290 2149//290 2150//352
f 2141//290 2150//352 2142//346
f 2142//346 2150//352 2151//351
f 2142//346 2151//351 2143//345
f 2143//345 2151//351 2152//356
f 2143//345 2152//356 2144//350
f 2144//350 2152//356 2153//289
f 2144//350 2153//289 2145//289
f 2145//289 2153//289 2154//355
f 2145//289 2154//355 2146//349
f 2146//349 2154//355 2147//354
f 2146//349 2147//354 2139//348
f 2147//354 2155//360 2156//359
f 2147//354 2156//359 2148//353
f 2148//353 2156//359 2157//290
f 2148//353 2157//290 2149//290
f 2149//290 2157//290 2158//358
f 2149//290 2158//358 2150//352
f 2150//352 2158//358 2159//357
f 2150//352 2159//357 2151//351
f 2151//351 2159//357 2160//362
f 2151//351 2160//362 2152//356
f 2152//356 2160//362 2161//289
f 2152//356 2161//289 2153//289
f 2153//289 2161//289 2162//361
f 2153//289 2162//361 2154//355
f 2154//355 2162//361 2155//360
f 2154//355 2155//360 2147//354
f 2155//360 2163//366 2164//365
f 2155//360 2164//365 2156//359
f 2156//359 2164//365 2165//290
f 2156//359 2165//290 2157//290
f 2157//290 2165//290 2166//364
f 2157//290 2166//364 2158//358
f 2158//358 2166//364 2167//363
f 2158//358 2167//363 2159//357
f 2159//357 2167//363 2168//368
f 2159//357 2168//368 2160//362
f 2160//362 2168//368 2169//289
f 2160//362 2169//289 2161//289
f 2161//289 2169//289 2170//367
f 2161//289 2170//367 2162//361
f 2162//361 2170//367 2163//366
f 2162//361 2163//366 2155//360
f 2163//366 2171//372 2172//371
f 2163//366 2172//371 2164//365
f 2164//365 2172//371 2173//290
f 2164//365 2173//290 2165//290
f 2165//290 2173//290 2174//370
f 2165//290 2174//370 2166//364
f 2166//364 2174//370 2175//369
f 2166//364 2175//369 2167//363
f 2167//363 2175//369 2176//374
f 2167//363 2176//374 2168//368
f 2168//368 2176//374 2177//289
f 2168//368 2177//289 2169//289
f 2169//289 2177//289 2178//373
f 2169//289 2178//373 2170//367
f 2170//367 2178//373 2171//372
f 2170//367 2171//372 2163//366
f 2171//372 2179//378 2180//377
f 2171//372 2180//377 2172//371
f 2172//371 2180//377 2181//290
f 2172//371 2181//290 2173//290
f 2173//290 2181//290 2182//376
f 2173//290 2182//376 2174//370
f 2174//370 2182//376 2183//375
f 2174//370 2183//375 2175//369
f 2175//369 2183//375 2184//380
f 2175//369 2184//380 2176//374
f 2176//374 2184//380 2185//289
f 2176//374 2185//289 2177//289
f 2177//289 2185//289 2186//379
f 2177//289 2186//379 2178//373
f 2178//373 2186//379 2179//378
f 2178//373 2179//378 2171//372
f 2179//378 2187//384 2188//383
f 2179//378 2188//383 2180//377
f 2180//377 2188//383 2189//290
f 2180//377 2189//290 2181//290
f 2181//290 2189//290 2190//382
f 2181//290 2190//382 2182//376
f 2182//376 2190//382 2191//381
f 2182//376 2191//381 2183//375
f 2183//375 2191//381 2192//386
f 2183//375 2192//386 2184//380
f 2184//380 2192//386 2193//289
f 2184//380 2193//289 2185//289
f 2185//289 2193//289 2194//385
f 2185//289 2194//385 2186//379
f 2186//379 2194//385 2187//384
f 2186//379 2187//384 2179//378
f 2187//384 2195//390 2196//389
f 2187//384 2196//389 2188//383
f 2188//383 2196//389 2197//290
f 2188//383 2197//290 2189//290
f 2189//290 2197//290 2198//388
f 2189//290 2198//388 2190//382
f 2190//382 2198//388 2199//387
f 2190//382 2199//387 2191//381
f 2191//381 2199//387 2200//392
f 2191//381 2200//392 2192//386
f 2192//386 2200//392 2201//289
f 2192//386 2201//289 2193//289
f 2193//289 2201//289 2202//391
f 2193//289 2202//391 2194//385
f 2194//385 2202//391 2195//390
f 2194//385 2195//390 2187//384
f 2195//390 2203//396 2204//395
f 2195//390 2204//395 2196//389
f 2196//389 2204//395 2205//290
f 2196//389 2205//290 2197//290
f 2197//290 2205//290 2206//394
f 2197//290 2206//394 2198//388
f 2198//388 2206//394 2207//393
f 2198//388 2207//393 2199//387
f 2199//387 2207//393 2208//398
f 2199//387 2208//398 2200//392
f 2200//392 2208//398 2209//289
f 2200//392 2209//289 2201//289
f 2201//289 2209//289 2210//397
f 2201//289 2210//397 2202//391
f 2202//391 2210//397 2203//396
f 2202//391 2203//396 2195//390
f 2203//396 2211//402 2212//401
f 2203//396 2212//401 2204//395
f 2204//395 2212//401 2213//290
f 2204//395 2213//290 2205//290
f 2205//290 2213//290 2214//400
f 2205//290 2214//400 2206//394
f 2206//394 2214//400 2215//399
f 2206//394 2215//399 2207//393
f 2207//393 2215//399 2216//404
f 2207//393 2216//404 2208//398
f 2208//398 2216//404 2217//289
f 2208//398 2217//289 2209//289
f 2209//289 2217//289 2218//403
f 2209//289 2218//403 2210//397
f 2210//397 2218//403 2211//402
f 2210//397 2211//402 2203//396
f 2211//402 2219//408 2220//407
f 2211//402 2220//407 2212//401
f 2212//401 2220//407 2221//290
f 2212//401 2221//290 2213//290
f 2213//290 2221//290 2222//406
f 2213//290 2222//406 2214//400
f 2214//400 2222//406 2223//405
f 2214//400 2223//405 2215//399
f 2215//399 2223//405 2224//410
f 2215//399 2224//410 2216//404
f 2216//404 2224//410 2225//289
f 2216//404 2225//289 2217//289
f 2217//289 2225//289 2226//409
f 2217//289 2226//409 2218//403
f 2218//403 2226//409 2219//408
f 2218//403 2219//408 2211//402
f 2219//408 2227//414 2228//413
f 2219//408 2228//413 2220//407
f 2220//407 2228//413 2229//290
f 2220//407 2229//290 2221//290
f 2221//290 2229//290 2230//412
f 2221//290 2230//412 2222//406
f 2222//406 2230//412 2231//411
f 2222//406 2231//411 2223//405
f 2223//405 2231//411 2232//416
f 2223//405 2232//416 2224//410
f 2224//410 2232//416 2233//289
f 2224//410 2233//289 2225//289
f 2225//289 2233//289 2234//415
f 2225//289 2234//415 2226//409
f 2226//409 2234//415 2227//414
f 2226//409 2227//414 2219//408
f 2227//414 2235//420 2236//419
f 2227//414 2236//419 2228//413
f 2228//413 2236//419 2237//290
f 2228//413 2237//290 2229//290
f 2229//290 2237//290 2238//418
f 2229//290 2238//418 2230//412
f 2230//412 2238//418 2239//417
f 2230//412 2239//417 2231//411
f 2231//411 2239//417 2240//422
f 2231//411 2240//422 2232//416
f 2232//416 2240//422 2241//289
f 2232//416 2241//289 2233//289
f 2233//289 2241//289 2242//421
f 2233//289 2242//421 2234//415
f 2234//415 2242//421 2235//420
f 2234//415 2235//420 2227//414
f 2235//420 2243//426 2244//425
f 2235//420 2244//425 2236//419
f 2236//419 2244//425 2245//290
f 2236//419 2245//290 2237//290
f 2237//290 2245//290 2246//424
f 2237//290 2246//424 2238//418
f 2238//418 2246//424 2247//423
f 2238//418 2247//423 2239//417
f 2239//417 2247//423 2248//428
f 2239//417 2248//428 2240//422
f 2240//422 2248//428 2249//289
f 2240//422 2249//289 2241//289
f 2241//289 2249//289 2250//427
f 2241//289 2250//427 2242//421
f 2242//421 2250//427 2243//426
f 2242//421 2243//426 2235//420
f 2243//426 2251//432 2252//431
f 2243//426 2252//431 2244//425
f 2244//425 2252//431 2253//290
f 2244//425 2253//290 2245//290
f 2245//290 2253//290 2254//430
f 2245//290 2254//430 2246//424
f 2246//424 2254//430 2255//429
f 2246//424 2255//429 2247//423
f 2247//423 2255//429 2256//434
f 2247//423 2256//434 2248//428
f 2248//428 2256//434 2257//289
f 2248//428 2257//289 2249//289
f 2249//289 2257//289 2258//433
f 2249//289 2258//433 2250//427
f 2250//427 2258//433 2251//432
f 2250//427 2251//432 2243//426
f 2251//432 1875//291 1878//294
f 2251//432 1878//294 2252//431
f 2252//431 1878//294 1880//290
f 2252//431 1880//290 2253//290
f 2253//290 1880//290 1882//296
f 2253//290 1882//296 2254//430
f 2254//430 1882//296 1884//298
f 2254//430 1884//298 2255//429
f 2255//429 1884//298 1886//300
f 2255//429 1886//300 2256//434
f 2256//434 1886//300 1888//289
f 2256//434 1888//289 2257//289
f 2257//289 1888//289 1890//302
f 2257//289 1890//302 2258//433
f 2258//433 1890//302 1875//291
f 2258//433 1875//291 2251//432
usemtl lens_glass
f 2259//289 2260//289 2261//289
f 2259//289 2262//289 2260//289
f 2259//289 2263//289 2262//289
f 2259//289 2264//289 2263//289
f 2259//289 2265//289 2264//289
f 2259//289 2266//289 2265//289
f 2259//289 2267//289 2266//289
f 2259//289 2268//289 2267//289
f 2259//289 2269//289 2268//289
f 2259//289 2270//289 2269//289
f 2259//289 2271//289 2270//289
f 2259//289 2272//289 2271//289
f 2259//289 2273//289 2272//289
f 2259//289 2274//289 2273//289
f 2259//289 2275//289 2274//289
f 2259//289 2276//289 2275//289
f 2259//289 2277//289 2276//289
f 2259//289 2278//289 2277//289
f 2259//289 2279//289 2278//289
f 2259//289 2280//289 2279//289
f 2259//289 2281//289 2280//289
f 2259//289 2282//289 2281//289
f 2259//289 2283//289 2282//289
f 2259//289 2284//289 2283//289
f 2259//289 2285//289 2284//289
f 2259//289 2286//289 2285//289
f 2259//289 2287//289 2286//289
f 2259//289 2288//289 2287//289
f 2259//289 2289//289 2288//289
f 2259//289 2290//289 2289//289
f 2259//289 2291//289 2290//289
f 2259//289 2292//289 2291//289
f 2259//289 2293//289 2292//289
f 2259//289 2294//289 2293//289
f 2259//289 2295//289 2294//289
f 2259//289 2296//289 2295//289
f 2259//289 2297//289 2296//289
f 2259//289 2298//289 2297//289
f 2259//289 2299//289 2298//289
f 2259//289 2300//289 2299//289
f 2259//289 2301//289 2300//289
f 2259//289 2302//289 2301//289
f 2259//289 2303//289 2302//289
f 2259//289 2304//289 2303//289
f 2259//289 2305//289 2304//289
f 2259//289 2306//289 2305//289
f 2259//289 2307//289 2306//289
f 2259//289 2308//289 2307//289
f 2259//289 2309//289 2308//289
f 2259//289 2310//289 2309//289
f 2259//289 2311//289 2310//289
f 2259//289 2312//289 2311//289
f 2259//289 2313//289 2312//289
f 2259//289 2314//289 2313//289
f 2259//289 2315//289 2314//289
f 2259//289 2316//289 2315//289
f 2259//289 2317//289 2316//289
f 2259//289 2318//289 2317//289
f 2259//289 2319//289 2318//289
f 2259//289 2320//289 2319//289
f 2259//289 2321//289 2320//289
f 2259//289 2322//289 2321//289
f 2259//289 2323//289 2322//289
f 2259//289 2261//289 2323//289
usemtl lens_glass_light
f 2324//289 2325//289 2326//289
f 2324//289 2327//289 2325//289
f 2324//289 2328//289 2327//289
f 2324//289 2329//289 2328//289
f 2324//289 2330//289 2329//289
f 2324//289 2331//289 2330//289
f 2324//289 2332//289 2331//289
f 2324//289 2333//289 2332//289
f 2324//289 2334//289 2333//289
f 2324//289 2335//289 2334//289
f 2324//289 2336//289 2335//289
f 2324//289 2337//289 2336//289
f 2324//289 2338//289 2337//289
f 2324//289 2339//289 2338//289
f 2324//289 2340//289 2339//289
f 2324//289 2341//289 2340//289
f 2324//289 2342//289 2341//289
f 2324//289 2343//289 2342//289
f 2324//289 2344//289 2343//289
f 2324//289 2345//289 2344//289
f 2324//289 2346//289 2345//289
f 2324//289 2347//289 2346//289
f 2324//289 2348//289 2347//289
f 2324//289 2349//289 2348//289
f 2324//289 2350//289 2349//289
f 2324//289 2351//289 2350//289
f 2324//289 2352//289 2351//289
f 2324//289 2353//289 2352//289
f 2324//289 2354//289 2353//289
f 2324//289 2355//289 2354//289
f 2324//289 2356//289 2355//289
f 2324//289 2357//289 2356//289
f 2324//289 2358//289 2357//289
f 2324//289 2359//289 2358//289
f 2324//289 2360//289 2359//289
f 2324//289 2361//289 2360//289
f 2324//289 2362//289 2361//289
f 2324//289 2363//289 2362//289
f 2324//289 2364//289 2363//289
f 2324//289 2365//289 2364//289
f 2324//289 2366//289 2365//289
f 2324//289 2367//289 2366//289
f 2324//289 2368//289 2367//289
f 2324//289 2369//289 2368//289
f 2324//289 2370//289 2369//289
f 2324//289 2371//289 2370//289
f 2324//289 2372//289 2371//289
f 2324//289 2373//289 2372//289
f 2324//289 2374//289 2373//289
f 2324//289 2375//289 2374//289
f 2324//289 2376//289 2375//289
f 2324//289 2377//289 2376//289
f 2324//289 2378//289 2377//289
f 2324//289 2379//289 2378//289
f 2324//289 2380//289 2379//289
f 2324//289 2381//289 2380//289
f 2324//289 2382//289 2381//289
f 2324//289 2383//289 2382//289
f 2324//289 2384//289 2383//289
f 2324//289 2385//289 2384//289
f 2324//289 2386//289 2385//289
f 2324//289 2387//289 2386//289
f 2324//289 2388//289 2387//289
f 2324//289 2326//289 2388//289
usemtl lens_glass
f 2389//289 2390//289 2391//289
f 2389//289 2392//289 2390//289
f 2389//289 2393//289 2392//289
f 2389//289 2394//289 2393//289
f 2389//289 2395//289 2394//289
f 2389//289 2396//289 2395//289
f 2389//289 2397//289 2396//289
f 2389//289 2398//289 2397//289
f 2389//289 2399//289 2398//289
f 2389//289 2400//289 2399//289
f 2389//289 2401//289 2400//289
f 2389//289 2402//289 2401//289
f 2389//289 2403//289 2402//289
f 2389//289 2404//289 2403//289
f 2389//289 2405//289 2404//289
f 2389//289 2406//289 2405//289
f 2389//289 2407//289 2406//289
f 2389//289 2408//289 2407//289
f 2389//289 2409//289 2408//289
f 2389//289 2410//289 2409//289
f 2389//289 2411//289 2410//289
f 2389//289 2412//289 2411//289
f 2389//289 2413//289 2412//289
f 2389//289 2414//289 2413//289
f 2389//289 2415//289 2414//289
f 2389//289 2416//289 2415//289
f 2389//289 2417//289 2416//289
f 2389//289 2418//289 2417//289
f 2389//289 2419//289 2418//289
f 2389//289 2420//289 2419//289
f 2389//289 2421//289 2420//289
f 2389//289 2422//289 2421//289
f 2389//289 2423//289 2422//289
f 2389//289 2424//289 2423//289
f 2389//289 2425//289 2424//289
f 2389//289 2426//289 2425//289
f 2389//289 2427//289 2426//289
f 2389//289 2428//289 2427//289
f 2389//289 2429//289 2428//289
f 2389//289 2430//289 2429//289
f 2389//289 2431//289 2430//289
f 2389//289 2432//289 2431//289
f 2389//289 2433//289 2432//289
f 2389//289 2434//289 2433//289
f 2389//289 2435//289 2434//289
f 2389//289 2436//289 2435//289
f 2389//289 2437//289 2436//289
f 2389//289 2438//289 2437//289
f 2389//289 2439//289 2438//289
f 2389//289 2440//289 2439//289
f 2389//289 2441//289 2440//289
f 2389//289 2442//289 2441//289
f 2389//289 2443//289 2442//289
f 2389//289 2444//289 2443//289
f 2389//289 2445//289 2444//289
f 2389//289 2446//289 2445//289
f 2389//289 2447//289 2446//289
f 2389//289 2448//289 2447//289
f 2389//289 2449//289 2448//289
f 2389//289 2450//289 2449//289
f 2389//289 2451//289 2450//289
f 2389//289 2452//289 2451//289
f 2389//289 2453//289 2452//289
f 2389//289 2391//289 2453//289
usemtl lens_reflection
f 2454//289 2455//289 2456//289
f 2454//289 2456//289 2457//289
f 2458//290 2459//290 2460//290
f 2458//290 2460//290 2461//290
usemtl lens_glass_light
f 2454//435 2461//435 2460//435
f 2454//435 2460//435 2455//435
f 2455//436 2460//436 2459//436
f 2455//436 2459//436 2456//436
f 2456//437 2459//437 2458//437
f 2456//437 2458//437 2457//437
f 2457//438 2458//438 2461//438
f 2457//438 2461//438 2454//438
usemtl lens_rim
f 2462//291 2463//439 2464//440
f 2462//291 2464//440 2465//294
f 2465//294 2464//440 2466//290
f 2465//294 2466//290 2467//290
f 2467//290 2466//290 2468//441
f 2467//290 2468//441 2469//296
f 2469//296 2468//441 2470//442
f 2469//296 2470//442 2471//298
f 2471//298 2470//442 2472//443
f 2471//298 2472//443 2473//300
f 2473//300 2472//443 2474//289
f 2473//300 2474//289 2475//289
f 2475//289 2474//289 2476//444
f 2475//289 2476//444 2477//302
f 2477//302 2476//444 2463//439
f 2477//302 2463//439 2462//291
f 2463//439 2478//445 2479//446
f 2463//439 2479//446 2464//440
f 2464//440 2479//446 2480//290
f 2464//440 2480//290 2466//290
f 2466//290 2480//290 2481//447
f 2466//290 2481//447 2468//441
f 2468//441 2481//447 2482//448
f 2468//441 2482//448 2470//442
f 2470//442 2482//448 2483//449
f 2470//442 2483//449 2472//443
f 2472//443 2483//449 2484//289
f 2472//443 2484//289 2474//289
f 2474//289 2484//289 2485//450
f 2474//289 2485//450 2476//444
f 2476//444 2485//450 2478//445
f 2476//444 2478//445 2463//439
f 2478//445 2486//451 2487//452
f 2478//445 2487//452 2479//446
f 2479//446 2487//452 2488//290
f 2479//446 2488//290 2480//290
f 2480//290 2488//290 2489//453
f 2480//290 2489//453 2481//447
f 2481//447 2489//453 2490//454
f 2481//447 2490//454 2482//448
f 2482//448 2490//454 2491//455
f 2482//448 2491//455 2483//449
f 2483//449 2491//455 2492//289
f 2483//449 2492//289 2484//289
f 2484//289 2492//289 2493//456
f 2484//289 2493//456 2485//450
f 2485//450 2493//456 2486//451
f 2485//450 2486//451 2478//445
f 2486//451 2494//457 2495//458
f 2486//451 2495//458 2487//452
f 2487//452 2495//458 2496//290
f 2487//452 2496//290 2488//290
f 2488//290 2496//290 2497//459
f 2488//290 2497//459 2489//453
f 2489//453 2497//459 2498//460
f 2489//453 2498//460 2490//454
f 2490//454 2498//460 2499//461
f 2490//454 2499//461 2491//455
f 2491//455 2499//461 2500//289
f 2491//455 2500//289 2492//289
f 2492//289 2500//289 2501//462
f 2492//289 2501//462 2493//456
f 2493//456 2501//462 2494//457
f 2493//456 2494//457 2486//451
f 2494//457 2502//327 2503//328
f 2494//457 2503//328 2495//458
f 2495//458 2503//328 2504//290
f 2495//458 2504//290 2496//290
f 2496//290 2504//290 2505//329
f 2496//290 2505//329 2497//459
f 2497//459 2505//329 2506//330
f 2497//459 2506//330 2498//460
f 2498//460 2506//330 2507//331
f 2498//460 2507//331 2499//461
f 2499//461 2507//331 2508//289
f 2499//461 2508//289 2500//289
f 2500//289 2508//289 2509//332
f 2500//289 2509//332 2501//462
f 2501//462 2509//332 2502//327
f 2501//462 2502//327 2494//457
f 2502//327 2510//463 2511//464
f 2502//327 2511//464 2503//328
f 2503//328 2511//464 2512//290
f 2503//328 2512//290 2504//290
f 2504//290 2512//290 2513//465
f 2504//290 2513//465 2505//329
f 2505//329 2513//465 2514//466
f 2505//329 2514//466 2506//330
f 2506//330 2514//466 2515//467
f 2506//330 2515//467 2507//331
f 2507//331 2515//467 2516//289
f 2507//331 2516//289 2508//289
f 2508//289 2516//289 2517//468
f 2508//289 2517//468 2509//332
f 2509//332 2517//468 2510//463
f 2509//332 2510//463 2502//327
f 2510//463 2518//469 2519//470
f 2510//463 2519//470 2511//464
f 2511//464 2519//470 2520//290
f 2511//464 2520//290 2512//290
f 2512//290 2520//290 2521//471
f 2512//290 2521//471 2513//465
f 2513//465 2521//471 2522//472
f 2513//465 2522//472 2514//466
f 2514//466 2522//472 2523//473
f 2514//466 2523//473 2515//467
f 2515//467 2523//473 2524//289
f 2515//467 2524//289 2516//289
f 2516//289 2524//289 2525//474
f 2516//289 2525//474 2517//468
f 2517//468 2525//474 2518//469
f 2517//468 2518//469 2510//463
f 2518//469 2526//475 2527//476
f 2518//469 2527//476 2519//470
f 2519//470 2527//476 2528//290
f 2519//470 2528//290 2520//290
f 2520//290 2528//290 2529//477
f 2520//290 2529//477 2521//471
f 2521//471 2529//477 2530//478
f 2521//471 2530//478 2522//472
f 2522//472 2530//478 2531//479
f 2522//472 2531//479 2523//473
f 2523//473 2531//479 2532//289
f 2523//473 2532//289 2524//289
f 2524//289 2532//289 2533//480
f 2524//289 2533//480 2525//474
f 2525//474 2533//480 2526//475
f 2525//474 2526//475 2518//469
f 2526//475 2534//481 2535//482
f 2526//475 2535//482 2527//476
f 2527//476 2535//482 2536//290
f 2527//476 2536//290 2528//290
f 2528//290 2536//290 2537//483
f 2528//290 2537//483 2529//477
f 2529//477 2537//483 2538//484
f 2529//477 2538//484 2530//478
f 2530//478 2538//484 2539//485
f 2530//478 2539//485 2531//479
f 2531//479 2539//485 2540//289
f 2531//479 2540//289 2532//289
f 2532//289 2540//289 2541//486
f 2532//289 2541//486 2533//480
f 2533//480 2541//486 2534//481
f 2533//480 2534//481 2526//475
f 2534//481 2542//363 2543//364
f 2534//481 2543//364 2535//482
f 2535//482 2543//364 2544//290
f 2535//482 2544//290 2536//290
f 2536//290 2544//290 2545//365
f 2536//290 2545//365 2537//483
f 2537//483 2545//365 2546//366
f 2537//483 2546//366 2538//484
f 2538//484 2546//366 2547//367
f 2538//484 2547//367 2539//485
f 2539//485 2547//367 2548//289
f 2539//485 2548//289 2540//289
f 2540//289 2548//289 2549//368
f 2540//289 2549//368 2541//486
f 2541//486 2549//368 2542//363
f 2541//486 2542//363 2534//481
f 2542//363 2550//487 2551//488
f 2542//363 2551//488 2543//364
f 2543//364 2551//488 2552//290
f 2543//364 2552//290 2544//290
f 2544//290 2552//290 2553//489
f 2544//290 2553//489 2545//365
f 2545//365 2553//489 2554//490
f 2545//365 2554//490 2546//366
f 2546//366 2554//490 2555//491
f 2546//366 2555//491 2547//367
f 2547//367 2555//491 2556//289
f 2547//367 2556//289 2548//289
f 2548//289 2556//289 2557//492
f 2548//289 2557//492 2549//368
f 2549//368 2557//492 2550//487
f 2549//368 2550//487 2542//363
f 2550//487 2558//493 2559//494
f 2550//487 2559//494 2551//488
f 2551//488 2559//494 2560//290
f 2551//488 2560//290 2552//290
f 2552//290 2560//290 2561//495
f 2552//290 2561//495 2553//489
f 2553//489 2561//495 2562//496
f 2553//489 2562//496 2554//490
f 2554//490 2562//496 2563//497
f 2554//490 2563//497 2555//491
f 2555//491 2563//497 2564//289
f 2555//491 2564//289 2556//289
f 2556//289 2564//289 2565//498
f 2556//289 2565//498 2557//492
f 2557//492 2565//498 2558//493
f 2557//492 2558//493 2550//487
f 2558//493 2566//499 2567//500
f 2558//493 2567//500 2559//494
f 2559//494 2567//500 2568//290
f 2559//494 2568//290 2560//290
f 2560//290 2568//290 2569//501
f 2560//290 2569//501 2561//495
f 2561//495 2569//501 2570//502
f 2561//495 2570//502 2562//496
f 2562//496 2570//502 2571//503
f 2562//496 2571//503 2563//497
f 2563//497 2571//503 2572//289
f 2563//497 2572//289 2564//289
f 2564//289 2572//289 2573//504
f 2564//289 2573//504 2565//498
f 2565//498 2573//504 2566//499
f 2565//498 2566//499 2558//493
f 2566//499 2574//505 2575//506
f 2566//499 2575//506 2567//500
f 2567//500 2575//506 2576//290
f 2567//500 2576//290 2568//290
f 2568//290 2576//290 2577//507
f 2568//290 2577//507 2569//501
f 2569//501 2577//507 2578//508
f 2569//501 2578//508 2570//502
f 2570//502 2578//508 2579//509
f 2570//502 2579//509 2571//503
f 2571//503 2579//509 2580//289
f 2571//503 2580//289 2572//289
f 2572//289 2580//289 2581//510
f 2572//289 2581//510 2573//504
f 2573//504 2581//510 2574//505
f 2573//504 2574//505 2566//499
f 2574//505 2582//399 2583//400
f 2574//505 2583//400 2575//506
f 2575//506 2583//400 2584//290
f 2575//506 2584//290 2576//290
f 2576//290 2584//290 2585//401
f 2576//290 2585//401 2577//507
f 2577//507 2585//401 2586//402
f 2577//507 2586//402 2578//508
f 2578//508 2586//402 2587//403
f 2578//508 2587//403 2579//509
f 2579//509 2587//403 2588//289
f 2579//509 2588//289 2580//289
f 2580//289 2588//289 2589//404
f 2580//289 2589//404 2581//510
f 2581//510 2589//404 2582//399
f 2581//510 2582//399 2574//505
f 2582//399 2590//511 2591//512
f 2582//399 2591//512 2583//400
f 2583//400 2591//512 2592//290
f 2583//400 2592//290 2584//290
f 2584//290 2592//290 2593//513
f 2584//290 2593//513 2585//401
f 2585//401 2593//513 2594//514
f 2585//401 2594//514 2586//402
f 2586//402 2594//514 2595//515
f 2586//402 2595//515 2587//403
f 2587//403 2595//515 2596//289
f 2587//403 2596//289 2588//289
f 2588//289 2596//289 2597//516
f 2588//289 2597//516 2589//404
f 2589//404 2597//516 2590//511
f 2589//404 2590//511 2582//399
f 2590//511 2598//517 2599//518
f 2590//511 2599//518 2591//512
f 2591//512 2599//518 2600//290
f 2591//512 2600//290 2592//290
f 2592//290 2600//290 2601//519
f 2592//290 2601//519 2593//513
f 2593//513 2601//519 2602//520
f 2593//513 2602//520 2594//514
f 2594//514 2602//520 2603//521
f 2594//514 2603//521 2595//515
f 2595//515 2603//521 2604//289
f 2595//515 2604//289 2596//289
f 2596//289 2604//289 2605//522
f 2596//289 2605//522 2597//516
f 2597//516 2605//522 2598//517
f 2597//516 2598//517 2590//511
f 2598//517 2606//523 2607//524
f 2598//517 2607//524 2599//518
f 2599//518 2607//524 2608//290
f 2599//518 2608//290 2600//290
f 2600//290 2608//290 2609//525
f 2600//290 2609//525 2601//519
f 2601//519 2609//525 2610//526
f 2601//519 2610//526 2602//520
f 2602//520 2610//526 2611//527
f 2602//520 2611//527 2603//521
f 2603//521 2611//527 2612//289
f 2603//521 2612//289 2604//289
f 2604//289 2612//289 2613//528
f 2604//289 2613//528 2605//522
f 2605//522 2613//528 2606//523
f 2605//522 2606//523 2598//517
f 2606//523 2614//529 2615//530
f 2606//523 2615//530 2607//524
f 2607//524 2615//530 2616//290
f 2607//524 2616//290 2608//290
f 2608//290 2616//290 2617//531
f 2608//290 2617//531 2609//525
f 2609//525 2617//531 2618//532
f 2609//525 2618//532 2610//526
f 2610//526 2618//532 2619//533
f 2610//526 2619//533 2611//527
f 2611//527 2619//533 2620//289
f 2611//527 2620//289 2612//289
f 2612//289 2620//289 2621//534
f 2612//289 2621//534 2613//528
f 2613//528 2621//534 2614//529
f 2613//528 2614//529 2606//523
f 2614//529 2622//298 2623//296
f 2614//529 2623//296 2615//530
f 2615//530 2623//296 2624//290
f 2615//530 2624//290 2616//290
f 2616//290 2624//290 2625//294
f 2616//290 2625//294 2617//531
f 2617//531 2625//294 2626//291
f 2617//531 2626//291 2618//532
f 2618//532 2626//291 2627//302
f 2618//532 2627//302 2619//533
f 2619//533 2627//302 2628//289
f 2619//533 2628//289 2620//289
f 2620//289 2628//289 2629//300
f 2620//289 2629//300 2621//534
f 2621//534 2629//300 2622//298
f 2621//534 2622//298 2614//529
f 2622//298 2630//442 2631//441
f 2622//298 2631//441 2623//296
f 2623//296 2631//441 2632//290
f 2623//296 2632//290 2624//290
f 2624//290 2632//290 2633//440
f 2624//290 2633//440 2625//294
f 2625//294 2633//440 2634//439
f 2625//294 2634//439 2626//291
f 2626//291 2634//439 2635//444
f 2626//291 2635//444 2627//302
f 2627//302 2635//444 2636//289
f 2627//302 2636//289 2628//289
f 2628//289 2636//289 2637//443
f 2628//289 2637//443 2629//300
f 2629//300 2637//443 2630//442
f 2629//300 2630//442 2622//298
f 2630//442 2638//448 2639//447
f 2630//442 2639//447 2631//441
f 2631//441 2639//447 2640//290
f 2631//441 2640//290 2632//290
f 2632//290 2640//290 2641//446
f 2632//290 2641//446 2633//440
f 2633//440 2641//446 2642//445
f 2633//440 2642//445 2634//439
f 2634//439 2642//445 2643//450
f 2634//439 2643//450 2635//444
f 2635//444 2643//450 2644//289
f 2635//444 2644//289 2636//289
f 2636//289 2644//289 2645//449
f 2636//289 2645//449 2637//443
f 2637//443 2645//449 2638//448
f 2637//443 2638//448 2630//442
f 2638//448 2646//454 2647//453
f 2638//448 2647//453 2639//447
f 2639//447 2647//453 2648//290
f 2639//447 2648//290 2640//290
f 2640//290 2648//290 2649//452
f 2640//290 2649//452 2641//446
f 2641//446 2649//452 2650//451
f 2641//446 2650//451 2642//445
f 2642//445 2650//451 2651//456
f 2642//445 2651//456 2643//450
f 2643//450 2651//456 2652//289
f 2643//450 2652//289 2644//289
f 2644//289 2652//289 2653//455
f 2644//289 2653//455 2645//449
f 2645//449 2653//455 2646//454
f 2645//449 2646//454 2638//448
f 2646//454 2654//460 2655//459
f 2646//454 2655//459 2647//453
f 2647//453 2655//459 2656//290
f 2647//453 2656//290 2648//290
f 2648//290 2656//290 2657//458
f 2648//290 2657//458 2649//452
f 2649//452 2657//458 2658//457
f 2649//452 2658//457 2650//451
f 2650//451 2658//457 2659//462
f 2650//451 2659//462 2651//456
f 2651//456 2659//462 2660//289
f 2651//456 2660//289 2652//289
f 2652//289 2660//289 2661//461
f 2652//289 2661//461 2653//455
f 2653//455 2661//461 2654//460
f 2653//455 2654//460 2646//454
f 2654//460 2662//330 2663//329
f 2654//460 2663//329 2655//459
f 2655//459 2663//329 2664//290
f 2655//459 2664//290 2656//290
f 2656//290 2664//290 2665//328
f 2656//290 2665//328 2657//458
f 2657//458 2665//328 2666//327
f 2657//458 2666//327 2658//457
f 2658//457 2666//327 2667//332
f 2658//457 2667//332 2659//462
f 2659//462 2667//332 2668//289
f 2659//462 2668//289 2660//289
f 2660//289 2668//289 2669//331
f 2660//289 2669//331 2661//461
f 2661//461 2669//331 2662//330
f 2661//461 2662//330 2654//460
f 2662//330 2670//466 2671//465
f 2662//330 2671//465 2663//329
f 2663//329 2671//465 2672//290
f 2663//329 2672//290 2664//290
f 2664//290 2672//290 2673//464
f 2664//290 2673//464 2665//328
f 2665//328 2673//464 2674//463
f 2665//328 2674//463 2666//327
f 2666//327 2674//463 2675//468
f 2666//327 2675//468 2667//332
f 2667//332 2675//468 2676//289
f 2667//332 2676//289 2668//289
f 2668//289 2676//289 2677//467
f 2668//289 2677//467 2669//331
f 2669//331 2677//467 2670//466
f 2669//331 2670//466 2662//330
f 2670//466 2678//472 2679//471
f 2670//466 2679//471 2671//465
f 2671//465 2679//471 2680//290
f 2671//465 2680//290 2672//290
f 2672//290 2680//290 2681//470
f 2672//290 2681//470 2673//464
f 2673//464 2681//470 2682//469
f 2673//464 2682//469 2674//463
f 2674//463 2682//469 2683//474
f 2674//463 2683//474 2675//468
f 2675//468 2683//474 2684//289
f 2675//468 2684//289 2676//289
f 2676//289 2684//289 2685//473
f 2676//289 2685//473 2677//467
f 2677//467 2685//473 2678//472
f 2677//467 2678//472 2670//466
f 2678//472 2686//478 2687//477
f 2678//472 2687//477 2679//471
f 2679//471 2687//477 2688//290
f 2679//471 2688//290 2680//290
f 2680//290 2688//290 2689//476
f 2680//290 2689//476 2681//470
f 2681//470 2689//476 2690//475
f 2681//470 2690//475 2682//469
f 2682//469 2690//475 2691//480
f 2682//469 2691//480 2683//474
f 2683//474 2691//480 2692//289
f 2683//474 2692//289 2684//289
f 2684//289 2692//289 2693//479
f 2684//289 2693//479 2685//473
f 2685//473 2693//479 2686//478
f 2685//473 2686//478 2678//472
f 2686//478 2694//484 2695//483
f 2686//478 2695//483 2687//477
f 2687//477 2695//483 2696//290
f 2687//477 2696//290 2688//290
f 2688//290 2696//290 2697//482
f 2688//290 2697//482 2689//476
f 2689//476 2697//482 2698//481
f 2689//476 2698//481 2690//475
f 2690//475 2698//481 2699//486
f 2690//475 2699//486 2691//480
f 2691//480 2699//486 2700//289
f 2691//480 2700//289 2692//289
f 2692//289 2700//289 2701//485
f 2692//289 2701//485 2693//479
f 2693//479 2701//485 2694//484
f 2693//479 2694//484 2686//478
f 2694//484 2702//366 2703//365
f 2694//484 2703//365 2695//483
f 2695//483 2703//365 2704//290
f 2695//483 2704//290 2696//290
f 2696//290 2704//290 2705//364
f 2696//290 2705//364 2697//482
f 2697//482 2705//364 2706//363
f 2697//482 2706//363 2698//481
f 2698//481 2706//363 2707//368
f 2698//481 2707//368 2699//486
f 2699//486 2707//368 2708//289
f 2699//486 2708//289 2700//289
f 2700//289 2708//289 2709//367
f 2700//289 2709//367 2701//485
f 2701//485 2709//367 2702//366
f 2701//485 2702//366 2694//484
f 2702//366 2710//490 2711//489
f 2702//366 2711//489 2703//365
f 2703//365 2711//489 2712//290
f 2703//365 2712//290 2704//290
f 2704//290 2712//290 2713//488
f 2704//290 2713//488 2705//364
f 2705//364 2713//488 2714//487
f 2705//364 2714//487 2706//363
f 2706//363 2714//487 2715//492
f 2706//363 2715//492 2707//368
f 2707//368 2715//492 2716//289
f 2707//368 2716//289 2708//289
f 2708//289 2716//289 2717//491
f 2708//289 2717//491 2709//367
f 2709//367 2717//491 2710//490
f 2709//367 2710//490 2702//366
f 2710//490 2718//496 2719//495
f 2710//490 2719//495 2711//489
f 2711//489 2719//495 2720//290
f 2711//489 2720//290 2712//290
f 2712//290 2720//290 2721//494
f 2712//290 2721//494 2713//488
f 2713//488 2721//494 2722//493
f 2713//488 2722//493 2714//487
f 2714//487 2722//493 2723//498
f 2714//487 2723//498 2715//492
f 2715//492 2723//498 2724//289
f 2715//492 2724//289 2716//289
f 2716//289 2724//289 2725//497
f 2716//289 2725//497 2717//491
f 2717//491 2725//497 2718//496
f 2717//491 2718//496 2710//490
f 2718//496 2726//502 2727//501
f 2718//496 2727//501 2719//495
f 2719//495 2727//501 2728//290
f 2719//495 2728//290 2720//290
f 2720//290 2728//290 2729//500
f 2720//290 2729//500 2721//494
f 2721//494 2729//500 2730//499
f 2721//494 2730//499 2722//493
f 2722//493 2730//499 2731//504
f 2722//493 2731//504 2723//498
f 2723//498 2731//504 2732//289
f 2723//498 2732//289 2724//289
f 2724//289 2732//289 2733//503
f 2724//289 2733//503 2725//497
f 2725//497 2733//503 2726//502
f 2725//497 2726//502 2718//496
f 2726//502 2734//508 2735//507
f 2726//502 2735//507 2727//501
f 2727//501 2735//507 2736//290
f 2727//501 2736//290 2728//290
f 2728//290 2736//290 2737//506
f 2728//290 2737//506 2729//500
f 2729//500 2737//506 2738//505
f 2729//500 2738//505 2730//499
f 2730//499 2738//505 2739//510
f 2730//499 2739//510 2731//504
f 2731//504 2739//510 2740//289
f 2731//504 2740//289 2732//289
f 2732//289 2740//289 2741//509
f 2732//289 2741//509 2733//503
f 2733//503 2741//509 2734//508
f 2733//503 2734//508 2726//502
f 2734//508 2742//402 2743//401
f 2734//508 2743//401 2735//507
f 2735//507 2743//401 2744//290
f 2735//507 2744//290 2736//290
f 2736//290 2744//290 2745//400
f 2736//290 2745//400 2737//506
f 2737//506 2745//400 2746//399
f 2737//506 2746//399 2738//505
f 2738//505 2746//399 2747//404
f 2738//505 2747//404 2739//510
f 2739//510 2747//404 2748//289
f 2739//510 2748//289 2740//289
f 2740//289 2748//289 2749//403
f 2740//289 2749//403 2741//509
f 2741//509 2749//403 2742//402
f 2741//509 2742//402 2734//508
f 2742//402 2750//514 2751//513
f 2742//402 2751//513 2743//401
f 2743//401 2751//513 2752//290
f 2743//401 2752//290 2744//290
f 2744//290 2752//290 2753//512
f 2744//290 2753//512 2745//400
f 2745//400 2753//512 2754//511
f 2745//400 2754//511 2746//399
f 2746//399 2754//511 2755//516
f 2746//399 2755//516 2747//404
f 2747//404 2755//516 2756//289
f 2747//404 2756//289 2748//289
f 2748//289 2756//289 2757//515
f 2748//289 2757//515 2749//403
f 2749//403 2757//515 2750//514
f 2749//403 2750//514 2742//402
f 2750//514 2758//520 2759//519
f 2750//514 2759//519 2751//513
f 2751//513 2759//519 2760//290
f 2751//513 2760//290 2752//290
f 2752//290 2760//290 2761//518
f 2752//290 2761//518 2753//512
f 2753//512 2761//518 2762//517
f 2753//512 2762//517 2754//511
f 2754//511 2762//517 2763//522
f 2754//511 2763//522 2755//516
f 2755//516 2763//522 2764//289
f 2755//516 2764//289 2756//289
f 2756//289 2764//289 2765//521
f 2756//289 2765//521 2757//515
f 2757//515 2765//521 2758//520
f 2757//515 2758//520 2750//514
f 2758//520 2766//526 2767//525
f 2758//520 2767//525 2759//519
f 2759//519 2767//525 2768//290
f 2759//519 2768//290 2760//290
f 2760//290 2768//290 2769//524
f 2760//290 2769//524 2761//518
f 2761//518 2769//524 2770//523
f 2761//518 2770//523 2762//517
f 2762//517 2770//523 2771//528
f 2762//517 2771//528 2763//522
f 2763//522 2771//528 2772//289
f 2763//522 2772//289 2764//289
f 2764//289 2772//289 2773//527
f 2764//289 2773//527 2765//521
f 2765//521 2773//527 2766//526
f 2765//521 2766//526 2758//520
f 2766//526 2774//532 2775//531
f 2766//526 2775//531 2767//525
f 2767//525 2775//531 2776//290
f 2767//525 2776//290 2768//290
f 2768//290 2776//290 2777//530
f 2768//290 2777//530 2769//524
f 2769//524 2777//530 2778//529
f 2769//524 2778//529 2770//523
f 2770//523 2778//529 2779//534
f 2770//523 2779//534 2771//528
f 2771//528 2779//534 2780//289
f 2771//528 2780//289 2772//289
f 2772//289 2780//289 2781//533
f 2772//289 2781//533 2773//527
f 2773//527 2781//533 2774//532
f 2773//527 2774//532 2766//526
f 2774//532 2462//291 2465//294
f 2774//532 2465//294 2775//531
f 2775//531 2465//294 2467//290
f 2775//531 2467//290 2776//290
f 2776//290 2467//290 2469//296
f 2776//290 2469//296 2777//530
f 2777//530 2469//296 2471//298
f 2777//530 2471//298 2778//529
f 2778//529 2471//298 2473//300
f 2778//529 2473//300 2779//534
f 2779//534 2473//300 2475//289
f 2779//534 2475//289 2780//289
f 2780//289 2475//289 2477//302
f 2780//289 2477//302 2781//533
f 2781//533 2477//302 2462//291
f 2781//533 2462//291 2774//532
usemtl metal_highlight
f 2782//291 2783//439 2784//440
f 2782//291 2784//440 2785//294
f 2785//294 2784//440 2786//290
f 2785//294 2786//290 2787//290
f 2787//290 2786//290 2788//441
f 2787//290 2788//441 2789//296
f 2789//296 2788//441 2790//442
f 2789//296 2790//442 2791//298
f 2791//298 2790//442 2792//443
f 2791//298 2792//443 2793//300
f 2793//300 2792//443 2794//289
f 2793//300 2794//289 2795//289
f 2795//289 2794//289 2796//444
f 2795//289 2796//444 2797//302
f 2797//302 2796//444 2783//439
f 2797//302 2783//439 2782//291
f 2783//439 2798//445 2799//446
f 2783//439 2799//446 2784//440
f 2784//440 2799//446 2800//290
f 2784//440 2800//290 2786//290
f 2786//290 2800//290 2801//447
f 2786//290 2801//447 2788//441
f 2788//441 2801//447 2802//448
f 2788//441 2802//448 2790//442
f 2790//442 2802//448 2803//449
f 2790//442 2803//449 2792//443
f 2792//443 2803//449 2804//289
f 2792//443 2804//289 2794//289
f 2794//289 2804//289 2805//450
f 2794//289 2805//450 2796//444
f 2796//444 2805//450 2798//445
f 2796//444 2798//445 2783//439
f 2798//445 2806//451 2807//452
f 2798//445 2807//452 2799//446
f 2799//446 2807//452 2808//290
f 2799//446 2808//290 2800//290
f 2800//290 2808//290 2809//453
f 2800//290 2809//453 2801//447
f 2801//447 2809//453 2810//454
f 2801//447 2810//454 2802//448
f 2802//448 2810//454 2811//455
f 2802//448 2811//455 2803//449
f 2803//449 2811//455 2812//289
f 2803//449 2812//289 2804//289
f 2804//289 2812//289 2813//456
f 2804//289 2813//456 2805//450
f 2805//450 2813//456 2806//451
f 2805//450 2806//451 2798//445
f 2806//451 2814//457 2815//458
f 2806//451 2815//458 2807//452
f 2807//452 2815//458 2816//290
f 2807//452 2816//290 2808//290
f 2808//290 2816//290 2817//459
f 2808//290 2817//459 2809//453
f 2809//453 2817//459 2818//460
f 2809//453 2818//460 2810//454
f 2810//454 2818//460 2819//461
f 2810//454 2819//461 2811//455
f 2811//455 2819//461 2820//289
f 2811//455 2820//289 2812//289
f 2812//289 2820//289 2821//462
f 2812//289 2821//462 2813//456
f 2813//456 2821//462 2814//457
f 2813//456 2814//457 2806//451
f 2814//457 2822//327 2823//328
f 2814//457 2823//328 2815//458
f 2815//458 2823//328 2824//290
f 2815//458 2824//290 2816//290
f 2816//290 2824//290 2825//329
f 2816//290 2825//329 2817//459
f 2817//459 2825//329 2826//330
f 2817//459 2826//330 2818//460
f 2818//460 2826//330 2827//331
f 2818//460 2827//331 2819//461
f 2819//461 2827//331 2828//289
f 2819//461 2828//289 2820//289
f 2820//289 2828//289 2829//332
f 2820//289 2829//332 2821//462
f 2821//462 2829//332 2822//327
f 2821//462 2822//327 2814//457
f 2822//327 2830//463 2831//464
f 2822//327 2831//464 2823//328
f 2823//328 2831//464 2832//290
f 2823//328 2832//290 2824//290
f 2824//290 2832//290 2833//465
f 2824//290 2833//465 2825//329
f 2825//329 2833//465 2834//466
f 2825//329 2834//466 2826//330
f 2826//330 2834//466 2835//467
f 2826//330 2835//467 2827//331
f 2827//331 2835//467 2836//289
f 2827//331 2836//289 2828//289
f 2828//289 2836//289 2837//468
f 2828//289 2837//468 2829//332
f 2829//332 2837//468 2830//463
f 2829//332 2830//463 2822//327
f 2830//463 2838//469 2839//470
f 2830//463 2839//470 2831//464
f 2831//464 2839//470 2840//290
f 2831//464 2840//290 2832//290
f 2832//290 2840//290 2841//471
f 2832//290 2841//471 2833//465
f 2833//465 2841//471 2842//472
f 2833//465 2842//472 2834//466
f 2834//466 2842//472 2843//473
f 2834//466 2843//473 2835//467
f 2835//467 2843//473 2844//289
f 2835//467 2844//289 2836//289
f 2836//289 2844//289 2845//474
f 2836//289 2845//474 2837//468
f 2837//468 2845//474 2838//469
f 2837//468 2838//469 2830//463
f 2838//469 2846//475 2847//476
f 2838//469 2847//476 2839//470
f 2839//470 2847//476 2848//290
f 2839//470 2848//290 2840//290
f 2840//290 2848//290 2849//477
f 2840//290 2849//477 2841//471
f 2841//471 2849//477 2850//478
f 2841//471 2850//478 2842//472
f 2842//472 2850//478 2851//479
f 2842//472 2851//479 2843//473
f 2843//473 2851//479 2852//289
f 2843//473 2852//289 2844//289
f 2844//289 2852//289 2853//480
f 2844//289 2853//480 2845//474
f 2845//474 2853//480 2846//475
f 2845//474 2846//475 2838//469
f 2846//475 2854//481 2855//482
f 2846//475 2855//482 2847//476
f 2847//476 2855//482 2856//290
f 2847//476 2856//290 2848//290
f 2848//290 2856//290 2857//483
f 2848//290 2857//483 2849//477
f 2849//477 2857//483 2858//484
f 2849//477 2858//484 2850//478
f 2850//478 2858//484 2859//485
f 2850//478 2859//485 2851//479
f 2851//479 2859//485 2860//289
f 2851//479 2860//289 2852//289
f 2852//289 2860//289 2861//486
f 2852//289 2861//486 2853//480
f 2853//480 2861//486 2854//481
f 2853//480 2854//481 2846//475
f 2854//481 2862//363 2863//364
f 2854//481 2863//364 2855//482
f 2855//482 2863//364 2864//290
f 2855//482 2864//290 2856//290
f 2856//290 2864//290 2865//365
f 2856//290 2865//365 2857//483
f 2857//483 2865//365 2866//366
f 2857//483 2866//366 2858//484
f 2858//484 2866//366 2867//367
f 2858//484 2867//367 2859//485
f 2859//485 2867//367 2868//289
f 2859//485 2868//289 2860//289
f 2860//289 2868//289 2869//368
f 2860//289 2869//368 2861//486
f 2861//486 2869//368 2862//363
f 2861//486 2862//363 2854//481
f 2862//363 2870//487 2871//488
f 2862//363 2871//488 2863//364
f 2863//364 2871//488 2872//290
f 2863//364 2872//290 2864//290
f 2864//290 2872//290 2873//489
f 2864//290 2873//489 2865//365
f 2865//365 2873//489 2874//490
f 2865//365 2874//490 2866//366
f 2866//366 2874//490 2875//491
f 2866//366 2875//491 2867//367
f 2867//367 2875//491 2876//289
f 2867//367 2876//289 2868//289
f 2868//289 2876//289 2877//492
f 2868//289 2877//492 2869//368
f 2869//368 2877//492 2870//487
f 2869//368 2870//487 2862//363
f 2870//487 2878//493 2879//494
f 2870//487 2879//494 2871//488
f 2871//488 2879//494 2880//290
f 2871//488 2880//290 2872//290
f 2872//290 2880//290 2881//495
f 2872//290 2881//495 2873//489
f 2873//489 2881//495 2882//496
f 2873//489 2882//496 2874//490
f 2874//490 2882//496 2883//497
f 2874//490 2883//497 2875//491
f 2875//491 2883//497 2884//289
f 2875//491 2884//289 2876//289
f 2876//289 2884//289 2885//498
f 2876//289 2885//498 2877//492
f 2877//492 2885//498 2878//493
f 2877//492 2878//493 2870//487
f 2878//493 2886//499 2887//500
f 2878//493 2887//500 2879//494
f 2879//494 2887//500 2888//290
f 2879//494 2888//290 2880//290
f 2880//290 2888//290 2889//501
f 2880//290 2889//501 2881//495
f 2881//495 2889//501 2890//502
f 2881//495 2890//502 2882//496
f 2882//496 2890//502 2891//503
f 2882//496 2891//503 2883//497
f 2883//497 2891//503 2892//289
f 2883//497 2892//289 2884//289
f 2884//289 2892//289 2893//504
f 2884//289 2893//504 2885//498
f 2885//498 2893//504 2886//499
f 2885//498 2886//499 2878//493
f 2886//499 2894//505 2895//506
f 2886//499 2895//506 2887//500
f 2887//500 2895//506 2896//290
f 2887//500 2896//290 2888//290
f 2888//290 2896//290 2897//507
f 2888//290 2897//507 2889//501
f 2889//501 2897//507 2898//508
f 2889//501 2898//508 2890//502
f 2890//502 2898//508 2899//509
f 2890//502 2899//509 2891//503
f 2891//503 2899//509 2900//289
f 2891//503 2900//289 2892//289
f 2892//289 2900//289 2901//510
f 2892//289 2901//510 2893//504
f 2893//504 2901//510 2894//505
f 2893//504 2894//505 2886//499
f 2894//505 2902//399 2903//400
f 2894//505 2903//400 2895//506
f 2895//506 2903//400 2904//290
f 2895//506 2904//290 2896//290
f 2896//290 2904//290 2905//401
f 2896//290 2905//401 2897//507
f 2897//507 2905//401 2906//402
f 2897//507 2906//402 2898//508
f 2898//508 2906//402 2907//403
f 2898//508 2907//403 2899//509
f 2899//509 2907//403 2908//289
f 2899//509 2908//289 2900//289
f 2900//289 2908//289 2909//404
f 2900//289 2909//404 2901//510
f 2901//510 2909//404 2902//399
f 2901//510 2902//399 2894//505
f 2902//399 2910//511 2911//512
f 2902//399 2911//512 2903//400
f 2903//400 2911//512 2912//290
f 2903//400 2912//290 2904//290
f 2904//290 2912//290 2913//513
f 2904//290 2913//513 2905//401
f 2905//401 2913//513 2914//514
f 2905//401 2914//514 2906//402
f 2906//402 2914//514 2915//515
f 2906//402 2915//515 2907//403
f 2907//403 2915//515 2916//289
f 2907//403 2916//289 2908//289
f 2908//289 2916//289 2917//516
f 2908//289 2917//516 2909//404
f 2909//404 2917//516 2910//511
f 2909//404 2910//511 2902//399
f 2910//511 2918//517 2919//518
f 2910//511 2919//518 2911//512
f 2911//512 2919//518 2920//290
f 2911//512 2920//290 2912//290
f 2912//290 2920//290 2921//519
f 2912//290 2921//519 2913//513
f 2913//513 2921//519 2922//520
f 2913//513 2922//520 2914//514
f 2914//514 2922//520 2923//521
f 2914//514 2923//521 2915//515
f 2915//515 2923//521 2924//289
f 2915//515 2924//289 2916//289
f 2916//289 2924//289 2925//522
f 2916//289 2925//522 2917//516
f 2917//516 2925//522 2918//517
f 2917//516 2918//517 2910//511
f 2918//517 2926//523 2927//524
f 2918//517 2927//524 2919//518
f 2919//518 2927//524 2928//290
f 2919//518 2928//290 2920//290
f 2920//290 2928//290 2929//525
f 2920//290 2929//525 2921//519
f 2921//519 2929//525 2930//526
f 2921//519 2930//526 2922//520
f 2922//520 2930//526 2931//527
f 2922//520 2931//527 2923//521
f 2923//521 2931//527 2932//289
f 2923//521 2932//289 2924//289
f 2924//289 2932//289 2933//528
f 2924//289 2933//528 2925//522
f 2925//522 2933//528 2926//523
f 2925//522 2926//523 2918//517
f 2926//523 2934//529 2935//530
f 2926//523 2935//530 2927//524
f 2927//524 2935//530 2936//290
f 2927//524 2936//290 2928//290
f 2928//290 2936//290 2937//531
f 2928//290 2937//531 2929//525
f 2929//525 2937//531 2938//532
f 2929//525 2938//532 2930//526
f 2930//526 2938//532 2939//533
f 2930//526 2939//533 2931//527
f 2931//527 2939//533 2940//289
f 2931//527 2940//289 2932//289
f 2932//289 2940//289 2941//534
f 2932//289 2941//534 2933//528
f 2933//528 2941//534 2934//529
f 2933//528 2934//529 2926//523
f 2934//529 2942//298 2943//296
f 2934//529 2943//296 2935//530
f 2935//530 2943//296 2944//290
f 2935//530 2944//290 2936//290
f 2936//290 2944//290 2945//294
f 2936//290 2945//294 2937//531
f 2937//531 2945//294 2946//291
f 2937//531 2946//291 2938//532
f 2938//532 2946//291 2947//302
f 2938//532 2947//302 2939//533
f 2939//533 2947//302 2948//289
f 2939//533 2948//289 2940//289
f 2940//289 2948//289 2949//300
f 2940//289 2949//300 2941//534
f 2941//534 2949//300 2942//298
f 2941//534 2942//298 2934//529
f 2942//298 2950//442 2951//441
f 2942//298 2951//441 2943//296
f 2943//296 2951//441 2952//290
f 2943//296 2952//290 2944//290
f 2944//290 2952//290 2953//440
f 2944//290 2953//440 2945//294
f 2945//294 2953//440 2954//439
f 2945//294 2954//439 2946//291
f 2946//291 2954//439 2955//444
f 2946//291 2955//444 2947//302
f 2947//302 2955//444 2956//289
f 2947//302 2956//289 2948//289
f 2948//289 2956//289 2957//443
f 2948//289 2957//443 2949//300
f 2949//300 2957//443 2950//442
f 2949//300 2950//442 2942//298
f 2950//442 2958//448 2959//447
f 2950//442 2959//447 2951//441
f 2951//441 2959//447 2960//290
f 2951//441 2960//290 2952//290
f 2952//290 2960//290 2961//446
f 2952//290 2961//446 2953//440
f 2953//440 2961//446 2962//445
f 2953//440 2962//445 2954//439
f 2954//439 2962//445 2963//450
f 2954//439 2963//450 2955//444
f 2955//444 2963//450 2964//289
f 2955//444 2964//289 2956//289
f 2956//289 2964//289 2965//449
f 2956//289 2965//449 2957//443
f 2957//443 2965//449 2958//448
f 2957//443 2958//448 2950//442
f 2958//448 2966//454 2967//453
f 2958//448 2967//453 2959//447
f 2959//447 2967//453 2968//290
f 2959//447 2968//290 2960//290
f 2960//290 2968//290 2969//452
f 2960//290 2969//452 2961//446
f 2961//446 2969//452 2970//451
f 2961//446 2970//451 2962//445
f 2962//445 2970//451 2971//456
f 2962//445 2971//456 2963//450
f 2963//450 2971//456 2972//289
f 2963//450 2972//289 2964//289
f 2964//289 2972//289 2973//455
f 2964//289 2973//455 2965//449
f 2965//449 2973//455 2966//454
f 2965//449 2966//454 2958//448
f 2966//454 2974//460 2975//459
f 2966//454 2975//459 2967//453
f 2967//453 2975//459 2976//290
f 2967//453 2976//290 2968//290
f 2968//290 2976//290 2977//458
f 2968//290 2977//458 2969//452
f 2969//452 2977//458 2978//457
f 2969//452 2978//457 2970//451
f 2970//451 2978//457 2979//462
f 2970//451 2979//462 2971//456
f 2971//456 2979//462 2980//289
f 2971//456 2980//289 2972//289
f 2972//289 2980//289 2981//461
f 2972//289 2981//461 2973//455
f 2973//455 2981//461 2974//460
f 2973//455 2974//460 2966//454
f 2974//460 2982//330 2983//329
f 2974//460 2983//329 2975//459
f 2975//459 2983//329 2984//290
f 2975//459 2984//290 2976//290
f 2976//290 2984//290 2985//328
f 2976//290 2985//328 2977//458
f 2977//458 2985//328 2986//327
f 2977//458 2986//327 2978//457
f 2978//457 2986//327 2987//332
f 2978//457 2987//332 2979//462
f 2979//462 2987//332 2988//289
f 2979//462 2988//289 2980//289
f 2980//289 2988//289 2989//331
f 2980//289 2989//331 2981//461
f 2981//461 2989//331 2982//330
f 2981//461 2982//330 2974//460
f 2982//330 2990//466 2991//465
f 2982//330 2991//465 2983//329
f 2983//329 2991//465 2992//290
f 2983//329 2992//290 2984//290
f 2984//290 2992//290 2993//464
f 2984//290 2993//464 2985//328
f 2985//328 2993//464 2994//463
f 2985//328 2994//463 2986//327
f 2986//327 2994//463 2995//468
f 2986//327 2995//468 2987//332
f 2987//332 2995//468 2996//289
f 2987//332 2996//289 2988//289
f 2988//289 2996//289 2997//467
f 2988//289 2997//467 2989//331
f 2989//331 2997//467 2990//466
f 2989//331 2990//466 2982//330
f 2990//466 2998//472 2999//471
f 2990//466 2999//471 2991//465
f 2991//465 2999//471 3000//290
f 2991//465 3000//290 2992//290
f 2992//290 3000//290 3001//470
f 2992//290 3001//470 2993//464
f 2993//464 3001//470 3002//469
f 2993//464 3002//469 2994//463
f 2994//463 3002//469 3003//474
f 2994//463 3003//474 2995//468
f 2995//468 3003//474 3004//289
f 2995//468 3004//289 2996//289
f 2996//289 3004//289 3005//473
f 2996//289 3005//473 2997//467
f 2997//467 3005//473 2998//472
f 2997//467 2998//472 2990//466
f 2998//472 3006//478 3007//477
f 2998//472 3007//477 2999//471
f 2999//471 3007//477 3008//290
f 2999//471 3008//290 3000//290
f 3000//290 3008//290 3009//476
f 3000//290 3009//476 3001//470
f 3001//470 3009//476 3010//475
f 3001//470 3010//475 3002//469
f 3002//469 3010//475 3011//480
f 3002//469 3011//480 3003//474
f 3003//474 3011//480 3012//289
f 3003//474 3012//289 3004//289
f 3004//289 3012//289 3013//479
f 3004//289 3013//479 3005//473
f 3005//473 3013//479 3006//478
f 3005//473 3006//478 2998//472
f 3006//478 3014//484 3015//483
f 3006//478 3015//483 3007//477
f 3007//477 3015//483 3016//290
f 3007//477 3016//290 3008//290
f 3008//290 3016//290 3017//482
f 3008//290 3017//482 3009//476
f 3009//476 3017//482 3018//481
f 3009//476 3018//481 3010//475
f 3010//475 3018//481 3019//486
f 3010//475 3019//486 3011//480
f 3011//480 3019//486 3020//289
f 3011//480 3020//289 3012//289
f 3012//289 3020//289 3021//485
f 3012//289 3021//485 3013//479
f 3013//479 3021//485 3014//484
f 3013//479 3014//484 3006//478
f 3014//484 3022//366 3023//365
f 3014//484 3023//365 3015//483
f 3015//483 3023//365 3024//290
f 3015//483 3024//290 3016//290
f 3016//290 3024//290 3025//364
f 3016//290 3025//364 3017//482
f 3017//482 3025//364 3026//363
f 3017//482 3026//363 3018//481
f 3018//481 3026//363 3027//368
f 3018//481 3027//368 3019//486
f 3019//486 3027//368 3028//289
f 3019//486 3028//289 3020//289
f 3020//289 3028//289 3029//367
f 3020//289 3029//367 3021//485
f 3021//485 3029//367 3022//366
f 3021//485 3022//366 3014//484
f 3022//366 3030//490 3031//489
f 3022//366 3031//489 3023//365
f 3023//365 3031//489 3032//290
f 3023//365 3032//290 3024//290
f 3024//290 3032//290 3033//488
f 3024//290 3033//488 3025//364
f 3025//364 3033//488 3034//487
f 3025//364 3034//487 3026//363
f 3026//363 3034//487 3035//492
f 3026//363 3035//492 3027//368
f 3027//368 3035//492 3036//289
f 3027//368 3036//289 3028//289
f 3028//289 3036//289 3037//491
f 3028//289 3037//491 3029//367
f 3029//367 3037//491 3030//490
f 3029//367 3030//490 3022//366
f 3030//490 3038//496 3039//495
f 3030//490 3039//495 3031//489
f 3031//489 3039//495 3040//290
f 3031//489 3040//290 3032//290
f 3032//290 3040//290 3041//494
f 3032//290 3041//494 3033//488
f 3033//488 3041//494 3042//493
f 3033//488 3042//493 3034//487
f 3034//487 3042//493 3043//498
f 3034//487 3043//498 3035//492
f 3035//492 3043//498 3044//289
f 3035//492 3044//289 3036//289
f 3036//289 3044//289 3045//497
f 3036//289 3045//497 3037//491
f 3037//491 3045//497 3038//496
f 3037//491 3038//496 3030//490
f 3038//496 3046//502 3047//501
f 3038//496 3047//501 3039//495
f 3039//495 3047//501 3048//290
f 3039//495 3048//290 3040//290
f 3040//290 3048//290 3049//500
f 3040//290 3049//500 3041//494
f 3041//494 3049//500 3050//499
f 3041//494 3050//499 3042//493
f 3042//493 3050//499 3051//504
f 3042//493 3051//504 3043//498
f 3043//498 3051//504 3052//289
f 3043//498 3052//289 3044//289
f 3044//289 3052//289 3053//503
f 3044//289 3053//503 3045//497
f 3045//497 3053//503 3046//502
f 3045//497 3046//502 3038//496
f 3046//502 3054//508 3055//507
f 3046//502 3055//507 3047//501
f 3047//501 3055//507 3056//290
f 3047//501 3056//290 3048//290
f 3048//290 3056//290 3057//506
f 3048//290 3057//506 3049//500
f 3049//500 3057//506 3058//505
f 3049//500 3058//505 3050//499
f 3050//499 3058//505 3059//510
f 3050//499 3059//510 3051//504
f 3051//504 3059//510 3060//289
f 3051//504 3060//289 3052//289
f 3052//289 3060//289 3061//509
f 3052//289 3061//509 3053//503
f 3053//503 3061//509 3054//508
f 3053//503 3054//508 3046//502
f 3054//508 3062//402 3063//401
f 3054//508 3063//401 3055//507
f 3055//507 3063//401 3064//290
f 3055//507 3064//290 3056//290
f 3056//290 3064//290 3065//400
f 3056//290 3065//400 3057//506
f 3057//506 3065//400 3066//399
f 3057//506 3066//399 3058//505
f 3058//505 3066//399 3067//404
f 3058//505 3067//404 3059//510
f 3059//510 3067//404 3068//289
f 3059//510 3068//289 3060//289
f 3060//289 3068//289 3069//403
f 3060//289 3069//403 3061//509
f 3061//509 3069//403 3062//402
f 3061//509 3062//402 3054//508
f 3062//402 3070//514 3071//513
f 3062//402 3071//513 3063//401
f 3063//401 3071//513 3072//290
f 3063//401 3072//290 3064//290
f 3064//290 3072//290 3073//512
f 3064//290 3073//512 3065//400
f 3065//400 3073//512 3074//511
f 3065//400 3074//511 3066//399
f 3066//399 3074//511 3075//516
f 3066//399 3075//516 3067//404
f 3067//404 3075//516 3076//289
f 3067//404 3076//289 3068//289
f 3068//289 3076//289 3077//515
f 3068//289 3077//515 3069//403
f 3069//403 3077//515 3070//514
f 3069//403 3070//514 3062//402
f 3070//514 3078//520 3079//519
f 3070//514 3079//519 3071//513
f 3071//513 3079//519 3080//290
f 3071//513 3080//290 3072//290
f 3072//290 3080//290 3081//518
f 3072//290 3081//518 3073//512
f 3073//512 3081//518 3082//517
f 3073//512 3082//517 3074//511
f 3074//511 3082//517 3083//522
f 3074//511 3083//522 3075//516
f 3075//516 3083//522 3084//289
f 3075//516 3084//289 3076//289
f 3076//289 3084//289 3085//521
f 3076//289 3085//521 3077//515
f 3077//515 3085//521 3078//520
f 3077//515 3078//520 3070//514
f 3078//520 3086//526 3087//525
f 3078//520 3087//525 3079//519
f 3079//519 3087//525 3088//290
f 3079//519 3088//290 3080//290
f 3080//290 3088//290 3089//524
f 3080//290 3089//524 3081//518
f 3081//518 3089//524 3090//523
f 3081//518 3090//523 3082//517
f 3082//517 3090//523 3091//528
f 3082//517 3091//528 3083//522
f 3083//522 3091//528 3092//289
f 3083//522 3092//289 3084//289
f 3084//289 3092//289 3093//527
f 3084//289 3093//527 3085//521
f 3085//521 3093//527 3086//526
f 3085//521 3086//526 3078//520
f 3086//526 3094//532 3095//531
f 3086//526 3095//531 3087//525
f 3087//525 3095//531 3096//290
f 3087//525 3096//290 3088//290
f 3088//290 3096//290 3097//530
f 3088//290 3097//530 3089//524
f 3089//524 3097//530 3098//529
f 3089//524 3098//529 3090//523
f 3090//523 3098//529 3099//534
f 3090//523 3099//534 3091//528
f 3091//528 3099//534 3100//289
f 3091//528 3100//289 3092//289
f 3092//289 3100//289 3101//533
f 3092//289 3101//533 3093//527
f 3093//527 3101//533 3094//532
f 3093//527 3094//532 3086//526
f 3094//532 2782//291 2785//294
f 3094//532 2785//294 3095//531
f 3095//531 2785//294 2787//290
f 3095//531 2787//290 3096//290
f 3096//290 2787//290 2789//296
f 3096//290 2789//296 3097//530
f 3097//530 2789//296 2791//298
f 3097//530 2791//298 3098//529
f 3098//529 2791//298 2793//300
f 3098//529 2793//300 3099//534
f 3099//534 2793//300 2795//289
f 3099//534 2795//289 3100//289
f 3100//289 2795//289 2797//302
f 3100//289 2797//302 3101//533
f 3101//533 2797//302 2782//291
f 3101//533 2782//291 3094//532
usemtl vent_dark
f 3102//535 3103//535 3104//535
f 3102//535 3105//535 3103//535
f 3106//457 3107//457 3108//457
f 3106//457 3109//457 3107//457
f 3110//536 3111//536 3112//536
f 3110//536 3113//536 3111//536
f 3114//537 3115//537 3116//537
f 3114//537 3117//537 3115//537
f 3118//538 3119//538 3120//538
f 3118//538 3121//538 3119//538
f 3122//539 3123//539 3124//539
f 3122//539 3125//539 3123//539
f 3126//540 3127//540 3128//540
f 3126//540 3129//540 3127//540
f 3130//541 3131//541 3132//541
f 3130//541 3133//541 3131//541
f 3134//542 3135//542 3136//542
f 3134//542 3137//542 3135//542
f 3138//543 3139//543 3140//543
f 3138//543 3141//543 3139//543
f 3142//505 3143//505 3144//505
f 3142//505 3145//505 3143//505
f 3146//544 3147//544 3148//544
f 3146//544 3149//544 3147//544
f 3150//545 3151//545 3152//545
f 3150//545 3153//545 3151//545
f 3154//535 3155//535 3156//535
f 3154//535 3157//535 3155//535
f 3158//457 3159//457 3160//457
f 3158//457 3161//457 3159//457
f 3162//536 3163//536 3164//536
f 3162//536 3165//536 3163//536
f 3166//537 3167//537 3168//537
f 3166//537 3169//537 3167//537
f 3170//538 3171//538 3172//538
f 3170//538 3173//538 3171//538
f 3174//539 3175//539 3176//539
f 3174//539 3177//539 3175//539
f 3178//540 3179//540 3180//540
f 3178//540 3181//540 3179//540
f 3182//541 3183//541 3184//541
f 3182//541 3185//541 3183//541
f 3186//542 3187//542 3188//542
f 3186//542 3189//542 3187//542
f 3190//543 3191//543 3192//543
f 3190//543 3193//543 3191//543
f 3194//505 3195//505 3196//505
f 3194//505 3197//505 3195//505
f 3198//544 3199//544 3200//544
f 3198//544 3201//544 3199//544
f 3202//545 3203//545 3204//545
f 3202//545 3205//545 3203//545
f 3206//535 3207//535 3208//535
f 3206//535 3209//535 3207//535
f 3210//457 3211//457 3212//457
f 3210//457 3213//457 3211//457
f 3214//536 3215//536 3216//536
f 3214//536 3217//536 3215//536
f 3218//537 3219//537 3220//537
f 3218//537 3221//537 3219//537
f 3222//538 3223//538 3224//538
f 3222//538 3225//538 3223//538
f 3226//539 3227//539 3228//539
f 3226//539 3229//539 3227//539
f 3230//540 3231//540 3232//540
f 3230//540 3233//540 3231//540
f 3234//541 3235//541 3236//541
f 3234//541 3237//541 3235//541
f 3238//542 3239//542 3240//542
f 3238//542 3241//542 3239//542
f 3242//543 3243//543 3244//543
f 3242//543 3245//543 3243//543
f 3246//505 3247//505 3248//505
f 3246//505 3249//505 3247//505
f 3250//544 3251//544 3252//544
f 3250//544 3253//544 3251//544
f 3254//545 3255//545 3256//545
f 3254//545 3257//545 3255//545
f 3258//535 3259//535 3260//535
f 3258//535 3261//535 3259//535
f 3262//457 3263//457 3264//457
f 3262//457 3265//457 3263//457
f 3266//536 3267//536 3268//536
f 3266//536 3269//536 3267//536
f 3270//537 3271//537 3272//537
f 3270//537 3273//537 3271//537
f 3274//538 3275//538 3276//538
f 3274//538 3277//538 3275//538
f 3278//539 3279//539 3280//539
f 3278//539 3281//539 3279//539
f 3282//540 3283//540 3284//540
f 3282//540 3285//540 3283//540
f 3286//541 3287//541 3288//541
f 3286//541 3289//541 3287//541
f 3290//542 3291//542 3292//542
f 3290//542 3293//542 3291//542
f 3294//543 3295//543 3296//543
f 3294//543 3297//543 3295//543
f 3298//505 3299//505 3300//505
f 3298//505 3301//505 3299//505
f 3302//544 3303//544 3304//544
f 3302//544 3305//544 3303//544
f 3306//545 3307//545 3308//545
f 3306//545 3309//545 3307//545
f 3310//535 3311//535 3312//535
f 3310//535 3313//535 3311//535
f 3314//457 3315//457 3316//457
f 3314//457 3317//457 3315//457
f 3318//536 3319//536 3320//536
f 3318//536 3321//536 3319//536
f 3322//537 3323//537 3324//537
f 3322//537 3325//537 3323//537
f 3326//538 3327//538 3328//538
f 3326//538 3329//538 3327//538
f 3330//539 3331//539 3332//539
f 3330//539 3333//539 3331//539
f 3334//540 3335//540 3336//540
f 3334//540 3337//540 3335//540
f 3338//541 3339//541 3340//541
f 3338//541 3341//541 3339//541
f 3342//542 3343//542 3344//542
f 3342//542 3345//542 3343//542
f 3346//543 3347//543 3348//543
f 3346//543 3349//543 3347//543
f 3350//505 3351//505 3352//505
f 3350//505 3353//505 3351//505
f 3354//544 3355//544 3356//544
f 3354//544 3357//544 3355//544
f 3358//545 3359//545 3360//545
f 3358//545 3361//545 3359//545
usemtl housing_edge
f 3362//291 3363//546 3364//546
f 3362//291 3364//546 3365//291
f 3363//546 3366//547 3367//547
f 3363//546 3367//547 3364//546
f 3366//547 3368//548 3369//548
f 3366//547 3369//548 3367//547
f 3368//548 3370//309 3371//309
f 3368//548 3371//309 3369//548
f 3370//309 3372//549 3373//549
f 3370//309 3373//549 3371//309
f 3372//549 3374//550 3375//550
f 3372//549 3375//550 3373//549
f 3374//550 3376//551 3377//551
f 3374//550 3377//551 3375//550
f 3376//551 3378//327 3379//327
f 3376//551 3379//327 3377//551
f 3378//327 3380//552 3381//552
f 3378//327 3381//552 3379//327
f 3380//552 3382//553 3383//553
f 3380//552 3383//553 3381//552
f 3382//553 3384//554 3385//554
f 3382//553 3385//554 3383//553
f 3384//554 3386//345 3387//345
f 3384//554 3387//345 3385//554
f 3386//345 3388//555 3389//555
f 3386//345 3389//555 3387//345
f 3388//555 3390//556 3391//556
f 3388//555 3391//556 3389//555
f 3390//556 3392//557 3393//557
f 3390//556 3393//557 3391//556
f 3392//557 3394//363 3395//363
f 3392//557 3395//363 3393//557
f 3394//363 3396//558 3397//558
f 3394//363 3397//558 3395//363
f 3396//558 3398//559 3399//559
f 3396//558 3399//559 3397//558
f 3398//559 3400//560 3401//560
f 3398//559 3401//560 3399//559
f 3400//560 3402//381 3403//381
f 3400//560 3403//381 3401//560
f 3402//381 3404//561 3405//561
f 3402//381 3405//561 3403//381
f 3404//561 3406//562 3407//562
f 3404//561 3407//562 3405//561
f 3406//562 3408//563 3409//563
f 3406//562 3409//563 3407//562
f 3408//563 3410//399 3411//399
f 3408//563 3411//399 3409//563
f 3410//399 3412//564 3413//564
f 3410//399 3413//564 3411//399
f 3412//564 3414//565 3415//565
f 3412//564 3415//565 3413//564
f 3414//565 3416//566 3417//566
f 3414//565 3417//566 3415//565
f 3416//566 3418//417 3419//417
f 3416//566 3419//417 3417//566
f 3418//417 3420//567 3421//567
f 3418//417 3421//567 3419//417
f 3420//567 3422//568 3423//568
f 3420//567 3423//568 3421//567
f 3422//568 3424//569 3425//569
f 3422//568 3425//569 3423//568
f 3424//569 3426//298 3427//298
f 3424//569 3427//298 3425//569
f 3426//298 3428//570 3429//570
f 3426//298 3429//570 3427//298
f 3428//570 3430//571 3431//571
f 3428//570 3431//571 3429//570
f 3430//571 3432//572 3433//572
f 3430//571 3433//572 3431//571
f 3432//572 3434//312 3435//312
f 3432//572 3435//312 3433//572
f 3434//312 3436//573 3437//573
f 3434//312 3437//573 3435//312
f 3436//573 3438//574 3439//574
f 3436//573 3439//574 3437//573
f 3438//574 3440//575 3441//575
f 3438//574 3441//575 3439//574
f 3440//575 3442//330 3443//330
f 3440//575 3443//330 3441//575
f 3442//330 3444//576 3445//576
f 3442//330 3445//576 3443//330
f 3444//576 3446//577 3447//577
f 3444//576 3447//577 3445//576
f 3446//577 3448//578 3449//578
f 3446//577 3449//578 3447//577
f 3448//578 3450//348 3451//348
f 3448//578 3451//348 3449//578
f 3450//348 3452//579 3453//579
f 3450//348 3453//579 3451//348
f 3452//579 3454//580 3455//580
f 3452//579 3455//580 3453//579
f 3454//580 3456//581 3457//581
f 3454//580 3457//581 3455//580
f 3456//581 3458//366 3459//366
f 3456//581 3459//366 3457//581
f 3458//366 3460//582 3461//582
f 3458//366 3461//582 3459//366
f 3460//582 3462//583 3463//583
f 3460//582 3463//583 3461//582
f 3462//583 3464//584 3465//584
f 3462//583 3465//584 3463//583
f 3464//584 3466//384 3467//384
f 3464//584 3467//384 3465//584
f 3466//384 3468//585 3469//585
f 3466//384 3469//585 3467//384
f 3468//585 3470//586 3471//586
f 3468//585 3471//586 3469//585
f 3470//586 3472//587 3473//587
f 3470//586 3473//587 3471//586
f 3472//587 3474//402 3475//402
f 3472//587 3475//402 3473//587
f 3474//402 3476//588 3477//588
f 3474//402 3477//588 3475//402
f 3476//588 3478//589 3479//589
f 3476//588 3479//589 3477//588
f 3478//589 3480//590 3481//590
f 3478//589 3481//590 3479//589
f 3480//590 3482//420 3483//420
f 3480//590 3483//420 3481//590
f 3482//420 3484//591 3485//591
f 3482//420 3485//591 3483//420
f 3484//591 3486//592 3487//592
f 3484//591 3487//592 3485//591
f 3486//592 3488//593 3489//593
f 3486//592 3489//593 3487//592
f 3488//593 3362//291 3365//291
f 3488//593 3365//291 3489//593
f 3490//289 3363//289 3362//289
f 3491//290 3365//290 3364//290
f 3490//289 3366//289 3363//289
f 3491//290 3364//290 3367//290
f 3490//289 3368//289 3366//289
f 3491//290 3367//290 3369//290
f 3490//289 3370//289 3368//289
f 3491//290 3369//290 3371//290
f 3490//289 3372//289 3370//289
f 3491//290 3371//290 3373//290
f 3490//289 3374//289 3372//289
f 3491//290 3373//290 3375//290
f 3490//289 3376//289 3374//289
f 3491//290 3375//290 3377//290
f 3490//289 3378//289 3376//289
f 3491//290 3377//290 3379//290
f 3490//289 3380//289 3378//289
f 3491//290 3379//290 3381//290
f 3490//289 3382//289 3380//289
f 3491//290 3381//290 3383//290
f 3490//289 3384//289 3382//289
f 3491//290 3383//290 3385//290
f 3490//289 3386//289 3384//289
f 3491//290 3385//290 3387//290
f 3490//289 3388//289 3386//289
f 3491//290 3387//290 3389//290
f 3490//289 3390//289 3388//289
f 3491//290 3389//290 3391//290
f 3490//289 3392//289 3390//289
f 3491//290 3391//290 3393//290
f 3490//289 3394//289 3392//289
f 3491//290 3393//290 3395//290
f 3490//289 3396//289 3394//289
f 3491//290 3395//290 3397//290
f 3490//289 3398//289 3396//289
f 3491//290 3397//290 3399//290
f 3490//289 3400//289 3398//289
f 3491//290 3399//290 3401//290
f 3490//289 3402//289 3400//289
f 3491//290 3401//290 3403//290
f 3490//289 3404//289 3402//289
f 3491//290 3403//290 3405//290
f 3490//289 3406//289 3404//289
f 3491//290 3405//290 3407//290
f 3490//289 3408//289 3406//289
f 3491//290 3407//290 3409//290
f 3490//289 3410//289 3408//289
f 3491//290 3409//290 3411//290
f 3490//289 3412//289 3410//289
f 3491//290 3411//290 3413//290
f 3490//289 3414//289 3412//289
f 3491//290 3413//290 3415//290
f 3490//289 3416//289 3414//289
f 3491//290 3415//290 3417//290
f 3490//289 3418//289 3416//289
f 3491//290 3417//290 3419//290
f 3490//289 3420//289 3418//289
f 3491//290 3419//290 3421//290
f 3490//289 3422//289 3420//289
f 3491//290 3421//290 3423//290
f 3490//289 3424//289 3422//289
f 3491//290 3423//290 3425//290
f 3490//289 3426//289 3424//289
f 3491//290 3425//290 3427//290
f 3490//289 3428//289 3426//289
f 3491//290 3427//290 3429//290
f 3490//289 3430//289 3428//289
f 3491//290 3429//290 3431//290
f 3490//289 3432//289 3430//289
f 3491//290 3431//290 3433//290
f 3490//289 3434//289 3432//289
f 3491//290 3433//290 3435//290
f 3490//289 3436//289 3434//289
f 3491//290 3435//290 3437//290
f 3490//289 3438//289 3436//289
f 3491//290 3437//290 3439//290
f 3490//289 3440//289 3438//289
f 3491//290 3439//290 3441//290
f 3490//289 3442//289 3440//289
f 3491//290 3441//290 3443//290
f 3490//289 3444//289 3442//289
f 3491//290 3443//290 3445//290
f 3490//289 3446//289 3444//289
f 3491//290 3445//290 3447//290
f 3490//289 3448//289 3446//289
f 3491//290 3447//290 3449//290
f 3490//289 3450//289 3448//289
f 3491//290 3449//290 3451//290
f 3490//289 3452//289 3450//289
f 3491//290 3451//290 3453//290
f 3490//289 3454//289 3452//289
f 3491//290 3453//290 3455//290
f 3490//289 3456//289 3454//289
f 3491//290 3455//290 3457//290
f 3490//289 3458//289 3456//289
f 3491//290 3457//290 3459//290
f 3490//289 3460//289 3458//289
f 3491//290 3459//290 3461//290
f 3490//289 3462//289 3460//289
f 3491//290 3461//290 3463//290
f 3490//289 3464//289 3462//289
f 3491//290 3463//290 3465//290
f 3490//289 3466//289 3464//289
f 3491//290 3465//290 3467//290
f 3490//289 3468//289 3466//289
f 3491//290 3467//290 3469//290
f 3490//289 3470//289 3468//289
f 3491//290 3469//290 3471//290
f 3490//289 3472//289 3470//289
f 3491//290 3471//290 3473//290
f 3490//289 3474//289 3472//289
f 3491//290 3473//290 3475//290
f 3490//289 3476//289 3474//289
f 3491//290 3475//290 3477//290
f 3490//289 3478//289 3476//289
f 3491//290 3477//290 3479//290
f 3490//289 3480//289 3478//289
f 3491//290 3479//290 3481//290
f 3490//289 3482//289 3480//289
f 3491//290 3481//290 3483//290
f 3490//289 3484//289 3482//289
f 3491//290 3483//290 3485//290
f 3490//289 3486//289 3484//289
f 3491//290 3485//290 3487//290
f 3490//289 3488//289 3486//289
f 3491//290 3487//290 3489//290
f 3490//289 3362//289 3488//289
f 3491//290 3489//290 3365//290
usemtl rubber_black
f 3492//291 3493//439 3494//440
f 3492//291 3494//440 3495//294
f 3495//294 3494//440 3496//290
f 3495//294 3496//290 3497//290
f 3497//290 3496//290 3498//441
f 3497//290 3498//441 3499//296
f 3499//296 3498//441 3500//442
f 3499//296 3500//442 3501//298
f 3501//298 3500//442 3502//443
f 3501//298 3502//443 3503//300
f 3503//300 3502//443 3504//289
f 3503//300 3504//289 3505//289
f 3505//289 3504//289 3506//444
f 3505//289 3506//444 3507//302
f 3507//302 3506//444 3493//439
f 3507//302 3493//439 3492//291
f 3493//439 3508//445 3509//446
f 3493//439 3509//446 3494//440
f 3494//440 3509//446 3510//290
f 3494//440 3510//290 3496//290
f 3496//290 3510//290 3511//447
f 3496//290 3511//447 3498//441
f 3498//441 3511//447 3512//448
f 3498//441 3512//448 3500//442
f 3500//442 3512//448 3513//449
f 3500//442 3513//449 3502//443
f 3502//443 3513//449 3514//289
f 3502//443 3514//289 3504//289
f 3504//289 3514//289 3515//450
f 3504//289 3515//450 3506//444
f 3506//444 3515//450 3508//445
f 3506//444 3508//445 3493//439
f 3508//445 3516//451 3517//452
f 3508//445 3517//452 3509//446
f 3509//446 3517//452 3518//290
f 3509//446 3518//290 3510//290
f 3510//290 3518//290 3519//453
f 3510//290 3519//453 3511//447
f 3511//447 3519//453 3520//454
f 3511//447 3520//454 3512//448
f 3512//448 3520//454 3521//455
f 3512//448 3521//455 3513//449
f 3513//449 3521//455 3522//289
f 3513//449 3522//289 3514//289
f 3514//289 3522//289 3523//456
f 3514//289 3523//456 3515//450
f 3515//450 3523//456 3516//451
f 3515//450 3516//451 3508//445
f 3516//451 3524//457 3525//458
f 3516//451 3525//458 3517//452
f 3517//452 3525//458 3526//290
f 3517//452 3526//290 3518//290
f 3518//290 3526//290 3527//459
f 3518//290 3527//459 3519//453
f 3519//453 3527//459 3528//460
f 3519//453 3528//460 3520//454
f 3520//454 3528//460 3529//461
f 3520//454 3529//461 3521//455
f 3521//455 3529//461 3530//289
f 3521//455 3530//289 3522//289
f 3522//289 3530//289 3531//462
f 3522//289 3531//462 3523//456
f 3523//456 3531//462 3524//457
f 3523//456 3524//457 3516//451
f 3524//457 3532//327 3533//328
f 3524//457 3533//328 3525//458
f 3525//458 3533//328 3534//290
f 3525//458 3534//290 3526//290
f 3526//290 3534//290 3535//329
f 3526//290 3535//329 3527//459
f 3527//459 3535//329 3536//330
f 3527//459 3536//330 3528//460
f 3528//460 3536//330 3537//331
f 3528//460 3537//331 3529//461
f 3529//461 3537//331 3538//289
f 3529//461 3538//289 3530//289
f 3530//289 3538//289 3539//332
f 3530//289 3539//332 3531//462
f 3531//462 3539//332 3532//327
f 3531//462 3532//327 3524//457
f 3532//327 3540//463 3541//464
f 3532//327 3541//464 3533//328
f 3533//328 3541//464 3542//290
f 3533//328 3542//290 3534//290
f 3534//290 3542//290 3543//465
f 3534//290 3543//465 3535//329
f 3535//329 3543//465 3544//466
f 3535//329 3544//466 3536//330
f 3536//330 3544//466 3545//467
f 3536//330 3545//467 3537//331
f 3537//331 3545//467 3546//289
f 3537//331 3546//289 3538//289
f 3538//289 3546//289 3547//468
f 3538//289 3547//468 3539//332
f 3539//332 3547//468 3540//463
f 3539//332 3540//463 3532//327
f 3540//463 3548//469 3549//470
f 3540//463 3549//470 3541//464
f 3541//464 3549//470 3550//290
f 3541//464 3550//290 3542//290
f 3542//290 3550//290 3551//471
f 3542//290 3551//471 3543//465
f 3543//465 3551//471 3552//472
f 3543//465 3552//472 3544//466
f 3544//466 3552//472 3553//473
f 3544//466 3553//473 3545//467
f 3545//467 3553//473 3554//289
f 3545//467 3554//289 3546//289
f 3546//289 3554//289 3555//474
f 3546//289 3555//474 3547//468
f 3547//468 3555//474 3548//469
f 3547//468 3548//469 3540//463
f 3548//469 3556//475 3557//476
f 3548//469 3557//476 3549//470
f 3549//470 3557//476 3558//290
f 3549//470 3558//290 3550//290
f 3550//290 3558//290 3559//477
f 3550//290 3559//477 3551//471
f 3551//471 3559//477 3560//478
f 3551//471 3560//478 3552//472
f 3552//472 3560//478 3561//479
f 3552//472 3561//479 3553//473
f 3553//473 3561//479 3562//289
f 3553//473 3562//289 3554//289
f 3554//289 3562//289 3563//480
f 3554//289 3563//480 3555//474
f 3555//474 3563//480 3556//475
f 3555//474 3556//475 3548//469
f 3556//475 3564//481 3565//482
f 3556//475 3565//482 3557//476
f 3557//476 3565//482 3566//290
f 3557//476 3566//290 3558//290
f 3558//290 3566//290 3567//483
f 3558//290 3567//483 3559//477
f 3559//477 3567//483 3568//484
f 3559//477 3568//484 3560//478
f 3560//478 3568//484 3569//485
f 3560//478 3569//485 3561//479
f 3561//479 3569//485 3570//289
f 3561//479 3570//289 3562//289
f 3562//289 3570//289 3571//486
f 3562//289 3571//486 3563//480
f 3563//480 3571//486 3564//481
f 3563//480 3564//481 3556//475
f 3564//481 3572//363 3573//364
f 3564//481 3573//364 3565//482
f 3565//482 3573//364 3574//290
f 3565//482 3574//290 3566//290
f 3566//290 3574//290 3575//365
f 3566//290 3575//365 3567//483
f 3567//483 3575//365 3576//366
f 3567//483 3576//366 3568//484
f 3568//484 3576//366 3577//367
f 3568//484 3577//367 3569//485
f 3569//485 3577//367 3578//289
f 3569//485 3578//289 3570//289
f 3570//289 3578//289 3579//368
f 3570//289 3579//368 3571//486
f 3571//486 3579//368 3572//363
f 3571//486 3572//363 3564//481
f 3572//363 3580//487 3581//488
f 3572//363 3581//488 3573//364
f 3573//364 3581//488 3582//290
f 3573//364 3582//290 3574//290
f 3574//290 3582//290 3583//489
f 3574//290 3583//489 3575//365
f 3575//365 3583//489 3584//490
f 3575//365 3584//490 3576//366
f 3576//366 3584//490 3585//491
f 3576//366 3585//491 3577//367
f 3577//367 3585//491 3586//289
f 3577//367 3586//289 3578//289
f 3578//289 3586//289 3587//492
f 3578//289 3587//492 3579//368
f 3579//368 3587//492 3580//487
f 3579//368 3580//487 3572//363
f 3580//487 3588//493 3589//494
f 3580//487 3589//494 3581//488
f 3581//488 3589//494 3590//290
f 3581//488 3590//290 3582//290
f 3582//290 3590//290 3591//495
f 3582//290 3591//495 3583//489
f 3583//489 3591//495 3592//496
f 3583//489 3592//496 3584//490
f 3584//490 3592//496 3593//497
f 3584//490 3593//497 3585//491
f 3585//491 3593//497 3594//289
f 3585//491 3594//289 3586//289
f 3586//289 3594//289 3595//498
f 3586//289 3595//498 3587//492
f 3587//492 3595//498 3588//493
f 3587//492 3588//493 3580//487
f 3588//493 3596//499 3597//500
f 3588//493 3597//500 3589//494
f 3589//494 3597//500 3598//290
f 3589//494 3598//290 3590//290
f 3590//290 3598//290 3599//501
f 3590//290 3599//501 3591//495
f 3591//495 3599//501 3600//502
f 3591//495 3600//502 3592//496
f 3592//496 3600//502 3601//503
f 3592//496 3601//503 3593//497
f 3593//497 3601//503 3602//289
f 3593//497 3602//289 3594//289
f 3594//289 3602//289 3603//504
f 3594//289 3603//504 3595//498
f 3595//498 3603//504 3596//499
f 3595//498 3596//499 3588//493
f 3596//499 3604//505 3605//506
f 3596//499 3605//506 3597//500
f 3597//500 3605//506 3606//290
f 3597//500 3606//290 3598//290
f 3598//290 3606//290 3607//507
f 3598//290 3607//507 3599//501
f 3599//501 3607//507 3608//508
f 3599//501 3608//508 3600//502
f 3600//502 3608//508 3609//509
f 3600//502 3609//509 3601//503
f 3601//503 3609//509 3610//289
f 3601//503 3610//289 3602//289
f 3602//289 3610//289 3611//510
f 3602//289 3611//510 3603//504
f 3603//504 3611//510 3604//505
f 3603//504 3604//505 3596//499
f 3604//505 3612//399 3613//400
f 3604//505 3613//400 3605//506
f 3605//506 3613//400 3614//290
f 3605//506 3614//290 3606//290
f 3606//290 3614//290 3615//401
f 3606//290 3615//401 3607//507
f 3607//507 3615//401 3616//402
f 3607//507 3616//402 3608//508
f 3608//508 3616//402 3617//403
f 3608//508 3617//403 3609//509
f 3609//509 3617//403 3618//289
f 3609//509 3618//289 3610//289
f 3610//289 3618//289 3619//404
f 3610//289 3619//404 3611//510
f 3611//510 3619//404 3612//399
f 3611//510 3612//399 3604//505
f 3612//399 3620//511 3621//512
f 3612//399 3621//512 3613//400
f 3613//400 3621//512 3622//290
f 3613//400 3622//290 3614//290
f 3614//290 3622//290 3623//513
f 3614//290 3623//513 3615//401
f 3615//401 3623//513 3624//514
f 3615//401 3624//514 3616//402
f 3616//402 3624//514 3625//515
f 3616//402 3625//515 3617//403
f 3617//403 3625//515 3626//289
f 3617//403 3626//289 3618//289
f 3618//289 3626//289 3627//516
f 3618//289 3627//516 3619//404
f 3619//404 3627//516 3620//511
f 3619//404 3620//511 3612//399
f 3620//511 3628//517 3629//518
f 3620//511 3629//518 3621//512
f 3621//512 3629//518 3630//290
f 3621//512 3630//290 3622//290
f 3622//290 3630//290 3631//519
f 3622//290 3631//519 3623//513
f 3623//513 3631//519 3632//520
f 3623//513 3632//520 3624//514
f 3624//514 3632//520 3633//521
f 3624//514 3633//521 3625//515
f 3625//515 3633//521 3634//289
f 3625//515 3634//289 3626//289
f 3626//289 3634//289 3635//522
f 3626//289 3635//522 3627//516
f 3627//516 3635//522 3628//517
f 3627//516 3628//517 3620//511
f 3628//517 3636//523 3637//524
f 3628//517 3637//524 3629//518
f 3629//518 3637//524 3638//290
f 3629//518 3638//290 3630//290
f 3630//290 3638//290 3639//525
f 3630//290 3639//525 3631//519
f 3631//519 3639//525 3640//526
f 3631//519 3640//526 3632//520
f 3632//520 3640//526 3641//527
f 3632//520 3641//527 3633//521
f 3633//521 3641//527 3642//289
f 3633//521 3642//289 3634//289
f 3634//289 3642//289 3643//528
f 3634//289 3643//528 3635//522
f 3635//522 3643//528 3636//523
f 3635//522 3636//523 3628//517
f 3636//523 3644//529 3645//530
f 3636//523 3645//530 3637//524
f 3637//524 3645//530 3646//290
f 3637//524 3646//290 3638//290
f 3638//290 3646//290 3647//531
f 3638//290 3647//531 3639//525
f 3639//525 3647//531 3648//532
f 3639//525 3648//532 3640//526
f 3640//526 3648//532 3649//533
f 3640//526 3649//533 3641//527
f 3641//527 3649//533 3650//289
f 3641//527 3650//289 3642//289
f 3642//289 3650//289 3651//534
f 3642//289 3651//534 3643//528
f 3643//528 3651//534 3644//529
f 3643//528 3644//529 3636//523
f 3644//529 3652//298 3653//296
f 3644//529 3653//296 3645//530
f 3645//530 3653//296 3654//290
f 3645//530 3654//290 3646//290
f 3646//290 3654//290 3655//294
f 3646//290 3655//294 3647//531
f 3647//531 3655//294 3656//291
f 3647//531 3656//291 3648//532
f 3648//532 3656//291 3657//302
f 3648//532 3657//302 3649//533
f 3649//533 3657//302 3658//289
f 3649//533 3658//289 3650//289
f 3650//289 3658//289 3659//300
f 3650//289 3659//300 3651//534
f 3651//534 3659//300 3652//298
f 3651//534 3652//298 3644//529
f 3652//298 3660//442 3661//441
f 3652//298 3661//441 3653//296
f 3653//296 3661//441 3662//290
f 3653//296 3662//290 3654//290
f 3654//290 3662//290 3663//440
f 3654//290 3663//440 3655//294
f 3655//294 3663//440 3664//439
f 3655//294 3664//439 3656//291
f 3656//291 3664//439 3665//444
f 3656//291 3665//444 3657//302
f 3657//302 3665//444 3666//289
f 3657//302 3666//289 3658//289
f 3658//289 3666//289 3667//443
f 3658//289 3667//443 3659//300
f 3659//300 3667//443 3660//442
f 3659//300 3660//442 3652//298
f 3660//442 3668//448 3669//447
f 3660//442 3669//447 3661//441
f 3661//441 3669//447 3670//290
f 3661//441 3670//290 3662//290
f 3662//290 3670//290 3671//446
f 3662//290 3671//446 3663//440
f 3663//440 3671//446 3672//445
f 3663//440 3672//445 3664//439
f 3664//439 3672//445 3673//450
f 3664//439 3673//450 3665//444
f 3665//444 3673//450 3674//289
f 3665//444 3674//289 3666//289
f 3666//289 3674//289 3675//449
f 3666//289 3675//449 3667//443
f 3667//443 3675//449 3668//448
f 3667//443 3668//448 3660//442
f 3668//448 3676//454 3677//453
f 3668//448 3677//453 3669//447
f 3669//447 3677//453 3678//290
f 3669//447 3678//290 3670//290
f 3670//290 3678//290 3679//452
f 3670//290 3679//452 3671//446
f 3671//446 3679//452 3680//451
f 3671//446 3680//451 3672//445
f 3672//445 3680//451 3681//456
f 3672//445 3681//456 3673//450
f 3673//450 3681//456 3682//289
f 3673//450 3682//289 3674//289
f 3674//289 3682//289 3683//455
f 3674//289 3683//455 3675//449
f 3675//449 3683//455 3676//454
f 3675//449 3676//454 3668//448
f 3676//454 3684//460 3685//459
f 3676//454 3685//459 3677//453
f 3677//453 3685//459 3686//290
f 3677//453 3686//290 3678//290
f 3678//290 3686//290 3687//458
f 3678//290 3687//458 3679//452
f 3679//452 3687//458 3688//457
f 3679//452 3688//457 3680//451
f 3680//451 3688//457 3689//462
f 3680//451 3689//462 3681//456
f 3681//456 3689//462 3690//289
f 3681//456 3690//289 3682//289
f 3682//289 3690//289 3691//461
f 3682//289 3691//461 3683//455
f 3683//455 3691//461 3684//460
f 3683//455 3684//460 3676//454
f 3684//460 3692//330 3693//329
f 3684//460 3693//329 3685//459
f 3685//459 3693//329 3694//290
f 3685//459 3694//290 3686//290
f 3686//290 3694//290 3695//328
f 3686//290 3695//328 3687//458
f 3687//458 3695//328 3696//327
f 3687//458 3696//327 3688//457
f 3688//457 3696//327 3697//332
f 3688//457 3697//332 3689//462
f 3689//462 3697//332 3698//289
f 3689//462 3698//289 3690//289
f 3690//289 3698//289 3699//331
f 3690//289 3699//331 3691//461
f 3691//461 3699//331 3692//330
f 3691//461 3692//330 3684//460
f 3692//330 3700//466 3701//465
f 3692//330 3701//465 3693//329
f 3693//329 3701//465 3702//290
f 3693//329 3702//290 3694//290
f 3694//290 3702//290 3703//464
f 3694//290 3703//464 3695//328
f 3695//328 3703//464 3704//463
f 3695//328 3704//463 3696//327
f 3696//327 3704//463 3705//468
f 3696//327 3705//468 3697//332
f 3697//332 3705//468 3706//289
f 3697//332 3706//289 3698//289
f 3698//289 3706//289 3707//467
f 3698//289 3707//467 3699//331
f 3699//331 3707//467 3700//466
f 3699//331 3700//466 3692//330
f 3700//466 3708//472 3709//471
f 3700//466 3709//471 3701//465
f 3701//465 3709//471 3710//290
f 3701//465 3710//290 3702//290
f 3702//290 3710//290 3711//470
f 3702//290 3711//470 3703//464
f 3703//464 3711//470 3712//469
f 3703//464 3712//469 3704//463
f 3704//463 3712//469 3713//474
f 3704//463 3713//474 3705//468
f 3705//468 3713//474 3714//289
f 3705//468 3714//289 3706//289
f 3706//289 3714//289 3715//473
f 3706//289 3715//473 3707//467
f 3707//467 3715//473 3708//472
f 3707//467 3708//472 3700//466
f 3708//472 3716//478 3717//477
f 3708//472 3717//477 3709//471
f 3709//471 3717//477 3718//290
f 3709//471 3718//290 3710//290
f 3710//290 3718//290 3719//476
f 3710//290 3719//476 3711//470
f 3711//470 3719//476 3720//475
f 3711//470 3720//475 3712//469
f 3712//469 3720//475 3721//480
f 3712//469 3721//480 3713//474
f 3713//474 3721//480 3722//289
f 3713//474 3722//289 3714//289
f 3714//289 3722//289 3723//479
f 3714//289 3723//479 3715//473
f 3715//473 3723//479 3716//478
f 3715//473 3716//478 3708//472
f 3716//478 3724//484 3725//483
f 3716//478 3725//483 3717//477
f 3717//477 3725//483 3726//290
f 3717//477 3726//290 3718//290
f 3718//290 3726//290 3727//482
f 3718//290 3727//482 3719//476
f 3719//476 3727//482 3728//481
f 3719//476 3728//481 3720//475
f 3720//475 3728//481 3729//486
f 3720//475 3729//486 3721//480
f 3721//480 3729//486 3730//289
f 3721//480 3730//289 3722//289
f 3722//289 3730//289 3731//485
f 3722//289 3731//485 3723//479
f 3723//479 3731//485 3724//484
f 3723//479 3724//484 3716//478
f 3724//484 3732//366 3733//365
f 3724//484 3733//365 3725//483
f 3725//483 3733//365 3734//290
f 3725//483 3734//290 3726//290
f 3726//290 3734//290 3735//364
f 3726//290 3735//364 3727//482
f 3727//482 3735//364 3736//363
f 3727//482 3736//363 3728//481
f 3728//481 3736//363 3737//368
f 3728//481 3737//368 3729//486
f 3729//486 3737//368 3738//289
f 3729//486 3738//289 3730//289
f 3730//289 3738//289 3739//367
f 3730//289 3739//367 3731//485
f 3731//485 3739//367 3732//366
f 3731//485 3732//366 3724//484
f 3732//366 3740//490 3741//489
f 3732//366 3741//489 3733//365
f 3733//365 3741//489 3742//290
f 3733//365 3742//290 3734//290
f 3734//290 3742//290 3743//488
f 3734//290 3743//488 3735//364
f 3735//364 3743//488 3744//487
f 3735//364 3744//487 3736//363
f 3736//363 3744//487 3745//492
f 3736//363 3745//492 3737//368
f 3737//368 3745//492 3746//289
f 3737//368 3746//289 3738//289
f 3738//289 3746//289 3747//491
f 3738//289 3747//491 3739//367
f 3739//367 3747//491 3740//490
f 3739//367 3740//490 3732//366
f 3740//490 3748//496 3749//495
f 3740//490 3749//495 3741//489
f 3741//489 3749//495 3750//290
f 3741//489 3750//290 3742//290
f 3742//290 3750//290 3751//494
f 3742//290 3751//494 3743//488
f 3743//488 3751//494 3752//493
f 3743//488 3752//493 3744//487
f 3744//487 3752//493 3753//498
f 3744//487 3753//498 3745//492
f 3745//492 3753//498 3754//289
f 3745//492 3754//289 3746//289
f 3746//289 3754//289 3755//497
f 3746//289 3755//497 3747//491
f 3747//491 3755//497 3748//496
f 3747//491 3748//496 3740//490
f 3748//496 3756//502 3757//501
f 3748//496 3757//501 3749//495
f 3749//495 3757//501 3758//290
f 3749//495 3758//290 3750//290
f 3750//290 3758//290 3759//500
f 3750//290 3759//500 3751//494
f 3751//494 3759//500 3760//499
f 3751//494 3760//499 3752//493
f 3752//493 3760//499 3761//504
f 3752//493 3761//504 3753//498
f 3753//498 3761//504 3762//289
f 3753//498 3762//289 3754//289
f 3754//289 3762//289 3763//503
f 3754//289 3763//503 3755//497
f 3755//497 3763//503 3756//502
f 3755//497 3756//502 3748//496
f 3756//502 3764//508 3765//507
f 3756//502 3765//507 3757//501
f 3757//501 3765//507 3766//290
f 3757//501 3766//290 3758//290
f 3758//290 3766//290 3767//506
f 3758//290 3767//506 3759//500
f 3759//500 3767//506 3768//505
f 3759//500 3768//505 3760//499
f 3760//499 3768//505 3769//510
f 3760//499 3769//510 3761//504
f 3761//504 3769//510 3770//289
f 3761//504 3770//289 3762//289
f 3762//289 3770//289 3771//509
f 3762//289 3771//509 3763//503
f 3763//503 3771//509 3764//508
f 3763//503 3764//508 3756//502
f 3764//508 3772//402 3773//401
f 3764//508 3773//401 3765//507
f 3765//507 3773//401 3774//290
f 3765//507 3774//290 3766//290
f 3766//290 3774//290 3775//400
f 3766//290 3775//400 3767//506
f 3767//506 3775//400 3776//399
f 3767//506 3776//399 3768//505
f 3768//505 3776//399 3777//404
f 3768//505 3777//404 3769//510
f 3769//510 3777//404 3778//289
f 3769//510 3778//289 3770//289
f 3770//289 3778//289 3779//403
f 3770//289 3779//403 3771//509
f 3771//509 3779//403 3772//402
f 3771//509 3772//402 3764//508
f 3772//402 3780//514 3781//513
f 3772//402 3781//513 3773//401
f 3773//401 3781//513 3782//290
f 3773//401 3782//290 3774//290
f 3774//290 3782//290 3783//512
f 3774//290 3783//512 3775//400
f 3775//400 3783//512 3784//511
f 3775//400 3784//511 3776//399
f 3776//399 3784//511 3785//516
f 3776//399 3785//516 3777//404
f 3777//404 3785//516 3786//289
f 3777//404 3786//289 3778//289
f 3778//289 3786//289 3787//515
f 3778//289 3787//515 3779//403
f 3779//403 3787//515 3780//514
f 3779//403 3780//514 3772//402
f 3780//514 3788//520 3789//519
f 3780//514 3789//519 3781//513
f 3781//513 3789//519 3790//290
f 3781//513 3790//290 3782//290
f 3782//290 3790//290 3791//518
f 3782//290 3791//518 3783//512
f 3783//512 3791//518 3792//517
f 3783//512 3792//517 3784//511
f 3784//511 3792//517 3793//522
f 3784//511 3793//522 3785//516
f 3785//516 3793//522 3794//289
f 3785//516 3794//289 3786//289
f 3786//289 3794//289 3795//521
f 3786//289 3795//521 3787//515
f 3787//515 3795//521 3788//520
f 3787//515 3788//520 3780//514
f 3788//520 3796//526 3797//525
f 3788//520 3797//525 3789//519
f 3789//519 3797//525 3798//290
f 3789//519 3798//290 3790//290
f 3790//290 3798//290 3799//524
f 3790//290 3799//524 3791//518
f 3791//518 3799//524 3800//523
f 3791//518 3800//523 3792//517
f 3792//517 3800//523 3801//528
f 3792//517 3801//528 3793//522
f 3793//522 3801//528 3802//289
f 3793//522 3802//289 3794//289
f 3794//289 3802//289 3803//527
f 3794//289 3803//527 3795//521
f 3795//521 3803//527 3796//526
f 3795//521 3796//526 3788//520
f 3796//526 3804//532 3805//531
f 3796//526 3805//531 3797//525
f 3797//525 3805//531 3806//290
f 3797//525 3806//290 3798//290
f 3798//290 3806//290 3807//530
f 3798//290 3807//530 3799//524
f 3799//524 3807//530 3808//529
f 3799//524 3808//529 3800//523
f 3800//523 3808//529 3809//534
f 3800//523 3809//534 3801//528
f 3801//528 3809//534 3810//289
f 3801//528 3810//289 3802//289
f 3802//289 3810//289 3811//533
f 3802//289 3811//533 3803//527
f 3803//527 3811//533 3804//532
f 3803//527 3804//532 3796//526
f 3804//532 3492//291 3495//294
f 3804//532 3495//294 3805//531
f 3805//531 3495//294 3497//290
f 3805//531 3497//290 3806//290
f 3806//290 3497//290 3499//296
f 3806//290 3499//296 3807//530
f 3807//530 3499//296 3501//298
f 3807//530 3501//298 3808//529
f 3808//529 3501//298 3503//300
f 3808//529 3503//300 3809//534
f 3809//534 3503//300 3505//289
f 3809//534 3505//289 3810//289
f 3810//289 3505//289 3507//302
f 3810//289 3507//302 3811//533
f 3811//533 3507//302 3492//291
f 3811//533 3492//291 3804//532
usemtl housing_black
f 3812//290 3813//290 3814//290
f 3812//290 3814//290 3815//290
f 3812//290 3815//290 3816//290
f 3812//290 3816//290 3817//290
f 3812//290 3817//290 3818//290
f 3812//290 3818//290 3819//290
f 3812//290 3819//290 3820//290
f 3812//290 3820//290 3821//290
f 3812//290 3821//290 3822//290
f 3812//290 3822//290 3823//290
f 3812//290 3823//290 3824//290
f 3812//290 3824//290 3825//290
f 3812//290 3825//290 3826//290
f 3812//290 3826//290 3827//290
f 3812//290 3827//290 3828//290
f 3812//290 3828//290 3829//290
f 3812//290 3829//290 3830//290
f 3812//290 3830//290 3831//290
f 3812//290 3831//290 3832//290
f 3812//290 3832//290 3833//290
f 3812//290 3833//290 3834//290
f 3812//290 3834//290 3835//290
f 3812//290 3835//290 3836//290
f 3812//290 3836//290 3837//290
f 3812//290 3837//290 3838//290
f 3812//290 3838//290 3839//290
f 3812//290 3839//290 3840//290
f 3812//290 3840//290 3841//290
f 3812//290 3841//290 3842//290
f 3812//290 3842//290 3843//290
f 3812//290 3843//290 3844//290
f 3812//290 3844//290 3845//290
f 3812//290 3845//290 3846//290
f 3812//290 3846//290 3847//290
f 3812//290 3847//290 3848//290
f 3812//290 3848//290 3849//290
f 3812//290 3849//290 3850//290
f 3812//290 3850//290 3851//290
f 3812//290 3851//290 3852//290
f 3812//290 3852//290 3853//290
f 3812//290 3853//290 3854//290
f 3812//290 3854//290 3855//290
f 3812//290 3855//290 3856//290
f 3812//290 3856//290 3857//290
f 3812//290 3857//290 3858//290
f 3812//290 3858//290 3859//290
f 3812//290 3859//290 3860//290
f 3812//290 3860//290 3861//290
f 3812//290 3861//290 3862//290
f 3812//290 3862//290 3863//290
f 3812//290 3863//290 3864//290
f 3812//290 3864//290 3865//290
f 3812//290 3865//290 3866//290
f 3812//290 3866//290 3867//290
f 3812//290 3867//290 3868//290
f 3812//290 3868//290 3869//290
f 3812//290 3869//290 3870//290
f 3812//290 3870//290 3871//290
f 3812//290 3871//290 3872//290
f 3812//290 3872//290 3873//290
f 3812//290 3873//290 3874//290
f 3812//290 3874//290 3875//290
f 3812//290 3875//290 3876//290
f 3812//290 3876//290 3813//290
usemtl vent_dark
f 3877//303 3878//303 3879//303
f 3877//303 3880//303 3878//303
f 3881//303 3882//303 3883//303
f 3881//303 3884//303 3882//303
f 3885//315 3886//315 3887//315
f 3885//315 3888//315 3886//315
f 3889//315 3890//315 3891//315
f 3889//315 3892//315 3890//315
f 3893//327 3894//327 3895//327
f 3893//327 3896//327 3894//327
f 3897//327 3898//327 3899//327
f 3897//327 3900//327 3898//327
f 3901//339 3902//339 3903//339
f 3901//339 3904//339 3902//339
f 3905//339 3906//339 3907//339
f 3905//339 3908//339 3906//339
f 3909//351 3910//351 3911//351
f 3909//351 3912//351 3910//351
f 3913//351 3914//351 3915//351
f 3913//351 3916//351 3914//351
f 3917//363 3918//363 3919//363
f 3917//363 3920//363 3918//363
f 3921//363 3922//363 3923//363
f 3921//363 3924//363 3922//363
f 3925//375 3926//375 3927//375
f 3925//375 3928//375 3926//375
f 3929//375 3930//375 3931//375
f 3929//375 3932//375 3930//375
f 3933//387 3934//387 3935//387
f 3933//387 3936//387 3934//387
f 3937//387 3938//387 3939//387
f 3937//387 3940//387 3938//387
f 3941//399 3942//399 3943//399
f 3941//399 3944//399 3942//399
f 3945//399 3946//399 3947//399
f 3945//399 3948//399 3946//399
f 3949//411 3950//411 3951//411
f 3949//411 3952//411 3950//411
f 3953//411 3954//411 3955//411
f 3953//411 3956//411 3954//411
f 3957//423 3958//423 3959//423
f 3957//423 3960//423 3958//423
f 3961//423 3962//423 3963//423
f 3961//423 3964//423 3962//423
usemtl rubber_black
f 3965//291 3966//547 3967//547
f 3965//291 3967//547 3968//291
f 3966//547 3969//309 3970//309
f 3966//547 3970//309 3967//547
f 3969//309 3971//550 3972//550
f 3969//309 3972//550 3970//309
f 3971//550 3973//327 3974//327
f 3971//550 3974//327 3972//550
f 3973//327 3975//553 3976//553
f 3973//327 3976//553 3974//327
f 3975//553 3977//345 3978//345
f 3975//553 3978//345 3976//553
f 3977//345 3979//556 3980//556
f 3977//345 3980//556 3978//345
f 3979//556 3981//363 3982//363
f 3979//556 3982//363 3980//556
f 3981//363 3983//559 3984//559
f 3981//363 3984//559 3982//363
f 3983//559 3985//381 3986//381
f 3983//559 3986//381 3984//559
f 3985//381 3987//562 3988//562
f 3985//381 3988//562 3986//381
f 3987//562 3989//399 3990//399
f 3987//562 3990//399 3988//562
f 3989//399 3991//565 3992//565
f 3989//399 3992//565 3990//399
f 3991//565 3993//417 3994//417
f 3991//565 3994//417 3992//565
f 3993//417 3995//568 3996//568
f 3993//417 3996//568 3994//417
f 3995//568 3997//298 3998//298
f 3995//568 3998//298 3996//568
f 3997//298 3999//571 4000//571
f 3997//298 4000//571 3998//298
f 3999//571 4001//312 4002//312
f 3999//571 4002//312 4000//571
f 4001//312 4003//574 4004//574
f 4001//312 4004//574 4002//312
f 4003//574 4005//330 4006//330
f 4003//574 4006//330 4004//574
f 4005//330 4007//577 4008//577
f 4005//330 4008//577 4006//330
f 4007//577 4009//348 4010//348
f 4007//577 4010//348 4008//577
f 4009//348 4011//580 4012//580
f 4009//348 4012//580 4010//348
f 4011//580 4013//366 4014//366
f 4011//580 4014//366 4012//580
f 4013//366 4015//583 4016//583
f 4013//366 4016//583 4014//366
f 4015//583 4017//384 4018//384
f 4015//583 4018//384 4016//583
f 4017//384 4019//586 4020//586
f 4017//384 4020//586 4018//384
f 4019//586 4021//402 4022//402
f 4019//586 4022//402 4020//586
f 4021//402 4023//589 4024//589
f 4021//402 4024//589 4022//402
f 4023//589 4025//420 4026//420
f 4023//589 4026//420 4024//589
f 4025//420 4027//592 4028//592
f 4025//420 4028//592 4026//420
f 4027//592 3965//291 3968//291
f 4027//592 3968//291 4028//592
f 3491//289 3966//289 3965//289
f 4029//290 3968//290 3967//290
f 3491//289 3969//289 3966//289
f 4029//290 3967//290 3970//290
f 3491//289 3971//289 3969//289
f 4029//290 3970//290 3972//290
f 3491//289 3973//289 3971//289
f 4029//290 3972//290 3974//290
f 3491//289 3975//289 3973//289
f 4029//290 3974//290 3976//290
f 3491//289 3977//289 3975//289
f 4029//290 3976//290 3978//290
f 3491//289 3979//289 3977//289
f 4029//290 3978//290 3980//290
f 3491//289 3981//289 3979//289
f 4029//290 3980//290 3982//290
f 3491//289 3983//289 3981//289
f 4029//290 3982//290 3984//290
f 3491//289 3985//289 3983//289
f 4029//290 3984//290 3986//290
f 3491//289 3987//289 3985//289
f 4029//290 3986//290 3988//290
f 3491//289 3989//289 3987//289
f 4029//290 3988//290 3990//290
f 3491//289 3991//289 3989//289
f 4029//290 3990//290 3992//290
f 3491//289 3993//289 3991//289
f 4029//290 3992//290 3994//290
f 3491//289 3995//289 3993//289
f 4029//290 3994//290 3996//290
f 3491//289 3997//289 3995//289
f 4029//290 3996//290 3998//290
f 3491//289 3999//289 3997//289
f 4029//290 3998//290 4000//290
f 3491//289 4001//289 3999//289
f 4029//290 4000//290 4002//290
f 3491//289 4003//289 4001//289
f 4029//290 4002//290 4004//290
f 3491//289 4005//289 4003//289
f 4029//290 4004//290 4006//290
f 3491//289 4007//289 4005//289
f 4029//290 4006//290 4008//290
f 3491//289 4009//289 4007//289
f 4029//290 4008//290 4010//290
f 3491//289 4011//289 4009//289
f 4029//290 4010//290 4012//290
f 3491//289 4013//289 4011//289
f 4029//290 4012//290 4014//290
f 3491//289 4015//289 4013//289
f 4029//290 4014//290 4016//290
f 3491//289 4017//289 4015//289
f 4029//290 4016//290 4018//290
f 3491//289 4019//289 4017//289
f 4029//290 4018//290 4020//290
f 3491//289 4021//289 4019//289
f 4029//290 4020//290 4022//290
f 3491//289 4023//289 4021//289
f 4029//290 4022//290 4024//290
f 3491//289 4025//289 4023//289
f 4029//290 4024//290 4026//290
f 3491//289 4027//289 4025//289
f 4029//290 4026//290 4028//290
f 3491//289 3965//289 4027//289
f 4029//290 4028//290 3968//290
usemtl gunmetal
f 4030//291 4031//303 4032//303
f 4030//291 4032//303 4033//291
f 4031//303 4034//315 4035//315
f 4031//303 4035//315 4032//303
f 4034//315 4036//327 4037//327
f 4034//315 4037//327 4035//315
f 4036//327 4038//339 4039//339
f 4036//327 4039//339 4037//327
f 4038//339 4040//351 4041//351
f 4038//339 4041//351 4039//339
f 4040//351 4042//363 4043//363
f 4040//351 4043//363 4041//351
f 4042//363 4044//375 4045//375
f 4042//363 4045//375 4043//363
f 4044//375 4046//387 4047//387
f 4044//375 4047//387 4045//375
f 4046//387 4048//399 4049//399
f 4046//387 4049//399 4047//387
f 4048//399 4050//411 4051//411
f 4048//399 4051//411 4049//399
f 4050//411 4052//423 4053//423
f 4050//411 4053//423 4051//411
f 4052//423 4054//298 4055//298
f 4052//423 4055//298 4053//423
f 4054//298 4056//306 4057//306
f 4054//298 4057//306 4055//298
f 4056//306 4058//318 4059//318
f 4056//306 4059//318 4057//306
f 4058//318 4060//330 4061//330
f 4058//318 4061//330 4059//318
f 4060//330 4062//342 4063//342
f 4060//330 4063//342 4061//330
f 4062//342 4064//354 4065//354
f 4062//342 4065//354 4063//342
f 4064//354 4066//366 4067//366
f 4064//354 4067//366 4065//354
f 4066//366 4068//378 4069//378
f 4066//366 4069//378 4067//366
f 4068//378 4070//390 4071//390
f 4068//378 4071//390 4069//378
f 4070//390 4072//402 4073//402
f 4070//390 4073//402 4071//390
f 4072//402 4074//414 4075//414
f 4072//402 4075//414 4073//402
f 4074//414 4076//426 4077//426
f 4074//414 4077//426 4075//414
f 4076//426 4030//291 4033//291
f 4076//426 4033//291 4077//426
f 4029//289 4031//289 4030//289
f 4078//290 4033//290 4032//290
f 4029//289 4034//289 4031//289
f 4078//290 4032//290 4035//290
f 4029//289 4036//289 4034//289
f 4078//290 4035//290 4037//290
f 4029//289 4038//289 4036//289
f 4078//290 4037//290 4039//290
f 4029//289 4040//289 4038//289
f 4078//290 4039//290 4041//290
f 4029//289 4042//289 4040//289
f 4078//290 4041//290 4043//290
f 4029//289 4044//289 4042//289
f 4078//290 4043//290 4045//290
f 4029//289 4046//289 4044//289
f 4078//290 4045//290 4047//290
f 4029//289 4048//289 4046//289
f 4078//290 4047//290 4049//290
f 4029//289 4050//289 4048//289
f 4078//290 4049//290 4051//290
f 4029//289 4052//289 4050//289
f 4078//290 4051//290 4053//290
f 4029//289 4054//289 4052//289
f 4078//290 4053//290 4055//290
f 4029//289 4056//289 4054//289
f 4078//290 4055//290 4057//290
f 4029//289 4058//289 4056//289
f 4078//290 4057//290 4059//290
f 4029//289 4060//289 4058//289
f 4078//290 4059//290 4061//290
f 4029//289 4062//289 4060//289
f 4078//290 4061//290 4063//290
f 4029//289 4064//289 4062//289
f 4078//290 4063//290 4065//290
f 4029//289 4066//289 4064//289
f 4078//290 4065//290 4067//290
f 4029//289 4068//289 4066//289
f 4078//290 4067//290 4069//290
f 4029//289 4070//289 4068//289
f 4078//290 4069//290 4071//290
f 4029//289 4072//289 4070//289
f 4078//290 4071//290 4073//290
f 4029//289 4074//289 4072//289
f 4078//290 4073//290 4075//290
f 4029//289 4076//289 4074//289
f 4078//290 4075//290 4077//290
f 4029//289 4030//289 4076//289
f 4078//290 4077//290 4033//290
usemtl metal_highlight
f 4079//291 4080//547 4081//594
f 4079//291 4081//594 4082//294
f 4082//294 4081//594 4083//290
f 4082//294 4083//290 4084//290
f 4084//290 4083//290 4085//595
f 4084//290 4085//595 4086//296
f 4086//296 4085//595 4087//571
f 4086//296 4087//571 4088//298
f 4088//298 4087//571 4089//596
f 4088//298 4089//596 4090//300
f 4090//300 4089//596 4091//289
f 4090//300 4091//289 4092//289
f 4092//289 4091//289 4093//597
f 4092//289 4093//597 4094//302
f 4094//302 4093//597 4080//547
f 4094//302 4080//547 4079//291
f 4080//547 4095//309 4096//310
f 4080//547 4096//310 4081//594
f 4081//594 4096//310 4097//290
f 4081//594 4097//290 4083//290
f 4083//290 4097//290 4098//311
f 4083//290 4098//311 4085//595
f 4085//595 4098//311 4099//312
f 4085//595 4099//312 4087//571
f 4087//571 4099//312 4100//313
f 4087//571 4100//313 4089//596
f 4089//596 4100//313 4101//289
f 4089//596 4101//289 4091//289
f 4091//289 4101//289 4102//314
f 4091//289 4102//314 4093//597
f 4093//597 4102//314 4095//309
f 4093//597 4095//309 4080//547
f 4095//309 4103//550 4104//598
f 4095//309 4104//598 4096//310
f 4096//310 4104//598 4105//290
f 4096//310 4105//290 4097//290
f 4097//290 4105//290 4106//599
f 4097//290 4106//599 4098//311
f 4098//311 4106//599 4107//574
f 4098//311 4107//574 4099//312
f 4099//312 4107//574 4108//600
f 4099//312 4108//600 4100//313
f 4100//313 4108//600 4109//289
f 4100//313 4109//289 4101//289
f 4101//289 4109//289 4110//601
f 4101//289 4110//601 4102//314
f 4102//314 4110//601 4103//550
f 4102//314 4103//550 4095//309
f 4103//550 4111//327 4112//328
f 4103//550 4112//328 4104//598
f 4104//598 4112//328 4113//290
f 4104//598 4113//290 4105//290
f 4105//290 4113//290 4114//329
f 4105//290 4114//329 4106//599
f 4106//599 4114//329 4115//330
f 4106//599 4115//330 4107//574
f 4107//574 4115//330 4116//331
f 4107//574 4116//331 4108//600
f 4108//600 4116//331 4117//289
f 4108//600 4117//289 4109//289
f 4109//289 4117//289 4118//332
f 4109//289 4118//332 4110//601
f 4110//601 4118//332 4111//327
f 4110//601 4111//327 4103//550
f 4111//327 4119//553 4120//602
f 4111//327 4120//602 4112//328
f 4112//328 4120//602 4121//290
f 4112//328 4121//290 4113//290
f 4113//290 4121//290 4122//603
f 4113//290 4122//603 4114//329
f 4114//329 4122//603 4123//577
f 4114//329 4123//577 4115//330
f 4115//330 4123//577 4124//604
f 4115//330 4124//604 4116//331
f 4116//331 4124//604 4125//289
f 4116//331 4125//289 4117//289
f 4117//289 4125//289 4126//605
f 4117//289 4126//605 4118//332
f 4118//332 4126//605 4119//553
f 4118//332 4119//553 4111//327
f 4119//553 4127//345 4128//346
f 4119//553 4128//346 4120//602
f 4120//602 4128//346 4129//290
f 4120//602 4129//290 4121//290
f 4121//290 4129//290 4130//347
f 4121//290 4130//347 4122//603
f 4122//603 4130//347 4131//348
f 4122//603 4131//348 4123//577
f 4123//577 4131//348 4132//349
f 4123//577 4132//349 4124//604
f 4124//604 4132//349 4133//289
f 4124//604 4133//289 4125//289
f 4125//289 4133//289 4134//350
f 4125//289 4134//350 4126//605
f 4126//605 4134//350 4127//345
f 4126//605 4127//345 4119//553
f 4127//345 4135//556 4136//606
f 4127//345 4136//606 4128//346
f 4128//346 4136//606 4137//290
f 4128//346 4137//290 4129//290
f 4129//290 4137//290 4138//607
f 4129//290 4138//607 4130//347
f 4130//347 4138//607 4139//580
f 4130//347 4139//580 4131//348
f 4131//348 4139//580 4140//608
f 4131//348 4140//608 4132//349
f 4132//349 4140//608 4141//289
f 4132//349 4141//289 4133//289
f 4133//289 4141//289 4142//609
f 4133//289 4142//609 4134//350
f 4134//350 4142//609 4135//556
f 4134//350 4135//556 4127//345
f 4135//556 4143//363 4144//364
f 4135//556 4144//364 4136//606
f 4136//606 4144//364 4145//290
f 4136//606 4145//290 4137//290
f 4137//290 4145//290 4146//365
f 4137//290 4146//365 4138//607
f 4138//607 4146//365 4147//366
f 4138//607 4147//366 4139//580
f 4139//580 4147//366 4148//367
f 4139//580 4148//367 4140//608
f 4140//608 4148//367 4149//289
f 4140//608 4149//289 4141//289
f 4141//289 4149//289 4150//368
f 4141//289 4150//368 4142//609
f 4142//609 4150//368 4143//363
f 4142//609 4143//363 4135//556
f 4143//363 4151//559 4152//610
f 4143//363 4152//610 4144//364
f 4144//364 4152//610 4153//290
f 4144//364 4153//290 4145//290
f 4145//290 4153//290 4154//611
f 4145//290 4154//611 4146//365
f 4146//365 4154//611 4155//583
f 4146//365 4155//583 4147//366
f 4147//366 4155//583 4156//612
f 4147//366 4156//612 4148//367
f 4148//367 4156//612 4157//289
f 4148//367 4157//289 4149//289
f 4149//289 4157//289 4158//613
f 4149//289 4158//613 4150//368
f 4150//368 4158//613 4151//559
f 4150//368 4151//559 4143//363
f 4151//559 4159//381 4160//382
f 4151//559 4160//382 4152//610
f 4152//610 4160//382 4161//290
f 4152//610 4161//290 4153//290
f 4153//290 4161//290 4162//383
f 4153//290 4162//383 4154//611
f 4154//611 4162//383 4163//384
f 4154//611 4163//384 4155//583
f 4155//583 4163//384 4164//385
f 4155//583 4164//385 4156//612
f 4156//612 4164//385 4165//289
f 4156//612 4165//289 4157//289
f 4157//289 4165//289 4166//386
f 4157//289 4166//386 4158//613
f 4158//613 4166//386 4159//381
f 4158//613 4159//381 4151//559
f 4159//381 4167//562 4168//614
f 4159//381 4168//614 4160//382
f 4160//382 4168//614 4169//290
f 4160//382 4169//290 4161//290
f 4161//290 4169//290 4170//615
f 4161//290 4170//615 4162//383
f 4162//383 4170//615 4171//586
f 4162//383 4171//586 4163//384
f 4163//384 4171//586 4172//616
f 4163//384 4172//616 4164//385
f 4164//385 4172//616 4173//289
f 4164//385 4173//289 4165//289
f 4165//289 4173//289 4174//617
f 4165//289 4174//617 4166//386
f 4166//386 4174//617 4167//562
f 4166//386 4167//562 4159//381
f 4167//562 4175//399 4176//400
f 4167//562 4176//400 4168//614
f 4168//614 4176//400 4177//290
f 4168//614 4177//290 4169//290
f 4169//290 4177//290 4178//401
f 4169//290 4178//401 4170//615
f 4170//615 4178//401 4179//402
f 4170//615 4179//402 4171//586
f 4171//586 4179//402 4180//403
f 4171//586 4180//403 4172//616
f 4172//616 4180//403 4181//289
f 4172//616 4181//289 4173//289
f 4173//289 4181//289 4182//404
f 4173//289 4182//404 4174//617
f 4174//617 4182//404 4175//399
f 4174//617 4175//399 4167//562
f 4175//399 4183//565 4184//618
f 4175//399 4184//618 4176//400
f 4176//400 4184//618 4185//290
f 4176//400 4185//290 4177//290
f 4177//290 4185//290 4186//619
f 4177//290 4186//619 4178//401
f 4178//401 4186//619 4187//589
f 4178//401 4187//589 4179//402
f 4179//402 4187//589 4188//620
f 4179//402 4188//620 4180//403
f 4180//403 4188//620 4189//289
f 4180//403 4189//289 4181//289
f 4181//289 4189//289 4190//621
f 4181//289 4190//621 4182//404
f 4182//404 4190//621 4183//565
f 4182//404 4183//565 4175//399
f 4183//565 4191//417 4192//418
f 4183//565 4192//418 4184//618
f 4184//618 4192//418 4193//290
f 4184//618 4193//290 4185//290
f 4185//290 4193//290 4194//419
f 4185//290 4194//419 4186//619
f 4186//619 4194//419 4195//420
f 4186//619 4195//420 4187//589
f 4187//589 4195//420 4196//421
f 4187//589 4196//421 4188//620
f 4188//620 4196//421 4197//289
f 4188//620 4197//289 4189//289
f 4189//289 4197//289 4198//422
f 4189//289 4198//422 4190//621
f 4190//621 4198//422 4191//417
f 4190//621 4191//417 4183//565
f 4191//417 4199//568 4200//622
f 4191//417 4200//622 4192//418
f 4192//418 4200//622 4201//290
f 4192//418 4201//290 4193//290
f 4193//290 4201//290 4202//623
f 4193//290 4202//623 4194//419
f 4194//419 4202//623 4203//592
f 4194//419 4203//592 4195//420
f 4195//420 4203//592 4204//624
f 4195//420 4204//624 4196//421
f 4196//421 4204//624 4205//289
f 4196//421 4205//289 4197//289
f 4197//289 4205//289 4206//625
f 4197//289 4206//625 4198//422
f 4198//422 4206//625 4199//568
f 4198//422 4199//568 4191//417
f 4199//568 4207//298 4208//296
f 4199//568 4208//296 4200//622
f 4200//622 4208//296 4209//290
f 4200//622 4209//290 4201//290
f 4201//290 4209//290 4210//294
f 4201//290 4210//294 4202//623
f 4202//623 4210//294 4211//291
f 4202//623 4211//291 4203//592
f 4203//592 4211//291 4212//302
f 4203//592 4212//302 4204//624
f 4204//624 4212//302 4213//289
f 4204//624 4213//289 4205//289
f 4205//289 4213//289 4214//300
f 4205//289 4214//300 4206//625
f 4206//625 4214//300 4207//298
f 4206//625 4207//298 4199//568
f 4207//298 4215//571 4216//595
f 4207//298 4216//595 4208//296
f 4208//296 4216//595 4217//290
f 4208//296 4217//290 4209//290
f 4209//290 4217//290 4218//594
f 4209//290 4218//594 4210//294
f 4210//294 4218//594 4219//547
f 4210//294 4219//547 4211//291
f 4211//291 4219//547 4220//597
f 4211//291 4220//597 4212//302
f 4212//302 4220//597 4221//289
f 4212//302 4221//289 4213//289
f 4213//289 4221//289 4222//596
f 4213//289 4222//596 4214//300
f 4214//300 4222//596 4215//571
f 4214//300 4215//571 4207//298
f 4215//571 4223//312 4224//311
f 4215//571 4224//311 4216//595
f 4216//595 4224//311 4225//290
f 4216//595 4225//290 4217//290
f 4217//290 4225//290 4226//310
f 4217//290 4226//310 4218//594
f 4218//594 4226//310 4227//309
f 4218//594 4227//309 4219//547
f 4219//547 4227//309 4228//314
f 4219//547 4228//314 4220//597
f 4220//597 4228//314 4229//289
f 4220//597 4229//289 4221//289
f 4221//289 4229//289 4230//313
f 4221//289 4230//313 4222//596
f 4222//596 4230//313 4223//312
f 4222//596 4223//312 4215//571
f 4223//312 4231//574 4232//599
f 4223//312 4232//599 4224//311
f 4224//311 4232//599 4233//290
f 4224//311 4233//290 4225//290
f 4225//290 4233//290 4234//598
f 4225//290 4234//598 4226//310
f 4226//310 4234//598 4235//550
f 4226//310 4235//550 4227//309
f 4227//309 4235//550 4236//601
f 4227//309 4236//601 4228//314
f 4228//314 4236//601 4237//289
f 4228//314 4237//289 4229//289
f 4229//289 4237//289 4238//600
f 4229//289 4238//600 4230//313
f 4230//313 4238//600 4231//574
f 4230//313 4231//574 4223//312
f 4231//574 4239//330 4240//329
f 4231//574 4240//329 4232//599
f 4232//599 4240//329 4241//290
f 4232//599 4241//290 4233//290
f 4233//290 4241//290 4242//328
f 4233//290 4242//328 4234//598
f 4234//598 4242//328 4243//327
f 4234//598 4243//327 4235//550
f 4235//550 4243//327 4244//332
f 4235//550 4244//332 4236//601
f 4236//601 4244//332 4245//289
f 4236//601 4245//289 4237//289
f 4237//289 4245//289 4246//331
f 4237//289 4246//331 4238//600
f 4238//600 4246//331 4239//330
f 4238//600 4239//330 4231//574
f 4239//330 4247//577 4248//603
f 4239//330 4248//603 4240//329
f 4240//329 4248//603 4249//290
f 4240//329 4249//290 4241//290
f 4241//290 4249//290 4250//602
f 4241//290 4250//602 4242//328
f 4242//328 4250//602 4251//553
f 4242//328 4251//553 4243//327
f 4243//327 4251//553 4252//605
f 4243//327 4252//605 4244//332
f 4244//332 4252//605 4253//289
f 4244//332 4253//289 4245//289
f 4245//289 4253//289 4254//604
f 4245//289 4254//604 4246//331
f 4246//331 4254//604 4247//577
f 4246//331 4247//577 4239//330
f 4247//577 4255//348 4256//347
f 4247//577 4256//347 4248//603
f 4248//603 4256//347 4257//290
f 4248//603 4257//290 4249//290
f 4249//290 4257//290 4258//346
f 4249//290 4258//346 4250//602
f 4250//602 4258//346 4259//345
f 4250//602 4259//345 4251//553
f 4251//553 4259//345 4260//350
f 4251//553 4260//350 4252//605
f 4252//605 4260//350 4261//289
f 4252//605 4261//289 4253//289
f 4253//289 4261//289 4262//349
f 4253//289 4262//349 4254//604
f 4254//604 4262//349 4255//348
f 4254//604 4255//348 4247//577
f 4255//348 4263//580 4264//607
f 4255//348 4264//607 4256//347
f 4256//347 4264//607 4265//290
f 4256//347 4265//290 4257//290
f 4257//290 4265//290 4266//606
f 4257//290 4266//606 4258//346
f 4258//346 4266//606 4267//556
f 4258//346 4267//556 4259//345
f 4259//345 4267//556 4268//609
f 4259//345 4268//609 4260//350
f 4260//350 4268//609 4269//289
f 4260//350 4269//289 4261//289
f 4261//289 4269//289 4270//608
f 4261//289 4270//608 4262//349
f 4262//349 4270//608 4263//580
f 4262//349 4263//580 4255//348
f 4263//580 4271//366 4272//365
f 4263//580 4272//365 4264//607
f 4264//607 4272//365 4273//290
f 4264//607 4273//290 4265//290
f 4265//290 4273//290 4274//364
f 4265//290 4274//364 4266//606
f 4266//606 4274//364 4275//363
f 4266//606 4275//363 4267//556
f 4267//556 4275//363 4276//368
f 4267//556 4276//368 4268//609
f 4268//609 4276//368 4277//289
f 4268//609 4277//289 4269//289
f 4269//289 4277//289 4278//367
f 4269//289 4278//367 4270//608
f 4270//608 4278//367 4271//366
f 4270//608 4271//366 4263//580
f 4271//366 4279//583 4280//611
f 4271//366 4280//611 4272//365
f 4272//365 4280//611 4281//290
f 4272//365 4281//290 4273//290
f 4273//290 4281//290 4282//610
f 4273//290 4282//610 4274//364
f 4274//364 4282//610 4283//559
f 4274//364 4283//559 4275//363
f 4275//363 4283//559 4284//613
f 4275//363 4284//613 4276//368
f 4276//368 4284//613 4285//289
f 4276//368 4285//289 4277//289
f 4277//289 4285//289 4286//612
f 4277//289 4286//612 4278//367
f 4278//367 4286//612 4279//583
f 4278//367 4279//583 4271//366
f 4279//583 4287//384 4288//383
f 4279//583 4288//383 4280//611
f 4280//611 4288//383 4289//290
f 4280//611 4289//290 4281//290
f 4281//290 4289//290 4290//382
f 4281//290 4290//382 4282//610
f 4282//610 4290//382 4291//381
f 4282//610 4291//381 4283//559
f 4283//559 4291//381 4292//386
f 4283//559 4292//386 4284//613
f 4284//613 4292//386 4293//289
f 4284//613 4293//289 4285//289
f 4285//289 4293//289 4294//385
f 4285//289 4294//385 4286//612
f 4286//612 4294//385 4287//384
f 4286//612 4287//384 4279//583
f 4287//384 4295//586 4296//615
f 4287//384 4296//615 4288//383
f 4288//383 4296//615 4297//290
f 4288//383 4297//290 4289//290
f 4289//290 4297//290 4298//614
f 4289//290 4298//614 4290//382
f 4290//382 4298//614 4299//562
f 4290//382 4299//562 4291//381
f 4291//381 4299//562 4300//617
f 4291//381 4300//617 4292//386
f 4292//386 4300//617 4301//289
f 4292//386 4301//289 4293//289
f 4293//289 4301//289 4302//616
f 4293//289 4302//616 4294//385
f 4294//385 4302//616 4295//586
f 4294//385 4295//586 4287//384
f 4295//586 4303//402 4304//401
f 4295//586 4304//401 4296//615
f 4296//615 4304//401 4305//290
f 4296//615 4305//290 4297//290
f 4297//290 4305//290 4306//400
f 4297//290 4306//400 4298//614
f 4298//614 4306//400 4307//399
f 4298//614 4307//399 4299//562
f 4299//562 4307//399 4308//404
f 4299//562 4308//404 4300//617
f 4300//617 4308//404 4309//289
f 4300//617 4309//289 4301//289
f 4301//289 4309//289 4310//403
f 4301//289 4310//403 4302//616
f 4302//616 4310//403 4303//402
f 4302//616 4303//402 4295//586
f 4303//402 4311//589 4312//619
f 4303//402 4312//619 4304//401
f 4304//401 4312//619 4313//290
f 4304//401 4313//290 4305//290
f 4305//290 4313//290 4314//618
f 4305//290 4314//618 4306//400
f 4306//400 4314//618 4315//565
f 4306//400 4315//565 4307//399
f 4307//399 4315//565 4316//621
f 4307//399 4316//621 4308//404
f 4308//404 4316//621 4317//289
f 4308//404 4317//289 4309//289
f 4309//289 4317//289 4318//620
f 4309//289 4318//620 4310//403
f 4310//403 4318//620 4311//589
f 4310//403 4311//589 4303//402
f 4311//589 4319//420 4320//419
f 4311//589 4320//419 4312//619
f 4312//619 4320//419 4321//290
f 4312//619 4321//290 4313//290
f 4313//290 4321//290 4322//418
f 4313//290 4322//418 4314//618
f 4314//618 4322//418 4323//417
f 4314//618 4323//417 4315//565
f 4315//565 4323//417 4324//422
f 4315//565 4324//422 4316//621
f 4316//621 4324//422 4325//289
f 4316//621 4325//289 4317//289
f 4317//289 4325//289 4326//421
f 4317//289 4326//421 4318//620
f 4318//620 4326//421 4319//420
f 4318//620 4319//420 4311//589
f 4319//420 4327//592 4328//623
f 4319//420 4328//623 4320//419
f 4320//419 4328//623 4329//290
f 4320//419 4329//290 4321//290
f 4321//290 4329//290 4330//622
f 4321//290 4330//622 4322//418
f 4322//418 4330//622 4331//568
f 4322//418 4331//568 4323//417
f 4323//417 4331//568 4332//625
f 4323//417 4332//625 4324//422
f 4324//422 4332//625 4333//289
f 4324//422 4333//289 4325//289
f 4325//289 4333//289 4334//624
f 4325//289 4334//624 4326//421
f 4326//421 4334//624 4327//592
f 4326//421 4327//592 4319//420
f 4327//592 4079//291 4082//294
f 4327//592 4082//294 4328//623
f 4328//623 4082//294 4084//290
f 4328//623 4084//290 4329//290
f 4329//290 4084//290 4086//296
f 4329//290 4086//296 4330//622
f 4330//622 4086//296 4088//298
f 4330//622 4088//298 4331//568
f 4331//568 4088//298 4090//300
f 4331//568 4090//300 4332//625
f 4332//625 4090//300 4092//289
f 4332//625 4092//289 4333//289
f 4333//289 4092//289 4094//302
f 4333//289 4094//302 4334//624
f 4334//624 4094//302 4079//291
f 4334//624 4079//291 4327//592
usemtl housing_black
f 4335//626 4336//626 4337//626
f 4335//626 4337//626 4338//626
f 4339//627 4340//627 4341//627
f 4339//627 4341//627 4342//627
usemtl gunmetal
f 4335//628 4342//628 4341//628
f 4335//628 4341//628 4336//628
f 4336//629 4341//629 4340//629
f 4336//629 4340//629 4337//629
f 4337//630 4340//630 4339//630
f 4337//630 4339//630 4338//630
f 4338//631 4339//631 4342//631
f 4338//631 4342//631 4335//631
usemtl housing_black
f 4343//632 4344//632 4345//632
f 4343//632 4345//632 4346//632
f 4347//633 4348//633 4349//633
f 4347//633 4349//633 4350//633
usemtl gunmetal
f 4343//634 4350//634 4349//634
f 4343//634 4349//634 4344//634
f 4344//635 4349//635 4348//635
f 4344//635 4348//635 4345//635
f 4345//636 4348//636 4347//636
f 4345//636 4347//636 4346//636
f 4346//637 4347//637 4350//637
f 4346//637 4350//637 4343//637
usemtl housing_black
f 4351//638 4352//638 4353//638
f 4351//639 4353//639 4354//639
f 4355//640 4356//640 4357//640
f 4355//641 4357//641 4358//641
usemtl gunmetal
f 4351//642 4358//642 4357//642
f 4351//642 4357//642 4352//642
f 4352//643 4357//643 4356//643
f 4352//643 4356//643 4353//643
f 4353//644 4356//644 4355//644
f 4353//644 4355//644 4354//644
f 4354//645 4355//645 4358//645
f 4354//645 4358//645 4351//645
usemtl housing_black
f 4359//646 4360//646 4361//646
f 4359//647 4361//647 4362//647
f 4363//648 4364//648 4365//648
f 4363//649 4365//649 4366//649
usemtl gunmetal
f 4359//650 4366//650 4365//650
f 4359//650 4365//650 4360//650
f 4360//651 4365//651 4364//651
f 4360//651 4364//651 4361//651
f 4361//652 4364//652 4363//652
f 4361//652 4363//652 4362//652
f 4362//653 4363//653 4366//653
f 4362//653 4366//653 4359//653
f 4367//363 4368//654 4369//654
f 4367//363 4369//654 4370//363
f 4368//654 4371//364 4372//364
f 4368//654 4372//364 4369//654
f 4371//364 4373//655 4374//655
f 4371//364 4374//655 4372//364
f 4373//655 4375//290 4376//290
f 4373//655 4376//290 4374//655
f 4375//290 4377//656 4378//656
f 4375//290 4378//656 4376//290
f 4377//656 4379//365 4380//365
f 4377//656 4380//365 4378//656
f 4379//365 4381//657 4382//657
f 4379//365 4382//657 4380//365
f 4381//657 4383//366 4384//366
f 4381//657 4384//366 4382//657
f 4383//366 4385//658 4386//658
f 4383//366 4386//658 4384//366
f 4385//658 4387//367 4388//367
f 4385//658 4388//367 4386//658
f 4387//367 4389//659 4390//659
f 4387//367 4390//659 4388//367
f 4389//659 4391//289 4392//289
f 4389//659 4392//289 4390//659
f 4391//289 4393//660 4394//660
f 4391//289 4394//660 4392//289
f 4393//660 4395//368 4396//368
f 4393//660 4396//368 4394//660
f 4395//368 4397//661 4398//661
f 4395//368 4398//661 4396//368
f 4397//661 4367//363 4370//363
f 4397//661 4370//363 4398//661
f 4399//298 4368//298 4367//298
f 4400//291 4370//291 4369//291
f 4399//298 4371//298 4368//298
f 4400//291 4369//291 4372//291
f 4399//298 4373//298 4371//298
f 4400//291 4372//291 4374//291
f 4399//298 4375//298 4373//298
f 4400//291 4374//291 4376//291
f 4399//298 4377//298 4375//298
f 4400//291 4376//291 4378//291
f 4399//298 4379//298 4377//298
f 4400//291 4378//291 4380//291
f 4399//298 4381//298 4379//298
f 4400//291 4380//291 4382//291
f 4399//298 4383//298 4381//298
f 4400//291 4382//291 4384//291
f 4399//298 4385//298 4383//298
f 4400//291 4384//291 4386//291
f 4399//298 4387//298 4385//298
f 4400//291 4386//291 4388//291
f 4399//298 4389//298 4387//298
f 4400//291 4388//291 4390//291
f 4399//298 4391//298 4389//298
f 4400//291 4390//291 4392//291
f 4399//298 4393//298 4391//298
f 4400//291 4392//291 4394//291
f 4399//298 4395//298 4393//298
f 4400//291 4394//291 4396//291
f 4399//298 4397//298 4395//298
f 4400//291 4396//291 4398//291
f 4399//298 4367//298 4397//298
f 4400//291 4398//291 4370//291
usemtl metal_highlight
f 4401//363 4402//654 4403//654
f 4401//363 4403//654 4404//363
f 4402//654 4405//364 4406//364
f 4402//654 4406//364 4403//654
f 4405//364 4407//655 4408//655
f 4405//364 4408//655 4406//364
f 4407//655 4409//290 4410//290
f 4407//655 4410//290 4408//655
f 4409//290 4411//656 4412//656
f 4409//290 4412//656 4410//290
f 4411//656 4413//365 4414//365
f 4411//656 4414//365 4412//656
f 4413//365 4415//657 4416//657
f 4413//365 4416//657 4414//365
f 4415//657 4417//366 4418//366
f 4415//657 4418//366 4416//657
f 4417//366 4419//658 4420//658
f 4417//366 4420//658 4418//366
f 4419//658 4421//367 4422//367
f 4419//658 4422//367 4420//658
f 4421//367 4423//659 4424//659
f 4421//367 4424//659 4422//367
f 4423//659 4425//289 4426//289
f 4423//659 4426//289 4424//659
f 4425//289 4427//660 4428//660
f 4425//289 4428//660 4426//289
f 4427//660 4429//368 4430//368
f 4427//660 4430//368 4428//660
f 4429//368 4431//661 4432//661
f 4429//368 4432//661 4430//368
f 4431//661 4401//363 4404//363
f 4431//661 4404//363 4432//661
f 4433//298 4402//298 4401//298
f 4434//291 4404//291 4403//291
f 4433//298 4405//298 4402//298
f 4434//291 4403//291 4406//291
f 4433//298 4407//298 4405//298
f 4434//291 4406//291 4408//291
f 4433//298 4409//298 4407//298
f 4434//291 4408//291 4410//291
f 4433//298 4411//298 4409//298
f 4434//291 4410//291 4412//291
f 4433//298 4413//298 4411//298
f 4434//291 4412//291 4414//291
f 4433//298 4415//298 4413//298
f 4434//291 4414//291 4416//291
f 4433//298 4417//298 4415//298
f 4434//291 4416//291 4418//291
f 4433//298 4419//298 4417//298
f 4434//291 4418//291 4420//291
f 4433//298 4421//298 4419//298
f 4434//291 4420//291 4422//291
f 4433//298 4423//298 4421//298
f 4434//291 4422//291 4424//291
f 4433//298 4425//298 4423//298
f 4434//291 4424//291 4426//291
f 4433//298 4427//298 4425//298
f 4434//291 4426//291 4428//291
f 4433//298 4429//298 4427//298
f 4434//291 4428//291 4430//291
f 4433//298 4431//298 4429//298
f 4434//291 4430//291 4432//291
f 4433//298 4401//298 4431//298
f 4434//291 4432//291 4404//291
usemtl gunmetal
f 4435//363 4436//654 4437//654
f 4435//363 4437//654 4438//363
f 4436//654 4439//364 4440//364
f 4436//654 4440//364 4437//654
f 4439//364 4441//655 4442//655
f 4439//364 4442//655 4440//364
f 4441//655 4443//290 4444//290
f 4441//655 4444//290 4442//655
f 4443//290 4445//656 4446//656
f 4443//290 4446//656 4444//290
f 4445//656 4447//365 4448//365
f 4445//656 4448//365 4446//656
f 4447//365 4449//657 4450//657
f 4447//365 4450//657 4448//365
f 4449//657 4451//366 4452//366
f 4449//657 4452//366 4450//657
f 4451//366 4453//658 4454//658
f 4451//366 4454//658 4452//366
f 4453//658 4455//367 4456//367
f 4453//658 4456//367 4454//658
f 4455//367 4457//659 4458//659
f 4455//367 4458//659 4456//367
f 4457//659 4459//289 4460//289
f 4457//659 4460//289 4458//659
f 4459//289 4461//660 4462//660
f 4459//289 4462//660 4460//289
f 4461//660 4463//368 4464//368
f 4461//660 4464//368 4462//660
f 4463//368 4465//661 4466//661
f 4463//368 4466//661 4464//368
f 4465//661 4435//363 4438//363
f 4465//661 4438//363 4466//661
f 4467//298 4436//298 4435//298
f 4468//291 4438//291 4437//291
f 4467//298 4439//298 4436//298
f 4468//291 4437//291 4440//291
f 4467//298 4441//298 4439//298
f 4468//291 4440//291 4442//291
f 4467//298 4443//298 4441//298
f 4468//291 4442//291 4444//291
f 4467//298 4445//298 4443//298
f 4468//291 4444//291 4446//291
f 4467//298 4447//298 4445//298
f 4468//291 4446//291 4448//291
f 4467//298 4449//298 4447//298
f 4468//291 4448//291 4450//291
f 4467//298 4451//298 4449//298
f 4468//291 4450//291 4452//291
f 4467//298 4453//298 4451//298
f 4468//291 4452//291 4454//291
f 4467//298 4455//298 4453//298
f 4468//291 4454//291 4456//291
f 4467//298 4457//298 4455//298
f 4468//291 4456//291 4458//291
f 4467//298 4459//298 4457//298
f 4468//291 4458//291 4460//291
f 4467//298 4461//298 4459//298
f 4468//291 4460//291 4462//291
f 4467//298 4463//298 4461//298
f 4468//291 4462//291 4464//291
f 4467//298 4465//298 4463//298
f 4468//291 4464//291 4466//291
f 4467//298 4435//298 4465//298
f 4468//291 4466//291 4438//291
usemtl metal_highlight
f 4469//363 4470//654 4471//654
f 4469//363 4471//654 4472//363
f 4470//654 4473//364 4474//364
f 4470//654 4474//364 4471//654
f 4473//364 4475//655 4476//655
f 4473//364 4476//655 4474//364
f 4475//655 4477//290 4478//290
f 4475//655 4478//290 4476//655
f 4477//290 4479//656 4480//656
f 4477//290 4480//656 4478//290
f 4479//656 4481//365 4482//365
f 4479//656 4482//365 4480//656
f 4481//365 4483//657 4484//657
f 4481//365 4484//657 4482//365
f 4483//657 4485//366 4486//366
f 4483//657 4486//366 4484//657
f 4485//366 4487//658 4488//658
f 4485//366 4488//658 4486//366
f 4487//658 4489//367 4490//367
f 4487//658 4490//367 4488//658
f 4489//367 4491//659 4492//659
f 4489//367 4492//659 4490//367
f 4491//659 4493//289 4494//289
f 4491//659 4494//289 4492//659
f 4493//289 4495//660 4496//660
f 4493//289 4496//660 4494//289
f 4495//660 4497//368 4498//368
f 4495//660 4498//368 4496//660
f 4497//368 4499//661 4500//661
f 4497//368 4500//661 4498//368
f 4499//661 4469//363 4472//363
f 4499//661 4472//363 4500//661
f 4501//298 4470//298 4469//298
f 4502//291 4472//291 4471//291
f 4501//298 4473//298 4470//298
f 4502//291 4471//291 4474//291
f 4501//298 4475//298 4473//298
f 4502//291 4474//291 4476//291
f 4501//298 4477//298 4475//298
f 4502//291 4476//291 4478//291
f 4501//298 4479//298 4477//298
f 4502//291 4478//291 4480//291
f 4501//298 4481//298 4479//298
f 4502//291 4480//291 4482//291
f 4501//298 4483//298 4481//298
f 4502//291 4482//291 4484//291
f 4501//298 4485//298 4483//298
f 4502//291 4484//291 4486//291
f 4501//298 4487//298 4485//298
f 4502//291 4486//291 4488//291
f 4501//298 4489//298 4487//298
f 4502//291 4488//291 4490//291
f 4501//298 4491//298 4489//298
f 4502//291 4490//291 4492//291
f 4501//298 4493//298 4491//298
f 4502//291 4492//291 4494//291
f 4501//298 4495//298 4493//298
f 4502//291 4494//291 4496//291
f 4501//298 4497//298 4495//298
f 4502//291 4496//291 4498//291
f 4501//298 4499//298 4497//298
f 4502//291 4498//291 4500//291
f 4501//298 4469//298 4499//298
f 4502//291 4500//291 4472//291
usemtl housing_edge
f 4503//298 4504//662 4505//298
f 4503//298 4506//662 4504//662
f 4506//662 4507//663 4504//662
f 4506//662 4508//663 4507//663
f 4508//663 4509//664 4507//663
f 4508//663 4510//664 4509//664
f 4510//664 4511//665 4509//664
f 4510//664 4512//665 4511//665
f 4512//665 4513//291 4511//665
f 4512//665 4514//291 4513//291
f 4514//291 4515//666 4513//291
f 4514//291 4516//666 4515//666
f 4516//666 4517//667 4515//666
f 4516//666 4518//667 4517//667
f 4518//667 4519//668 4517//667
f 4518//667 4520//668 4519//668
f 4520//668 4521//669 4519//668
f 4520//668 4522//669 4521//669
f 4522//669 4505//298 4521//669
f 4522//669 4503//298 4505//298
f 4505//298 4523//662 4524//298
f 4505//298 4504//662 4523//662
f 4504//662 4525//663 4523//662
f 4504//662 4507//663 4525//663
f 4507//663 4526//664 4525//663
f 4507//663 4509//664 4526//664
f 4509//664 4527//665 4526//664
f 4509//664 4511//665 4527//665
f 4511//665 4528//291 4527//665
f 4511//665 4513//291 4528//291
f 4513//291 4529//666 4528//291
f 4513//291 4515//666 4529//666
f 4515//666 4530//667 4529//666
f 4515//666 4517//667 4530//667
f 4517//667 4531//668 4530//667
f 4517//667 4519//668 4531//668
f 4519//668 4532//669 4531//668
f 4519//668 4521//669 4532//669
f 4521//669 4524//298 4532//669
f 4521//669 4505//298 4524//298
f 4524//298 4533//662 4534//298
f 4524//298 4523//662 4533//662
f 4523//662 4535//663 4533//662
f 4523//662 4525//663 4535//663
f 4525//663 4536//664 4535//663
f 4525//663 4526//664 4536//664
f 4526//664 4537//665 4536//664
f 4526//664 4527//665 4537//665
f 4527//665 4538//291 4537//665
f 4527//665 4528//291 4538//291
f 4528//291 4539//666 4538//291
f 4528//291 4529//666 4539//666
f 4529//666 4540//667 4539//666
f 4529//666 4530//667 4540//667
f 4530//667 4541//668 4540//667
f 4530//667 4531//668 4541//668
f 4531//668 4542//669 4541//668
f 4531//668 4532//669 4542//669
f 4532//669 4534//298 4542//669
f 4532//669 4524//298 4534//298
f 4534//298 4543//662 4544//298
f 4534//298 4533//662 4543//662
f 4533//662 4545//663 4543//662
f 4533//662 4535//663 4545//663
f 4535//663 4546//664 4545//663
f 4535//663 4536//664 4546//664
f 4536//664 4547//665 4546//664
f 4536//664 4537//665 4547//665
f 4537//665 4548//291 4547//665
f 4537//665 4538//291 4548//291
f 4538//291 4549//666 4548//291
f 4538//291 4539//666 4549//666
f 4539//666 4550//667 4549//666
f 4539//666 4540//667 4550//667
f 4540//667 4551//668 4550//667
f 4540//667 4541//668 4551//668
f 4541//668 4552//669 4551//668
f 4541//668 4542//669 4552//669
f 4542//669 4544//298 4552//669
f 4542//669 4534//298 4544//298
f 4544//298 4553//662 4554//298
f 4544//298 4543//662 4553//662
f 4543//662 4555//663 4553//662
f 4543//662 4545//663 4555//663
f 4545//663 4556//664 4555//663
f 4545//663 4546//664 4556//664
f 4546//664 4557//665 4556//664
f 4546//664 4547//665 4557//665
f 4547//665 4558//291 4557//665
f 4547//665 4548//291 4558//291
f 4548//291 4559//666 4558//291
f 4548//291 4549//666 4559//666
f 4549//666 4560//667 4559//666
f 4549//666 4550//667 4560//667
f 4550//667 4561//668 4560//667
f 4550//667 4551//668 4561//668
f 4551//668 4562//669 4561//668
f 4551//668 4552//669 4562//669
f 4552//669 4554//298 4562//669
f 4552//669 4544//298 4554//298
f 4554//298 4563//662 4564//298
f 4554//298 4553//662 4563//662
f 4553//662 4565//663 4563//662
f 4553//662 4555//663 4565//663
f 4555//663 4566//664 4565//663
f 4555//663 4556//664 4566//664
f 4556//664 4567//665 4566//664
f 4556//664 4557//665 4567//665
f 4557//665 4568//291 4567//665
f 4557//665 4558//291 4568//291
f 4558//291 4569//666 4568//291
f 4558//291 4559//666 4569//666
f 4559//666 4570//667 4569//666
f 4559//666 4560//667 4570//667
f 4560//667 4571//668 4570//667
f 4560//667 4561//668 4571//668
f 4561//668 4572//669 4571//668
f 4561//668 4562//669 4572//669
f 4562//669 4564//298 4572//669
f 4562//669 4554//298 4564//298
f 4564//298 4573//662 4574//298
f 4564//298 4563//662 4573//662
f 4563//662 4575//663 4573//662
f 4563//662 4565//663 4575//663
f 4565//663 4576//664 4575//663
f 4565//663 4566//664 4576//664
f 4566//664 4577//665 4576//664
f 4566//664 4567//665 4577//665
f 4567//665 4578//291 4577//665
f 4567//665 4568//291 4578//291
f 4568//291 4579//666 4578//291
f 4568//291 4569//666 4579//666
f 4569//666 4580//667 4579//666
f 4569//666 4570//667 4580//667
f 4570//667 4581//668 4580//667
f 4570//667 4571//668 4581//668
f 4571//668 4582//669 4581//668
f 4571//668 4572//669 4582//669
f 4572//669 4574//298 4582//669
f 4572//669 4564//298 4574//298
f 4574//298 4583//662 4584//298
f 4574//298 4573//662 4583//662
f 4573//662 4585//663 4583//662
f 4573//662 4575//663 4585//663
f 4575//663 4586//664 4585//663
f 4575//663 4576//664 4586//664
f 4576//664 4587//665 4586//664
f 4576//664 4577//665 4587//665
f 4577//665 4588//291 4587//665
f 4577//665 4578//291 4588//291
f 4578//291 4589//666 4588//291
f 4578//291 4579//666 4589//666
f 4579//666 4590//667 4589//666
f 4579//666 4580//667 4590//667
f 4580//667 4591//668 4590//667
f 4580//667 4581//668 4591//668
f 4581//668 4592//669 4591//668
f 4581//668 4582//669 4592//669
f 4582//669 4584//298 4592//669
f 4582//669 4574//298 4584//298
f 4584//298 4593//662 4594//298
f 4584//298 4583//662 4593//662
f 4583//662 4595//663 4593//662
f 4583//662 4585//663 4595//663
f 4585//663 4596//664 4595//663
f 4585//663 4586//664 4596//664
f 4586//664 4597//665 4596//664
f 4586//664 4587//665 4597//665
f 4587//665 4598//291 4597//665
f 4587//665 4588//291 4598//291
f 4588//291 4599//666 4598//291
f 4588//291 4589//666 4599//666
f 4589//666 4600//667 4599//666
f 4589//666 4590//667 4600//667
f 4590//667 4601//668 4600//667
f 4590//667 4591//668 4601//668
f 4591//668 4602//669 4601//668
f 4591//668 4592//669 4602//669
f 4592//669 4594//298 4602//669
f 4592//669 4584//298 4594//298
f 4594//298 4603//662 4604//298
f 4594//298 4593//662 4603//662
f 4593//662 4605//663 4603//662
f 4593//662 4595//663 4605//663
f 4595//663 4606//664 4605//663
f 4595//663 4596//664 4606//664
f 4596//664 4607//665 4606//664
f 4596//664 4597//665 4607//665
f 4597//665 4608//291 4607//665
f 4597//665 4598//291 4608//291
f 4598//291 4609//666 4608//291
f 4598//291 4599//666 4609//666
f 4599//666 4610//667 4609//666
f 4599//666 4600//667 4610//667
f 4600//667 4611//668 4610//667
f 4600//667 4601//668 4611//668
f 4601//668 4612//669 4611//668
f 4601//668 4602//669 4612//669
f 4602//669 4604//298 4612//669
f 4602//669 4594//298 4604//298
f 4604//298 4613//670 4614//671
f 4604//298 4603//662 4613//670
f 4603//662 4615//672 4613//670
f 4603//662 4605//663 4615//672
f 4605//663 4616//673 4615//672
f 4605//663 4606//664 4616//673
f 4606//664 4617//674 4616//673
f 4606//664 4607//665 4617//674
f 4607//665 4618//675 4617//674
f 4607//665 4608//291 4618//675
f 4608//291 4619//676 4618//675
f 4608//291 4609//666 4619//676
f 4609//666 4620//677 4619//676
f 4609//666 4610//667 4620//677
f 4610//667 4621//678 4620//677
f 4610//667 4611//668 4621//678
f 4611//668 4622//679 4621//678
f 4611//668 4612//669 4622//679
f 4612//669 4614//671 4622//679
f 4612//669 4604//298 4614//671
f 4614//671 4623//680 4624//681
f 4614//671 4613//670 4623//680
f 4613//670 4625//682 4623//680
f 4613//670 4615//672 4625//682
f 4615//672 4626//683 4625//682
f 4615//672 4616//673 4626//683
f 4616//673 4627//684 4626//683
f 4616//673 4617//674 4627//684
f 4617//674 4628//685 4627//684
f 4617//674 4618//675 4628//685
f 4618//675 4629//686 4628//685
f 4618//675 4619//676 4629//686
f 4619//676 4630//687 4629//686
f 4619//676 4620//677 4630//687
f 4620//677 4631//688 4630//687
f 4620//677 4621//678 4631//688
f 4621//678 4632//689 4631//688
f 4621//678 4622//679 4632//689
f 4622//679 4624//681 4632//689
f 4622//679 4614//671 4624//681
f 4624//681 4633//690 4634//691
f 4624//681 4623//680 4633//690
f 4623//680 4635//692 4633//690
f 4623//680 4625//682 4635//692
f 4625//682 4636//693 4635//692
f 4625//682 4626//683 4636//693
f 4626//683 4637//694 4636//693
f 4626//683 4627//684 4637//694
f 4627//684 4638//695 4637//694
f 4627//684 4628//685 4638//695
f 4628//685 4639//696 4638//695
f 4628//685 4629//686 4639//696
f 4629//686 4640//697 4639//696
f 4629//686 4630//687 4640//697
f 4630//687 4641//698 4640//697
f 4630//687 4631//688 4641//698
f 4631//688 4642//699 4641//698
f 4631//688 4632//689 4642//699
f 4632//689 4634//691 4642//699
f 4632//689 4624//681 4634//691
f 4634//691 4643//700 4644//523
f 4634//691 4633//690 4643//700
f 4633//690 4645//701 4643//700
f 4633//690 4635//692 4645//701
f 4635//692 4646//702 4645//701
f 4635//692 4636//693 4646//702
f 4636//693 4647//703 4646//702
f 4636//693 4637//694 4647//703
f 4637//694 4648//526 4647//703
f 4637//694 4638//695 4648//526
f 4638//695 4649//704 4648//526
f 4638//695 4639//696 4649//704
f 4639//696 4650//705 4649//704
f 4639//696 4640//697 4650//705
f 4640//697 4651//706 4650//705
f 4640//697 4641//698 4651//706
f 4641//698 4652//707 4651//706
f 4641//698 4642//699 4652//707
f 4642//699 4644//523 4652//707
f 4642//699 4634//691 4644//523
f 4644//523 4653//708 4654//709
f 4644//523 4643//700 4653//708
f 4643//700 4655//710 4653//708
f 4643//700 4645//701 4655//710
f 4645//701 4656//711 4655//710
f 4645//701 4646//702 4656//711
f 4646//702 4657//712 4656//711
f 4646//702 4647//703 4657//712
f 4647//703 4658//713 4657//712
f 4647//703 4648//526 4658//713
f 4648//526 4659//714 4658//713
f 4648//526 4649//704 4659//714
f 4649//704 4660//715 4659//714
f 4649//704 4650//705 4660//715
f 4650//705 4661//716 4660//715
f 4650//705 4651//706 4661//716
f 4651//706 4662//717 4661//716
f 4651//706 4652//707 4662//717
f 4652//707 4654//709 4662//717
f 4652//707 4644//523 4654//709
f 4654//709 4663//718 4664//411
f 4654//709 4653//708 4663//718
f 4653//708 4665//719 4663//718
f 4653//708 4655//710 4665//719
f 4655//710 4666//720 4665//719
f 4655//710 4656//711 4666//720
f 4656//711 4667//721 4666//720
f 4656//711 4657//712 4667//721
f 4657//712 4668//414 4667//721
f 4657//712 4658//713 4668//414
f 4658//713 4669//722 4668//414
f 4658//713 4659//714 4669//722
f 4659//714 4670//723 4669//722
f 4659//714 4660//715 4670//723
f 4660//715 4671//724 4670//723
f 4660//715 4661//716 4671//724
f 4661//716 4672//725 4671//724
f 4661//716 4662//717 4672//725
f 4662//717 4664//411 4672//725
f 4662//717 4654//709 4664//411
f 4664//411 4673//726 4674//511
f 4664//411 4663//718 4673//726
f 4663//718 4675//727 4673//726
f 4663//718 4665//719 4675//727
f 4665//719 4676//728 4675//727
f 4665//719 4666//720 4676//728
f 4666//720 4677//729 4676//728
f 4666//720 4667//721 4677//729
f 4667//721 4678//514 4677//729
f 4667//721 4668//414 4678//514
f 4668//414 4679//730 4678//514
f 4668//414 4669//722 4679//730
f 4669//722 4680//731 4679//730
f 4669//722 4670//723 4680//731
f 4670//723 4681//732 4680//731
f 4670//723 4671//724 4681//732
f 4671//724 4682//733 4681//732
f 4671//724 4672//725 4682//733
f 4672//725 4674//511 4682//733
f 4672//725 4664//411 4674//511
f 4674//511 4683//734 4684//735
f 4674//511 4673//726 4683//734
f 4673//726 4685//736 4683//734
f 4673//726 4675//727 4685//736
f 4675//727 4686//737 4685//736
f 4675//727 4676//728 4686//737
f 4676//728 4687//738 4686//737
f 4676//728 4677//729 4687//738
f 4677//729 4688//739 4687//738
f 4677//729 4678//514 4688//739
f 4678//514 4689//740 4688//739
f 4678//514 4679//730 4689//740
f 4679//730 4690//741 4689//740
f 4679//730 4680//731 4690//741
f 4680//731 4691//742 4690//741
f 4680//731 4681//732 4691//742
f 4681//732 4692//743 4691//742
f 4681//732 4682//733 4692//743
f 4682//733 4684//735 4692//743
f 4682//733 4674//511 4684//735
f 4684//735 4693//744 4694//745
f 4684//735 4683//734 4693//744
f 4683//734 4695//746 4693//744
f 4683//734 4685//736 4695//746
f 4685//736 4696//747 4695//746
f 4685//736 4686//737 4696//747
f 4686//737 4697//748 4696//747
f 4686//737 4687//738 4697//748
f 4687//738 4698//749 4697//748
f 4687//738 4688//739 4698//749
f 4688//739 4699//750 4698//749
f 4688//739 4689//740 4699//750
f 4689//740 4700//751 4699//750
f 4689//740 4690//741 4700//751
f 4690//741 4701//752 4700//751
f 4690//741 4691//742 4701//752
f 4691//742 4702//753 4701//752
f 4691//742 4692//743 4702//753
f 4692//743 4694//745 4702//753
f 4692//743 4684//735 4694//745
f 4694//745 4703//754 4704//505
f 4694//745 4693//744 4703//754
f 4693//744 4705//755 4703//754
f 4693//744 4695//746 4705//755
f 4695//746 4706//756 4705//755
f 4695//746 4696//747 4706//756
f 4696//747 4707//757 4706//756
f 4696//747 4697//748 4707//757
f 4697//748 4708//508 4707//757
f 4697//748 4698//749 4708//508
f 4698//749 4709//758 4708//508
f 4698//749 4699//750 4709//758
f 4699//750 4710//759 4709//758
f 4699//750 4700//751 4710//759
f 4700//751 4711//760 4710//759
f 4700//751 4701//752 4711//760
f 4701//752 4712//761 4711//760
f 4701//752 4702//753 4712//761
f 4702//753 4704//505 4712//761
f 4702//753 4694//745 4704//505
f 4704//505 4713//762 4714//387
f 4704//505 4703//754 4713//762
f 4703//754 4715//763 4713//762
f 4703//754 4705//755 4715//763
f 4705//755 4716//764 4715//763
f 4705//755 4706//756 4716//764
f 4706//756 4717//765 4716//764
f 4706//756 4707//757 4717//765
f 4707//757 4718//390 4717//765
f 4707//757 4708//508 4718//390
f 4708//508 4719//766 4718//390
f 4708//508 4709//758 4719//766
f 4709//758 4720//767 4719//766
f 4709//758 4710//759 4720//767
f 4710//759 4721//768 4720//767
f 4710//759 4711//760 4721//768
f 4711//760 4722//769 4721//768
f 4711//760 4712//761 4722//769
f 4712//761 4714//387 4722//769
f 4712//761 4704//505 4714//387
f 4714//387 4723//770 4724//771
f 4714//387 4713//762 4723//770
f 4713//762 4725//772 4723//770
f 4713//762 4715//763 4725//772
f 4715//763 4726//773 4725//772
f 4715//763 4716//764 4726//773
f 4716//764 4727//774 4726//773
f 4716//764 4717//765 4727//774
f 4717//765 4728//775 4727//774
f 4717//765 4718//390 4728//775
f 4718//390 4729//776 4728//775
f 4718//390 4719//766 4729//776
f 4719//766 4730//777 4729//776
f 4719//766 4720//767 4730//777
f 4720//767 4731//778 4730//777
f 4720//767 4721//768 4731//778
f 4721//768 4732//779 4731//778
f 4721//768 4722//769 4732//779
f 4722//769 4724//771 4732//779
f 4722//769 4714//387 4724//771
f 4724//771 4733//780 4734//493
f 4724//771 4723//770 4733//780
f 4723//770 4735//781 4733//780
f 4723//770 4725//772 4735//781
f 4725//772 4736//782 4735//781
f 4725//772 4726//773 4736//782
f 4726//773 4737//783 4736//782
f 4726//773 4727//774 4737//783
f 4727//774 4738//496 4737//783
f 4727//774 4728//775 4738//496
f 4728//775 4739//784 4738//496
f 4728//775 4729//776 4739//784
f 4729//776 4740//785 4739//784
f 4729//776 4730//777 4740//785
f 4730//777 4741//786 4740//785
f 4730//777 4731//778 4741//786
f 4731//778 4742//787 4741//786
f 4731//778 4732//779 4742//787
f 4732//779 4734//493 4742//787
f 4732//779 4724//771 4734//493
f 4734//493 4743//788 4744//789
f 4734//493 4733//780 4743//788
f 4733//780 4745//790 4743//788
f 4733//780 4735//781 4745//790
f 4735//781 4746//791 4745//790
f 4735//781 4736//782 4746//791
f 4736//782 4747//792 4746//791
f 4736//782 4737//783 4747//792
f 4737//783 4748//793 4747//792
f 4737//783 4738//496 4748//793
f 4738//496 4749//794 4748//793
f 4738//496 4739//784 4749//794
f 4739//784 4750//795 4749//794
f 4739//784 4740//785 4750//795
f 4740//785 4751//796 4750//795
f 4740//785 4741//786 4751//796
f 4741//786 4752//797 4751//796
f 4741//786 4742//787 4752//797
f 4742//787 4744//789 4752//797
f 4742//787 4734//493 4744//789
f 4744//789 4753//798 4754//541
f 4744//789 4743//788 4753//798
f 4743//788 4755//799 4753//798
f 4743//788 4745//790 4755//799
f 4745//790 4756//800 4755//799
f 4745//790 4746//791 4756//800
f 4746//791 4757//801 4756//800
f 4746//791 4747//792 4757//801
f 4747//792 4758//802 4757//801
f 4747//792 4748//793 4758//802
f 4748//793 4759//803 4758//802
f 4748//793 4749//794 4759//803
f 4749//794 4760//804 4759//803
f 4749//794 4750//795 4760//804
f 4750//795 4761//805 4760//804
f 4750//795 4751//796 4761//805
f 4751//796 4762//806 4761//805
f 4751//796 4752//797 4762//806
f 4752//797 4754//541 4762//806
f 4752//797 4744//789 4754//541
f 4754//541 4763//807 4764//363
f 4754//541 4753//798 4763//807
f 4753//798 4765//808 4763//807
f 4753//798 4755//799 4765//808
f 4755//799 4766//809 4765//808
f 4755//799 4756//800 4766//809
f 4756//800 4767//810 4766//809
f 4756//800 4757//801 4767//810
f 4757//801 4768//366 4767//810
f 4757//801 4758//802 4768//366
f 4758//802 4769//811 4768//366
f 4758//802 4759//803 4769//811
f 4759//803 4770//812 4769//811
f 4759//803 4760//804 4770//812
f 4760//804 4771//813 4770//812
f 4760//804 4761//805 4771//813
f 4761//805 4772//814 4771//813
f 4761//805 4762//806 4772//814
f 4762//806 4764//363 4772//814
f 4762//806 4754//541 4764//363
f 4764//363 4773//815 4774//816
f 4764//363 4763//807 4773//815
f 4763//807 4775//817 4773//815
f 4763//807 4765//808 4775//817
f 4765//808 4776//818 4775//817
f 4765//808 4766//809 4776//818
f 4766//809 4777//819 4776//818
f 4766//809 4767//810 4777//819
f 4767//810 4778//820 4777//819
f 4767//810 4768//366 4778//820
f 4768//366 4779//821 4778//820
f 4768//366 4769//811 4779//821
f 4769//811 4780//822 4779//821
f 4769//811 4770//812 4780//822
f 4770//812 4781//823 4780//822
f 4770//812 4771//813 4781//823
f 4771//813 4782//824 4781//823
f 4771//813 4772//814 4782//824
f 4772//814 4774//816 4782//824
f 4772//814 4764//363 4774//816
f 4774//816 4783//825 4784//826
f 4774//816 4773//815 4783//825
f 4773//815 4785//827 4783//825
f 4773//815 4775//817 4785//827
f 4775//817 4786//828 4785//827
f 4775//817 4776//818 4786//828
f 4776//818 4787//829 4786//828
f 4776//818 4777//819 4787//829
f 4777//819 4788//830 4787//829
f 4777//819 4778//820 4788//830
f 4778//820 4789//831 4788//830
f 4778//820 4779//821 4789//831
f 4779//821 4790//832 4789//831
f 4779//821 4780//822 4790//832
f 4780//822 4791//833 4790//832
f 4780//822 4781//823 4791//833
f 4781//823 4792//834 4791//833
f 4781//823 4782//824 4792//834
f 4782//824 4784//826 4792//834
f 4782//824 4774//816 4784//826
f 4784//826 4793//835 4794//475
f 4784//826 4783//825 4793//835
f 4783//825 4795//836 4793//835
f 4783//825 4785//827 4795//836
f 4785//827 4796//837 4795//836
f 4785//827 4786//828 4796//837
f 4786//828 4797//838 4796//837
f 4786//828 4787//829 4797//838
f 4787//829 4798//478 4797//838
f 4787//829 4788//830 4798//478
f 4788//830 4799//839 4798//478
f 4788//830 4789//831 4799//839
f 4789//831 4800//840 4799//839
f 4789//831 4790//832 4800//840
f 4790//832 4801//841 4800//840
f 4790//832 4791//833 4801//841
f 4791//833 4802//842 4801//841
f 4791//833 4792//834 4802//842
f 4792//834 4794//475 4802//842
f 4792//834 4784//826 4794//475
f 4794//475 4803//843 4804//538
f 4794//475 4793//835 4803//843
f 4793//835 4805//844 4803//843
f 4793//835 4795//836 4805//844
f 4795//836 4806//845 4805//844
f 4795//836 4796//837 4806//845
f 4796//837 4807//846 4806//845
f 4796//837 4797//838 4807//846
f 4797//838 4808//847 4807//846
f 4797//838 4798//478 4808//847
f 4798//478 4809//848 4808//847
f 4798//478 4799//839 4809//848
f 4799//839 4810//849 4809//848
f 4799//839 4800//840 4810//849
f 4800//840 4811//850 4810//849
f 4800//840 4801//841 4811//850
f 4801//841 4812//851 4811//850
f 4801//841 4802//842 4812//851
f 4802//842 4804//538 4812//851
f 4802//842 4794//475 4804//538
f 4804//538 4813//852 4814//339
f 4804//538 4803//843 4813//852
f 4803//843 4815//853 4813//852
f 4803//843 4805//844 4815//853
f 4805//844 4816//854 4815//853
f 4805//844 4806//845 4816//854
f 4806//845 4817//855 4816//854
f 4806//845 4807//846 4817//855
f 4807//846 4818//342 4817//855
f 4807//846 4808//847 4818//342
f 4808//847 4819//856 4818//342
f 4808//847 4809//848 4819//856
f 4809//848 4820//857 4819//856
f 4809//848 4810//849 4820//857
f 4810//849 4821//858 4820//857
f 4810//849 4811//850 4821//858
f 4811//850 4822//859 4821//858
f 4811//850 4812//851 4822//859
f 4812//851 4814//339 4822//859
f 4812//851 4804//538 4814//339
f 4814//339 4823//860 4824//463
f 4814//339 4813//852 4823//860
f 4813//852 4825//861 4823//860
f 4813//852 4815//853 4825//861
f 4815//853 4826//862 4825//861
f 4815//853 4816//854 4826//862
f 4816//854 4827//863 4826//862
f 4816//854 4817//855 4827//863
f 4817//855 4828//466 4827//863
f 4817//855 4818//342 4828//466
f 4818//342 4829//864 4828//466
f 4818//342 4819//856 4829//864
f 4819//856 4830//865 4829//864
f 4819//856 4820//857 4830//865
f 4820//857 4831//866 4830//865
f 4820//857 4821//858 4831//866
f 4821//858 4832//867 4831//866
f 4821//858 4822//859 4832//867
f 4822//859 4824//463 4832//867
f 4822//859 4814//339 4824//463
f 4824//463 4833//868 4834//869
f 4824//463 4823//860 4833//868
f 4823//860 4835//870 4833//868
f 4823//860 4825//861 4835//870
f 4825//861 4836//871 4835//870
f 4825//861 4826//862 4836//871
f 4826//862 4837//872 4836//871
f 4826//862 4827//863 4837//872
f 4827//863 4838//873 4837//872
f 4827//863 4828//466 4838//873
f 4828//466 4839//874 4838//873
f 4828//466 4829//864 4839//874
f 4829//864 4840//875 4839//874
f 4829//864 4830//865 4840//875
f 4830//865 4841//876 4840//875
f 4830//865 4831//866 4841//876
f 4831//866 4842//877 4841//876
f 4831//866 4832//867 4842//877
f 4832//867 4834//869 4842//877
f 4832//867 4824//463 4834//869
f 4834//869 4843//878 4844//879
f 4834//869 4833//868 4843//878
f 4833//868 4845//880 4843//878
f 4833//868 4835//870 4845//880
f 4835//870 4846//881 4845//880
f 4835//870 4836//871 4846//881
f 4836//871 4847//882 4846//881
f 4836//871 4837//872 4847//882
f 4837//872 4848//883 4847//882
f 4837//872 4838//873 4848//883
f 4838//873 4849//884 4848//883
f 4838//873 4839//874 4849//884
f 4839//874 4850//885 4849//884
f 4839//874 4840//875 4850//885
f 4840//875 4851//886 4850//885
f 4840//875 4841//876 4851//886
f 4841//876 4852//887 4851//886
f 4841//876 4842//877 4852//887
f 4842//877 4844//879 4852//887
f 4842//877 4834//869 4844//879
f 4844//879 4853//888 4854//457
f 4844//879 4843//878 4853//888
f 4843//878 4855//889 4853//888
f 4843//878 4845//880 4855//889
f 4845//880 4856//890 4855//889
f 4845//880 4846//881 4856//890
f 4846//881 4857//891 4856//890
f 4846//881 4847//882 4857//891
f 4847//882 4858//460 4857//891
f 4847//882 4848//883 4858//460
f 4848//883 4859//892 4858//460
f 4848//883 4849//884 4859//892
f 4849//884 4860//893 4859//892
f 4849//884 4850//885 4860//893
f 4850//885 4861//894 4860//893
f 4850//885 4851//886 4861//894
f 4851//886 4862//895 4861//894
f 4851//886 4852//887 4862//895
f 4852//887 4854//457 4862//895
f 4852//887 4844//879 4854//457
f 4854//457 4863//896 4864//315
f 4854//457 4853//888 4863//896
f 4853//888 4865//897 4863//896
f 4853//888 4855//889 4865//897
f 4855//889 4866//898 4865//897
f 4855//889 4856//890 4866//898
f 4856//890 4867//899 4866//898
f 4856//890 4857//891 4867//899
f 4857//891 4868//318 4867//899
f 4857//891 4858//460 4868//318
f 4858//460 4869//900 4868//318
f 4858//460 4859//892 4869//900
f 4859//892 4870//901 4869//900
f 4859//892 4860//893 4870//901
f 4860//893 4871//902 4870//901
f 4860//893 4861//894 4871//902
f 4861//894 4872//903 4871//902
f 4861//894 4862//895 4872//903
f 4862//895 4864//315 4872//903
f 4862//895 4854//457 4864//315
f 4864//315 4873//904 4874//905
f 4864//315 4863//896 4873//904
f 4863//896 4875//906 4873//904
f 4863//896 4865//897 4875//906
f 4865//897 4876//907 4875//906
f 4865//897 4866//898 4876//907
f 4866//898 4877//908 4876//907
f 4866//898 4867//899 4877//908
f 4867//899 4878//909 4877//908
f 4867//899 4868//318 4878//909
f 4868//318 4879//910 4878//909
f 4868//318 4869//900 4879//910
f 4869//900 4880//911 4879//910
f 4869//900 4870//901 4880//911
f 4870//901 4881//912 4880//911
f 4870//901 4871//902 4881//912
f 4871//902 4882//913 4881//912
f 4871//902 4872//903 4882//913
f 4872//903 4874//905 4882//913
f 4872//903 4864//315 4874//905
f 4874//905 4883//914 4884//445
f 4874//905 4873//904 4883//914
f 4873//904 4885//915 4883//914
f 4873//904 4875//906 4885//915
f 4875//906 4886//916 4885//915
f 4875//906 4876//907 4886//916
f 4876//907 4887//917 4886//916
f 4876//907 4877//908 4887//917
f 4877//908 4888//448 4887//917
f 4877//908 4878//909 4888//448
f 4878//909 4889//918 4888//448
f 4878//909 4879//910 4889//918
f 4879//910 4890//919 4889//918
f 4879//910 4880//911 4890//919
f 4880//911 4891//920 4890//919
f 4880//911 4881//912 4891//920
f 4881//912 4892//921 4891//920
f 4881//912 4882//913 4892//921
f 4882//913 4884//445 4892//921
f 4882//913 4874//905 4884//445
f 4884//445 4893//922 4894//923
f 4884//445 4883//914 4893//922
f 4883//914 4895//924 4893//922
f 4883//914 4885//915 4895//924
f 4885//915 4896//925 4895//924
f 4885//915 4886//916 4896//925
f 4886//916 4897//926 4896//925
f 4886//916 4887//917 4897//926
f 4887//917 4898//927 4897//926
f 4887//917 4888//448 4898//927
f 4888//448 4899//928 4898//927
f 4888//448 4889//918 4899//928
f 4889//918 4900//929 4899//928
f 4889//918 4890//919 4900//929
f 4890//919 4901//930 4900//929
f 4890//919 4891//920 4901//930
f 4891//920 4902//931 4901//930
f 4891//920 4892//921 4902//931
f 4892//921 4894//923 4902//931
f 4892//921 4884//445 4894//923
f 4894//923 4903//932 4904//933
f 4894//923 4893//922 4903//932
f 4893//922 4905//934 4903//932
f 4893//922 4895//924 4905//934
f 4895//924 4906//935 4905//934
f 4895//924 4896//925 4906//935
f 4896//925 4907//936 4906//935
f 4896//925 4897//926 4907//936
f 4897//926 4908//937 4907//936
f 4897//926 4898//927 4908//937
f 4898//927 4909//938 4908//937
f 4898//927 4899//928 4909//938
f 4899//928 4910//939 4909//938
f 4899//928 4900//929 4910//939
f 4900//929 4911//940 4910//939
f 4900//929 4901//930 4911//940
f 4901//930 4912//941 4911//940
f 4901//930 4902//931 4912//941
f 4902//931 4904//933 4912//941
f 4902//931 4894//923 4904//933
f 4904//933 4913//942 4914//943
f 4904//933 4903//932 4913//942
f 4903//932 4915//944 4913//942
f 4903//932 4905//934 4915//944
f 4905//934 4916//945 4915//944
f 4905//934 4906//935 4916//945
f 4906//935 4917//946 4916//945
f 4906//935 4907//936 4917//946
f 4907//936 4918//947 4917//946
f 4907//936 4908//937 4918//947
f 4908//937 4919//948 4918//947
f 4908//937 4909//938 4919//948
f 4909//938 4920//949 4919//948
f 4909//938 4910//939 4920//949
f 4910//939 4921//950 4920//949
f 4910//939 4911//940 4921//950
f 4911//940 4922//951 4921//950
f 4911//940 4912//941 4922//951
f 4912//941 4914//943 4922//951
f 4912//941 4904//933 4914//943
f 4914//943 4923//665 4924//291
f 4914//943 4913//942 4923//665
f 4913//942 4925//664 4923//665
f 4913//942 4915//944 4925//664
f 4915//944 4926//663 4925//664
f 4915//944 4916//945 4926//663
f 4916//945 4927//662 4926//663
f 4916//945 4917//946 4927//662
f 4917//946 4928//298 4927//662
f 4917//946 4918//947 4928//298
f 4918//947 4929//669 4928//298
f 4918//947 4919//948 4929//669
f 4919//948 4930//668 4929//669
f 4919//948 4920//949 4930//668
f 4920//949 4931//667 4930//668
f 4920//949 4921//950 4931//667
f 4921//950 4932//666 4931//667
f 4921//950 4922//951 4932//666
f 4922//951 4924//291 4932//666
f 4922//951 4914//943 4924//291
f 4924//291 4933//665 4934//291
f 4924//291 4923//665 4933//665
f 4923//665 4935//664 4933//665
f 4923//665 4925//664 4935//664
f 4925//664 4936//663 4935//664
f 4925//664 4926//663 4936//663
f 4926//663 4937//662 4936//663
f 4926//663 4927//662 4937//662
f 4927//662 4938//298 4937//662
f 4927//662 4928//298 4938//298
f 4928//298 4939//669 4938//298
f 4928//298 4929//669 4939//669
f 4929//669 4940//668 4939//669
f 4929//669 4930//668 4940//668
f 4930//668 4941//667 4940//668
f 4930//668 4931//667 4941//667
f 4931//667 4942//666 4941//667
f 4931//667 4932//666 4942//666
f 4932//666 4934//291 4942//666
f 4932//666 4924//291 4934//291
f 4934//291 4943//665 4944//291
f 4934//291 4933//665 4943//665
f 4933//665 4945//664 4943//665
f 4933//665 4935//664 4945//664
f 4935//664 4946//663 4945//664
f 4935//664 4936//663 4946//663
f 4936//663 4947//662 4946//663
f 4936//663 4937//662 4947//662
f 4937//662 4948//298 4947//662
f 4937//662 4938//298 4948//298
f 4938//298 4949//669 4948//298
f 4938//298 4939//669 4949//669
f 4939//669 4950//668 4949//669
f 4939//669 4940//668 4950//668
f 4940//668 4951//667 4950//668
f 4940//668 4941//667 4951//667
f 4941//667 4952//666 4951//667
f 4941//667 4942//666 4952//666
f 4942//666 4944//291 4952//666
f 4942//666 4934//291 4944//291
f 4944//291 4953//665 4954//291
f 4944//291 4943//665 4953//665
f 4943//665 4955//664 4953//665
f 4943//665 4945//664 4955//664
f 4945//664 4956//663 4955//664
f 4945//664 4946//663 4956//663
f 4946//663 4957//662 4956//663
f 4946//663 4947//662 4957//662
f 4947//662 4958//298 4957//662
f 4947//662 4948//298 4958//298
f 4948//298 4959//669 4958//298
f 4948//298 4949//669 4959//669
f 4949//669 4960//668 4959//669
f 4949//669 4950//668 4960//668
f 4950//668 4961//667 4960//668
f 4950//668 4951//667 4961//667
f 4951//667 4962//666 4961//667
f 4951//667 4952//666 4962//666
f 4952//666 4954//291 4962//666
f 4952//666 4944//291 4954//291
f 4954//291 4963//665 4964//291
f 4954//291 4953//665 4963//665
f 4953//665 4965//664 4963//665
f 4953//665 4955//664 4965//664
f 4955//664 4966//663 4965//664
f 4955//664 4956//663 4966//663
f 4956//663 4967//662 4966//663
f 4956//663 4957//662 4967//662
f 4957//662 4968//298 4967//662
f 4957//662 4958//298 4968//298
f 4958//298 4969//669 4968//298
f 4958//298 4959//669 4969//669
f 4959//669 4970//668 4969//669
f 4959//669 4960//668 4970//668
f 4960//668 4971//667 4970//668
f 4960//668 4961//667 4971//667
f 4961//667 4972//666 4971//667
f 4961//667 4962//666 4972//666
f 4962//666 4964//291 4972//666
f 4962//666 4954//291 4964//291
f 4964//291 4973//665 4974//291
f 4964//291 4963//665 4973//665
f 4963//665 4975//664 4973//665
f 4963//665 4965//664 4975//664
f 4965//664 4976//663 4975//664
f 4965//664 4966//663 4976//663
f 4966//663 4977//662 4976//663
f 4966//663 4967//662 4977//662
f 4967//662 4978//298 4977//662
f 4967//662 4968//298 4978//298
f 4968//298 4979//669 4978//298
f 4968//298 4969//669 4979//669
f 4969//669 4980//668 4979//669
f 4969//669 4970//668 4980//668
f 4970//668 4981//667 4980//668
f 4970//668 4971//667 4981//667
f 4971//667 4982//666 4981//667
f 4971//667 4972//666 4982//666
f 4972//666 4974//291 4982//666
f 4972//666 4964//291 4974//291
f 4974//291 4983//665 4984//291
f 4974//291 4973//665 4983//665
f 4973//665 4985//664 4983//665
f 4973//665 4975//664 4985//664
f 4975//664 4986//663 4985//664
f 4975//664 4976//663 4986//663
f 4976//663 4987//662 4986//663
f 4976//663 4977//662 4987//662
f 4977//662 4988//298 4987//662
f 4977//662 4978//298 4988//298
f 4978//298 4989//669 4988//298
f 4978//298 4979//669 4989//669
f 4979//669 4990//668 4989//669
f 4979//669 4980//668 4990//668
f 4980//668 4991//667 4990//668
f 4980//668 4981//667 4991//667
f 4981//667 4992//666 4991//667
f 4981//667 4982//666 4992//666
f 4982//666 4984//291 4992//666
f 4982//666 4974//291 4984//291
f 4984//291 4993//665 4994//291
f 4984//291 4983//665 4993//665
f 4983//665 4995//664 4993//665
f 4983//665 4985//664 4995//664
f 4985//664 4996//663 4995//664
f 4985//664 4986//663 4996//663
f 4986//663 4997//662 4996//663
f 4986//663 4987//662 4997//662
f 4987//662 4998//298 4997//662
f 4987//662 4988//298 4998//298
f 4988//298 4999//669 4998//298
f 4988//298 4989//669 4999//669
f 4989//669 5000//668 4999//669
f 4989//669 4990//668 5000//668
f 4990//668 5001//667 5000//668
f 4990//668 4991//667 5001//667
f 4991//667 5002//666 5001//667
f 4991//667 4992//666 5002//666
f 4992//666 4994//291 5002//666
f 4992//666 4984//291 4994//291
f 4994//291 5003//665 5004//291
f 4994//291 4993//665 5003//665
f 4993//665 5005//664 5003//665
f 4993//665 4995//664 5005//664
f 4995//664 5006//663 5005//664
f 4995//664 4996//663 5006//663
f 4996//663 5007//662 5006//663
f 4996//663 4997//662 5007//662
f 4997//662 5008//298 5007//662
f 4997//662 4998//298 5008//298
f 4998//298 5009//669 5008//298
f 4998//298 4999//669 5009//669
f 4999//669 5010//668 5009//669
f 4999//669 5000//668 5010//668
f 5000//668 5011//667 5010//668
f 5000//668 5001//667 5011//667
f 5001//667 5012//666 5011//667
f 5001//667 5002//666 5012//666
f 5002//666 5004//291 5012//666
f 5002//666 4994//291 5004//291
f 5004//291 5013//665 5014//291
f 5004//291 5003//665 5013//665
f 5003//665 5015//664 5013//665
f 5003//665 5005//664 5015//664
f 5005//664 5016//663 5015//664
f 5005//664 5006//663 5016//663
f 5006//663 5017//662 5016//663
f 5006//663 5007//662 5017//662
f 5007//662 5018//298 5017//662
f 5007//662 5008//298 5018//298
f 5008//298 5019//669 5018//298
f 5008//298 5009//669 5019//669
f 5009//669 5020//668 5019//669
f 5009//669 5010//668 5020//668
f 5010//668 5021//667 5020//668
f 5010//668 5011//667 5021//667
f 5011//667 5022//666 5021//667
f 5011//667 5012//666 5022//666
f 5012//666 5014//291 5022//666
f 5012//666 5004//291 5014//291
f 5014//291 5023//665 5024//291
f 5014//291 5013//665 5023//665
f 5013//665 5025//664 5023//665
f 5013//665 5015//664 5025//664
f 5015//664 5026//663 5025//664
f 5015//664 5016//663 5026//663
f 5016//663 5027//662 5026//663
f 5016//663 5017//662 5027//662
f 5017//662 5028//298 5027//662
f 5017//662 5018//298 5028//298
f 5018//298 5029//669 5028//298
f 5018//298 5019//669 5029//669
f 5019//669 5030//668 5029//669
f 5019//669 5020//668 5030//668
f 5020//668 5031//667 5030//668
f 5020//668 5021//667 5031//667
f 5021//667 5032//666 5031//667
f 5021//667 5022//666 5032//666
f 5022//666 5024//291 5032//666
f 5022//666 5014//291 5024//291
f 5033//366 4506//366 4503//366
f 5033//366 4508//366 4506//366
f 5033//366 4510//366 4508//366
f 5033//366 4512//366 4510//366
f 5033//366 4514//366 4512//366
f 5033//366 4516//366 4514//366
f 5033//366 4518//366 4516//366
f 5033//366 4520//366 4518//366
f 5033//366 4522//366 4520//366
f 5033//366 4503//366 4522//366
f 5034//366 5024//366 5023//366
f 5034//366 5023//366 5025//366
f 5034//366 5025//366 5026//366
f 5034//366 5026//366 5027//366
f 5034//366 5027//366 5028//366
f 5034//366 5028//366 5029//366
f 5034//366 5029//366 5030//366
f 5034//366 5030//366 5031//366
f 5034//366 5031//366 5032//366
f 5034//366 5032//366 5024//366
usemtl rubber_black
f 5035//363 5036//952 5037//952
f 5035//363 5038//363 5036//952
f 5037//952 5039//953 5040//953
f 5037//952 5036//952 5039//953
f 5040//953 5041//954 5042//954
f 5040//953 5039//953 5041//954
f 5042//954 5043//807 5044//807
f 5042//954 5041//954 5043//807
f 5044//807 5045//364 5046//364
f 5044//807 5043//807 5045//364
f 5046//364 5047//955 5048//955
f 5046//364 5045//364 5047//955
f 5048//955 5049//956 5050//956
f 5048//955 5047//955 5049//956
f 5050//956 5051//808 5052//808
f 5050//956 5049//956 5051//808
f 5052//808 5053//957 5054//957
f 5052//808 5051//808 5053//957
f 5054//957 5055//290 5056//290
f 5054//957 5053//957 5055//290
f 5056//290 5057//958 5058//958
f 5056//290 5055//290 5057//958
f 5058//958 5059//809 5060//809
f 5058//958 5057//958 5059//809
f 5060//809 5061//959 5062//959
f 5060//809 5059//809 5061//959
f 5062//959 5063//960 5064//960
f 5062//959 5061//959 5063//960
f 5064//960 5065//365 5066//365
f 5064//960 5063//960 5065//365
f 5066//365 5067//810 5068//810
f 5066//365 5065//365 5067//810
f 5068//810 5069//961 5070//961
f 5068//810 5067//810 5069//961
f 5070//961 5071//962 5072//962
f 5070//961 5069//961 5071//962
f 5072//962 5073//963 5074//963
f 5072//962 5071//962 5073//963
f 5074//963 5075//366 5076//366
f 5074//963 5073//963 5075//366
f 5076//366 5077//964 5078//964
f 5076//366 5075//366 5077//964
f 5078//964 5079//965 5080//965
f 5078//964 5077//964 5079//965
f 5080//965 5081//966 5082//966
f 5080//965 5079//965 5081//966
f 5082//966 5083//811 5084//811
f 5082//966 5081//966 5083//811
f 5084//811 5085//367 5086//367
f 5084//811 5083//811 5085//367
f 5086//367 5087//967 5088//967
f 5086//367 5085//367 5087//967
f 5088//967 5089//968 5090//968
f 5088//967 5087//967 5089//968
f 5090//968 5091//812 5092//812
f 5090//968 5089//968 5091//812
f 5092//812 5093//969 5094//969
f 5092//812 5091//812 5093//969
f 5094//969 5095//289 5096//289
f 5094//969 5093//969 5095//289
f 5096//289 5097//970 5098//970
f 5096//289 5095//289 5097//970
f 5098//970 5099//813 5100//813
f 5098//970 5097//970 5099//813
f 5100//813 5101//971 5102//971
f 5100//813 5099//813 5101//971
f 5102//971 5103//972 5104//972
f 5102//971 5101//971 5103//972
f 5104//972 5105//368 5106//368
f 5104//972 5103//972 5105//368
f 5106//368 5107//814 5108//814
f 5106//368 5105//368 5107//814
f 5108//814 5109//973 5110//973
f 5108//814 5107//814 5109//973
f 5110//973 5111//974 5112//974
f 5110//973 5109//973 5111//974
f 5112//974 5113//975 5114//975
f 5112//974 5111//974 5113//975
f 5114//975 5038//363 5035//363
f 5114//975 5113//975 5038//363
f 5115//298 5037//298 5035//298
f 5116//291 5038//291 5036//291
f 5115//298 5040//298 5037//298
f 5116//291 5036//291 5039//291
f 5115//298 5042//298 5040//298
f 5116//291 5039//291 5041//291
f 5115//298 5044//298 5042//298
f 5116//291 5041//291 5043//291
f 5115//298 5046//298 5044//298
f 5116//291 5043//291 5045//291
f 5115//298 5048//298 5046//298
f 5116//291 5045//291 5047//291
f 5115//298 5050//298 5048//298
f 5116//291 5047//291 5049//291
f 5115//298 5052//298 5050//298
f 5116//291 5049//291 5051//291
f 5115//298 5054//298 5052//298
f 5116//291 5051//291 5053//291
f 5115//298 5056//298 5054//298
f 5116//291 5053//291 5055//291
f 5115//298 5058//298 5056//298
f 5116//291 5055//291 5057//291
f 5115//298 5060//298 5058//298
f 5116//291 5057//291 5059//291
f 5115//298 5062//298 5060//298
f 5116//291 5059//291 5061//291
f 5115//298 5064//298 5062//298
f 5116//291 5061//291 5063//291
f 5115//298 5066//298 5064//298
f 5116//291 5063//291 5065//291
f 5115//298 5068//298 5066//298
f 5116//291 5065//291 5067//291
f 5115//298 5070//298 5068//298
f 5116//291 5067//291 5069//291
f 5115//298 5072//298 5070//298
f 5116//291 5069//291 5071//291
f 5115//298 5074//298 5072//298
f 5116//291 5071//291 5073//291
f 5115//298 5076//298 5074//298
f 5116//291 5073//291 5075//291
f 5115//298 5078//298 5076//298
f 5116//291 5075//291 5077//291
f 5115//298 5080//298 5078//298
f 5116//291 5077//291 5079//291
f 5115//298 5082//298 5080//298
f 5116//291 5079//291 5081//291
f 5115//298 5084//298 5082//298
f 5116//291 5081//291 5083//291
f 5115//298 5086//298 5084//298
f 5116//291 5083//291 5085//291
f 5115//298 5088//298 5086//298
f 5116//291 5085//291 5087//291
f 5115//298 5090//298 5088//298
f 5116//291 5087//291 5089//291
f 5115//298 5092//298 5090//298
f 5116//291 5089//291 5091//291
f 5115//298 5094//298 5092//298
f 5116//291 5091//291 5093//291
f 5115//298 5096//298 5094//298
f 5116//291 5093//291 5095//291
f 5115//298 5098//298 5096//298
f 5116//291 5095//291 5097//291
f 5115//298 5100//298 5098//298
f 5116//291 5097//291 5099//291
f 5115//298 5102//298 5100//298
f 5116//291 5099//291 5101//291
f 5115//298 5104//298 5102//298
f 5116//291 5101//291 5103//291
f 5115//298 5106//298 5104//298
f 5116//291 5103//291 5105//291
f 5115//298 5108//298 5106//298
f 5116//291 5105//291 5107//291
f 5115//298 5110//298 5108//298
f 5116//291 5107//291 5109//291
f 5115//298 5112//298 5110//298
f 5116//291 5109//291 5111//291
f 5115//298 5114//298 5112//298
f 5116//291 5111//291 5113//291
f 5115//298 5035//298 5114//298
f 5116//291 5113//291 5038//291
usemtl gunmetal
f 5117//363 5118//976 5119//976
f 5117//363 5120//363 5118//976
f 5119//976 5121//654 5122//654
f 5119//976 5118//976 5121//654
f 5122//654 5123//977 5124//977
f 5122//654 5121//654 5123//977
f 5124//977 5125//364 5126//364
f 5124//977 5123//977 5125//364
f 5126//364 5127//978 5128//978
f 5126//364 5125//364 5127//978
f 5128//978 5129//655 5130//655
f 5128//978 5127//978 5129//655
f 5130//655 5131//979 5132//979
f 5130//655 5129//655 5131//979
f 5132//979 5133//290 5134//290
f 5132//979 5131//979 5133//290
f 5134//290 5135//980 5136//980
f 5134//290 5133//290 5135//980
f 5136//980 5137//656 5138//656
f 5136//980 5135//980 5137//656
f 5138//656 5139//981 5140//981
f 5138//656 5137//656 5139//981
f 5140//981 5141//365 5142//365
f 5140//981 5139//981 5141//365
f 5142//365 5143//982 5144//982
f 5142//365 5141//365 5143//982
f 5144//982 5145//657 5146//657
f 5144//982 5143//982 5145//657
f 5146//657 5147//983 5148//983
f 5146//657 5145//657 5147//983
f 5148//983 5149//366 5150//366
f 5148//983 5147//983 5149//366
f 5150//366 5151//984 5152//984
f 5150//366 5149//366 5151//984
f 5152//984 5153//658 5154//658
f 5152//984 5151//984 5153//658
f 5154//658 5155//985 5156//985
f 5154//658 5153//658 5155//985
f 5156//985 5157//367 5158//367
f 5156//985 5155//985 5157//367
f 5158//367 5159//986 5160//986
f 5158//367 5157//367 5159//986
f 5160//986 5161//659 5162//659
f 5160//986 5159//986 5161//659
f 5162//659 5163//987 5164//987
f 5162//659 5161//659 5163//987
f 5164//987 5165//289 5166//289
f 5164//987 5163//987 5165//289
f 5166//289 5167//988 5168//988
f 5166//289 5165//289 5167//988
f 5168//988 5169//660 5170//660
f 5168//988 5167//988 5169//660
f 5170//660 5171//989 5172//989
f 5170//660 5169//660 5171//989
f 5172//989 5173//368 5174//368
f 5172//989 5171//989 5173//368
f 5174//368 5175//990 5176//990
f 5174//368 5173//368 5175//990
f 5176//990 5177//661 5178//661
f 5176//990 5175//990 5177//661
f 5178//661 5179//991 5180//991
f 5178//661 5177//661 5179//991
f 5180//991 5120//363 5117//363
f 5180//991 5179//991 5120//363
f 5181//298 5119//298 5117//298
f 5182//291 5120//291 5118//291
f 5181//298 5122//298 5119//298
f 5182//291 5118//291 5121//291
f 5181//298 5124//298 5122//298
f 5182//291 5121//291 5123//291
f 5181//298 5126//298 5124//298
f 5182//291 5123//291 5125//291
f 5181//298 5128//298 5126//298
f 5182//291 5125//291 5127//291
f 5181//298 5130//298 5128//298
f 5182//291 5127//291 5129//291
f 5181//298 5132//298 5130//298
f 5182//291 5129//291 5131//291
f 5181//298 5134//298 5132//298
f 5182//291 5131//291 5133//291
f 5181//298 5136//298 5134//298
f 5182//291 5133//291 5135//291
f 5181//298 5138//298 5136//298
f 5182//291 5135//291 5137//291
f 5181//298 5140//298 5138//298
f 5182//291 5137//291 5139//291
f 5181//298 5142//298 5140//298
f 5182//291 5139//291 5141//291
f 5181//298 5144//298 5142//298
f 5182//291 5141//291 5143//291
f 5181//298 5146//298 5144//298
f 5182//291 5143//291 5145//291
f 5181//298 5148//298 5146//298
f 5182//291 5145//291 5147//291
f 5181//298 5150//298 5148//298
f 5182//291 5147//291 5149//291
f 5181//298 5152//298 5150//298
f 5182//291 5149//291 5151//291
f 5181//298 5154//298 5152//298
f 5182//291 5151//291 5153//291
f 5181//298 5156//298 5154//298
f 5182//291 5153//291 5155//291
f 5181//298 5158//298 5156//298
f 5182//291 5155//291 5157//291
f 5181//298 5160//298 5158//298
f 5182//291 5157//291 5159//291
f 5181//298 5162//298 5160//298
f 5182//291 5159//291 5161//291
f 5181//298 5164//298 5162//298
f 5182//291 5161//291 5163//291
f 5181//298 5166//298 5164//298
f 5182//291 5163//291 5165//291
f 5181//298 5168//298 5166//298
f 5182//291 5165//291 5167//291
f 5181//298 5170//298 5168//298
f 5182//291 5167//291 5169//291
f 5181//298 5172//298 5170//298
f 5182//291 5169//291 5171//291
f 5181//298 5174//298 5172//298
f 5182//291 5171//291 5173//291
f 5181//298 5176//298 5174//298
f 5182//291 5173//291 5175//291
f 5181//298 5178//298 5176//298
f 5182//291 5175//291 5177//291
f 5181//298 5180//298 5178//298
f 5182//291 5177//291 5179//291
f 5181//298 5117//298 5180//298
f 5182//291 5179//291 5120//291
usemtl housing_black
f 5183//363 5184//976 5185//976
f 5183//363 5186//363 5184//976
f 5185//976 5187//654 5188//654
f 5185//976 5184//976 5187//654
f 5188//654 5189//977 5190//977
f 5188//654 5187//654 5189//977
f 5190//977 5191//364 5192//364
f 5190//977 5189//977 5191//364
f 5192//364 5193//978 5194//978
f 5192//364 5191//364 5193//978
f 5194//978 5195//655 5196//655
f 5194//978 5193//978 5195//655
f 5196//655 5197//979 5198//979
f 5196//655 5195//655 5197//979
f 5198//979 5199//290 5200//290
f 5198//979 5197//979 5199//290
f 5200//290 5201//980 5202//980
f 5200//290 5199//290 5201//980
f 5202//980 5203//656 5204//656
f 5202//980 5201//980 5203//656
f 5204//656 5205//981 5206//981
f 5204//656 5203//656 5205//981
f 5206//981 5207//365 5208//365
f 5206//981 5205//981 5207//365
f 5208//365 5209//982 5210//982
f 5208//365 5207//365 5209//982
f 5210//982 5211//657 5212//657
f 5210//982 5209//982 5211//657
f 5212//657 5213//983 5214//983
f 5212//657 5211//657 5213//983
f 5214//983 5215//366 5216//366
f 5214//983 5213//983 5215//366
f 5216//366 5217//984 5218//984
f 5216//366 5215//366 5217//984
f 5218//984 5219//658 5220//658
f 5218//984 5217//984 5219//658
f 5220//658 5221//985 5222//985
f 5220//658 5219//658 5221//985
f 5222//985 5223//367 5224//367
f 5222//985 5221//985 5223//367
f 5224//367 5225//986 5226//986
f 5224//367 5223//367 5225//986
f 5226//986 5227//659 5228//659
f 5226//986 5225//986 5227//659
f 5228//659 5229//987 5230//987
f 5228//659 5227//659 5229//987
f 5230//987 5231//289 5232//289
f 5230//987 5229//987 5231//289
f 5232//289 5233//988 5234//988
f 5232//289 5231//289 5233//988
f 5234//988 5235//660 5236//660
f 5234//988 5233//988 5235//660
f 5236//660 5237//989 5238//989
f 5236//660 5235//660 5237//989
f 5238//989 5239//368 5240//368
f 5238//989 5237//989 5239//368
f 5240//368 5241//990 5242//990
f 5240//368 5239//368 5241//990
f 5242//990 5243//661 5244//661
f 5242//990 5241//990 5243//661
f 5244//661 5245//991 5246//991
f 5244//661 5243//661 5245//991
f 5246//991 5186//363 5183//363
f 5246//991 5245//991 5186//363
f 5247//298 5185//298 5183//298
f 5248//291 5186//291 5184//291
f 5247//298 5188//298 5185//298
f 5248//291 5184//291 5187//291
f 5247//298 5190//298 5188//298
f 5248//291 5187//291 5189//291
f 5247//298 5192//298 5190//298
f 5248//291 5189//291 5191//291
f 5247//298 5194//298 5192//298
f 5248//291 5191//291 5193//291
f 5247//298 5196//298 5194//298
f 5248//291 5193//291 5195//291
f 5247//298 5198//298 5196//298
f 5248//291 5195//291 5197//291
f 5247//298 5200//298 5198//298
f 5248//291 5197//291 5199//291
f 5247//298 5202//298 5200//298
f 5248//291 5199//291 5201//291
f 5247//298 5204//298 5202//298
f 5248//291 5201//291 5203//291
f 5247//298 5206//298 5204//298
f 5248//291 5203//291 5205//291
f 5247//298 5208//298 5206//298
f 5248//291 5205//291 5207//291
f 5247//298 5210//298 5208//298
f 5248//291 5207//291 5209//291
f 5247//298 5212//298 5210//298
f 5248//291 5209//291 5211//291
f 5247//298 5214//298 5212//298
f 5248//291 5211//291 5213//291
f 5247//298 5216//298 5214//298
f 5248//291 5213//291 5215//291
f 5247//298 5218//298 5216//298
f 5248//291 5215//291 5217//291
f 5247//298 5220//298 5218//298
f 5248//291 5217//291 5219//291
f 5247//298 5222//298 5220//298
f 5248//291 5219//291 5221//291
f 5247//298 5224//298 5222//298
f 5248//291 5221//291 5223//291
f 5247//298 5226//298 5224//298
f 5248//291 5223//291 5225//291
f 5247//298 5228//298 5226//298
f 5248//291 5225//291 5227//291
f 5247//298 5230//298 5228//298
f 5248//291 5227//291 5229//291
f 5247//298 5232//298 5230//298
f 5248//291 5229//291 5231//291
f 5247//298 5234//298 5232//298
f 5248//291 5231//291 5233//291
f 5247//298 5236//298 5234//298
f 5248//291 5233//291 5235//291
f 5247//298 5238//298 5236//298
f 5248//291 5235//291 5237//291
f 5247//298 5240//298 5238//298
f 5248//291 5237//291 5239//291
f 5247//298 5242//298 5240//298
f 5248//291 5239//291 5241//291
f 5247//298 5244//298 5242//298
f 5248//291 5241//291 5243//291
f 5247//298 5246//298 5244//298
f 5248//291 5243//291 5245//291
f 5247//298 5183//298 5246//298
f 5248//291 5245//291 5186//291
usemtl metal_highlight
f 5249//363 5250//976 5251//992
f 5249//363 5251//992 5252//327
f 5252//327 5251//992 5253//291
f 5252//327 5253//291 5254//291
f 5254//291 5253//291 5255//993
f 5254//291 5255//993 5256//402
f 5256//402 5255//993 5257//984
f 5256//402 5257//984 5258//366
f 5258//366 5257//984 5259//994
f 5258//366 5259//994 5260//330
f 5260//330 5259//994 5261//298
f 5260//330 5261//298 5262//298
f 5262//298 5261//298 5263//995
f 5262//298 5263//995 5264//399
f 5264//399 5263//995 5250//976
f 5264//399 5250//976 5249//363
f 5250//976 5265//654 5266//996
f 5250//976 5266//996 5251//992
f 5251//992 5266//996 5267//291
f 5251//992 5267//291 5253//291
f 5253//291 5267//291 5268//997
f 5253//291 5268//997 5255//993
f 5255//993 5268//997 5269//658
f 5255//993 5269//658 5257//984
f 5257//984 5269//658 5270//998
f 5257//984 5270//998 5259//994
f 5259//994 5270//998 5271//298
f 5259//994 5271//298 5261//298
f 5261//298 5271//298 5272//999
f 5261//298 5272//999 5263//995
f 5263//995 5272//999 5265//654
f 5263//995 5265//654 5250//976
f 5265//654 5273//977 5274//1000
f 5265//654 5274//1000 5266//996
f 5266//996 5274//1000 5275//291
f 5266//996 5275//291 5267//291
f 5267//291 5275//291 5276//1001
f 5267//291 5276//1001 5268//997
f 5268//997 5276//1001 5277//985
f 5268//997 5277//985 5269//658
f 5269//658 5277//985 5278//1002
f 5269//658 5278//1002 5270//998
f 5270//998 5278//1002 5279//298
f 5270//998 5279//298 5271//298
f 5271//298 5279//298 5280//1003
f 5271//298 5280//1003 5272//999
f 5272//999 5280//1003 5273//977
f 5272//999 5273//977 5265//654
f 5273//977 5281//364 5282//1004
f 5273//977 5282//1004 5274//1000
f 5274//1000 5282//1004 5283//291
f 5274//1000 5283//291 5275//291
f 5275//291 5283//291 5284//1005
f 5275//291 5284//1005 5276//1001
f 5276//1001 5284//1005 5285//367
f 5276//1001 5285//367 5277//985
f 5277//985 5285//367 5286//1006
f 5277//985 5286//1006 5278//1002
f 5278//1002 5286//1006 5287//298
f 5278//1002 5287//298 5279//298
f 5279//298 5287//298 5288//1007
f 5279//298 5288//1007 5280//1003
f 5280//1003 5288//1007 5281//364
f 5280//1003 5281//364 5273//977
f 5281//364 5289//978 5290//1008
f 5281//364 5290//1008 5282//1004
f 5282//1004 5290//1008 5291//291
f 5282//1004 5291//291 5283//291
f 5283//291 5291//291 5292//1009
f 5283//291 5292//1009 5284//1005
f 5284//1005 5292//1009 5293//986
f 5284//1005 5293//986 5285//367
f 5285//367 5293//986 5294//1010
f 5285//367 5294//1010 5286//1006
f 5286//1006 5294//1010 5295//298
f 5286//1006 5295//298 5287//298
f 5287//298 5295//298 5296//1011
f 5287//298 5296//1011 5288//1007
f 5288//1007 5296//1011 5289//978
f 5288//1007 5289//978 5281//364
f 5289//978 5297//655 5298//1012
f 5289//978 5298//1012 5290//1008
f 5290//1008 5298//1012 5299//291
f 5290//1008 5299//291 5291//291
f 5291//291 5299//291 5300//1013
f 5291//291 5300//1013 5292//1009
f 5292//1009 5300//1013 5301//659
f 5292//1009 5301//659 5293//986
f 5293//986 5301//659 5302//1014
f 5293//986 5302//1014 5294//1010
f 5294//1010 5302//1014 5303//298
f 5294//1010 5303//298 5295//298
f 5295//298 5303//298 5304//1015
f 5295//298 5304//1015 5296//1011
f 5296//1011 5304//1015 5297//655
f 5296//1011 5297//655 5289//978
f 5297//655 5305//979 5306//1016
f 5297//655 5306//1016 5298//1012
f 5298//1012 5306//1016 5307//291
f 5298//1012 5307//291 5299//291
f 5299//291 5307//291 5308//1017
f 5299//291 5308//1017 5300//1013
f 5300//1013 5308//1017 5309//987
f 5300//1013 5309//987 5301//659
f 5301//659 5309//987 5310//1018
f 5301//659 5310//1018 5302//1014
f 5302//1014 5310//1018 5311//298
f 5302//1014 5311//298 5303//298
f 5303//298 5311//298 5312//1019
f 5303//298 5312//1019 5304//1015
f 5304//1015 5312//1019 5305//979
f 5304//1015 5305//979 5297//655
f 5305//979 5313//290 5314//294
f 5305//979 5314//294 5306//1016
f 5306//1016 5314//294 5315//291
f 5306//1016 5315//291 5307//291
f 5307//291 5315//291 5316//302
f 5307//291 5316//302 5308//1017
f 5308//1017 5316//302 5317//289
f 5308//1017 5317//289 5309//987
f 5309//987 5317//289 5318//300
f 5309//987 5318//300 5310//1018
f 5310//1018 5318//300 5319//298
f 5310//1018 5319//298 5311//298
f 5311//298 5319//298 5320//296
f 5311//298 5320//296 5312//1019
f 5312//1019 5320//296 5313//290
f 5312//1019 5313//290 5305//979
f 5313//290 5321//980 5322//1020
f 5313//290 5322//1020 5314//294
f 5314//294 5322//1020 5323//291
f 5314//294 5323//291 5315//291
f 5315//291 5323//291 5324//1021
f 5315//291 5324//1021 5316//302
f 5316//302 5324//1021 5325//988
f 5316//302 5325//988 5317//289
f 5317//289 5325//988 5326//1022
f 5317//289 5326//1022 5318//300
f 5318//300 5326//1022 5327//298
f 5318//300 5327//298 5319//298
f 5319//298 5327//298 5328//1023
f 5319//298 5328//1023 5320//296
f 5320//296 5328//1023 5321//980
f 5320//296 5321//980 5313//290
f 5321//980 5329//656 5330//1024
f 5321//980 5330//1024 5322//1020
f 5322//1020 5330//1024 5331//291
f 5322//1020 5331//291 5323//291
f 5323//291 5331//291 5332//1025
f 5323//291 5332//1025 5324//1021
f 5324//1021 5332//1025 5333//660
f 5324//1021 5333//660 5325//988
f 5325//988 5333//660 5334//1026
f 5325//988 5334//1026 5326//1022
f 5326//1022 5334//1026 5335//298
f 5326//1022 5335//298 5327//298
f 5327//298 5335//298 5336//1027
f 5327//298 5336//1027 5328//1023
f 5328//1023 5336//1027 5329//656
f 5328//1023 5329//656 5321//980
f 5329//656 5337//981 5338//1028
f 5329//656 5338//1028 5330//1024
f 5330//1024 5338//1028 5339//291
f 5330//1024 5339//291 5331//291
f 5331//291 5339//291 5340//1029
f 5331//291 5340//1029 5332//1025
f 5332//1025 5340//1029 5341//989
f 5332//1025 5341//989 5333//660
f 5333//660 5341//989 5342//1030
f 5333//660 5342//1030 5334//1026
f 5334//1026 5342//1030 5343//298
f 5334//1026 5343//298 5335//298
f 5335//298 5343//298 5344//1031
f 5335//298 5344//1031 5336//1027
f 5336//1027 5344//1031 5337//981
f 5336//1027 5337//981 5329//656
f 5337//981 5345//365 5346//1032
f 5337//981 5346//1032 5338//1028
f 5338//1028 5346//1032 5347//291
f 5338//1028 5347//291 5339//291
f 5339//291 5347//291 5348//1033
f 5339//291 5348//1033 5340//1029
f 5340//1029 5348//1033 5349//368
f 5340//1029 5349//368 5341//989
f 5341//989 5349//368 5350//1034
f 5341//989 5350//1034 5342//1030
f 5342//1030 5350//1034 5351//298
f 5342//1030 5351//298 5343//298
f 5343//298 5351//298 5352//1035
f 5343//298 5352//1035 5344//1031
f 5344//1031 5352//1035 5345//365
f 5344//1031 5345//365 5337//981
f 5345//365 5353//982 5354//1036
f 5345//365 5354//1036 5346//1032
f 5346//1032 5354//1036 5355//291
f 5346//1032 5355//291 5347//291
f 5347//291 5355//291 5356//1037
f 5347//291 5356//1037 5348//1033
f 5348//1033 5356//1037 5357//990
f 5348//1033 5357//990 5349//368
f 5349//368 5357//990 5358//1038
f 5349//368 5358//1038 5350//1034
f 5350//1034 5358//1038 5359//298
f 5350//1034 5359//298 5351//298
f 5351//298 5359//298 5360//1039
f 5351//298 5360//1039 5352//1035
f 5352//1035 5360//1039 5353//982
f 5352//1035 5353//982 5345//365
f 5353//982 5361//657 5362//1040
f 5353//982 5362//1040 5354//1036
f 5354//1036 5362//1040 5363//291
f 5354//1036 5363//291 5355//291
f 5355//291 5363//291 5364//1041
f 5355//291 5364//1041 5356//1037
f 5356//1037 5364//1041 5365//661
f 5356//1037 5365//661 5357//990
f 5357//990 5365//661 5366//1042
f 5357//990 5366//1042 5358//1038
f 5358//1038 5366//1042 5367//298
f 5358//1038 5367//298 5359//298
f 5359//298 5367//298 5368//1043
f 5359//298 5368//1043 5360//1039
f 5360//1039 5368//1043 5361//657
f 5360//1039 5361//657 5353//982
f 5361//657 5369//983 5370//1044
f 5361//657 5370//1044 5362//1040
f 5362//1040 5370//1044 5371//291
f 5362//1040 5371//291 5363//291
f 5363//291 5371//291 5372//1045
f 5363//291 5372//1045 5364//1041
f 5364//1041 5372//1045 5373//991
f 5364//1041 5373//991 5365//661
f 5365//661 5373//991 5374//1046
f 5365//661 5374//1046 5366//1042
f 5366//1042 5374//1046 5375//298
f 5366//1042 5375//298 5367//298
f 5367//298 5375//298 5376//1047
f 5367//298 5376//1047 5368//1043
f 5368//1043 5376//1047 5369//983
f 5368//1043 5369//983 5361//657
f 5369//983 5377//366 5378//402
f 5369//983 5378//402 5370//1044
f 5370//1044 5378//402 5379//291
f 5370//1044 5379//291 5371//291
f 5371//291 5379//291 5380//327
f 5371//291 5380//327 5372//1045
f 5372//1045 5380//327 5381//363
f 5372//1045 5381//363 5373//991
f 5373//991 5381//363 5382//399
f 5373//991 5382//399 5374//1046
f 5374//1046 5382//399 5383//298
f 5374//1046 5383//298 5375//298
f 5375//298 5383//298 5384//330
f 5375//298 5384//330 5376//1047
f 5376//1047 5384//330 5377//366
f 5376//1047 5377//366 5369//983
f 5377//366 5385//984 5386//993
f 5377//366 5386//993 5378//402
f 5378//402 5386//993 5387//291
f 5378//402 5387//291 5379//291
f 5379//291 5387//291 5388//992
f 5379//291 5388//992 5380//327
f 5380//327 5388//992 5389//976
f 5380//327 5389//976 5381//363
f 5381//363 5389//976 5390//995
f 5381//363 5390//995 5382//399
f 5382//399 5390//995 5391//298
f 5382//399 5391//298 5383//298
f 5383//298 5391//298 5392//994
f 5383//298 5392//994 5384//330
f 5384//330 5392//994 5385//984
f 5384//330 5385//984 5377//366
f 5385//984 5393//658 5394//997
f 5385//984 5394//997 5386//993
f 5386//993 5394//997 5395//291
f 5386//993 5395//291 5387//291
f 5387//291 5395//291 5396//996
f 5387//291 5396//996 5388//992
f 5388//992 5396//996 5397//654
f 5388//992 5397//654 5389//976
f 5389//976 5397//654 5398//999
f 5389//976 5398//999 5390//995
f 5390//995 5398//999 5399//298
f 5390//995 5399//298 5391//298
f 5391//298 5399//298 5400//998
f 5391//298 5400//998 5392//994
f 5392//994 5400//998 5393//658
f 5392//994 5393//658 5385//984
f 5393//658 5401//985 5402//1001
f 5393//658 5402//1001 5394//997
f 5394//997 5402//1001 5403//291
f 5394//997 5403//291 5395//291
f 5395//291 5403//291 5404//1000
f 5395//291 5404//1000 5396//996
f 5396//996 5404//1000 5405//977
f 5396//996 5405//977 5397//654
f 5397//654 5405//977 5406//1003
f 5397//654 5406//1003 5398//999
f 5398//999 5406//1003 5407//298
f 5398//999 5407//298 5399//298
f 5399//298 5407//298 5408//1002
f 5399//298 5408//1002 5400//998
f 5400//998 5408//1002 5401//985
f 5400//998 5401//985 5393//658
f 5401//985 5409//367 5410//1005
f 5401//985 5410//1005 5402//1001
f 5402//1001 5410//1005 5411//291
f 5402//1001 5411//291 5403//291
f 5403//291 5411//291 5412//1004
f 5403//291 5412//1004 5404//1000
f 5404//1000 5412//1004 5413//364
f 5404//1000 5413//364 5405//977
f 5405//977 5413//364 5414//1007
f 5405//977 5414//1007 5406//1003
f 5406//1003 5414//1007 5415//298
f 5406//1003 5415//298 5407//298
f 5407//298 5415//298 5416//1006
f 5407//298 5416//1006 5408//1002
f 5408//1002 5416//1006 5409//367
f 5408//1002 5409//367 5401//985
f 5409//367 5417//986 5418//1009
f 5409//367 5418//1009 5410//1005
f 5410//1005 5418//1009 5419//291
f 5410//1005 5419//291 5411//291
f 5411//291 5419//291 5420//1008
f 5411//291 5420//1008 5412//1004
f 5412//1004 5420//1008 5421//978
f 5412//1004 5421//978 5413//364
f 5413//364 5421//978 5422//1011
f 5413//364 5422//1011 5414//1007
f 5414//1007 5422//1011 5423//298
f 5414//1007 5423//298 5415//298
f 5415//298 5423//298 5424//1010
f 5415//298 5424//1010 5416//1006
f 5416//1006 5424//1010 5417//986
f 5416//1006 5417//986 5409//367
f 5417//986 5425//659 5426//1013
f 5417//986 5426//1013 5418//1009
f 5418//1009 5426//1013 5427//291
f 5418//1009 5427//291 5419//291
f 5419//291 5427//291 5428//1012
f 5419//291 5428//1012 5420//1008
f 5420//1008 5428//1012 5429//655
f 5420//1008 5429//655 5421//978
f 5421//978 5429//655 5430//1015
f 5421//978 5430//1015 5422//1011
f 5422//1011 5430//1015 5431//298
f 5422//1011 5431//298 5423//298
f 5423//298 5431//298 5432//1014
f 5423//298 5432//1014 5424//1010
f 5424//1010 5432//1014 5425//659
f 5424//1010 5425//659 5417//986
f 5425//659 5433//987 5434//1017
f 5425//659 5434//1017 5426//1013
f 5426//1013 5434//1017 5435//291
f 5426//1013 5435//291 5427//291
f 5427//291 5435//291 5436//1016
f 5427//291 5436//1016 5428//1012
f 5428//1012 5436//1016 5437//979
f 5428//1012 5437//979 5429//655
f 5429//655 5437//979 5438//1019
f 5429//655 5438//1019 5430//1015
f 5430//1015 5438//1019 5439//298
f 5430//1015 5439//298 5431//298
f 5431//298 5439//298 5440//1018
f 5431//298 5440//1018 5432//1014
f 5432//1014 5440//1018 5433//987
f 5432//1014 5433//987 5425//659
f 5433//987 5441//289 5442//302
f 5433//987 5442//302 5434//1017
f 5434//1017 5442//302 5443//291
f 5434//1017 5443//291 5435//291
f 5435//291 5443//291 5444//294
f 5435//291 5444//294 5436//1016
f 5436//1016 5444//294 5445//290
f 5436//1016 5445//290 5437//979
f 5437//979 5445//290 5446//296
f 5437//979 5446//296 5438//1019
f 5438//1019 5446//296 5447//298
f 5438//1019 5447//298 5439//298
f 5439//298 5447//298 5448//300
f 5439//298 5448//300 5440//1018
f 5440//1018 5448//300 5441//289
f 5440//1018 5441//289 5433//987
f 5441//289 5449//988 5450//1021
f 5441//289 5450//1021 5442//302
f 5442//302 5450//1021 5451//291
f 5442//302 5451//291 5443//291
f 5443//291 5451//291 5452//1020
f 5443//291 5452//1020 5444//294
f 5444//294 5452//1020 5453//980
f 5444//294 5453//980 5445//290
f 5445//290 5453//980 5454//1023
f 5445//290 5454//1023 5446//296
f 5446//296 5454//1023 5455//298
f 5446//296 5455//298 5447//298
f 5447//298 5455//298 5456//1022
f 5447//298 5456//1022 5448//300
f 5448//300 5456//1022 5449//988
f 5448//300 5449//988 5441//289
f 5449//988 5457//660 5458//1025
f 5449//988 5458//1025 5450//1021
f 5450//1021 5458//1025 5459//291
f 5450//1021 5459//291 5451//291
f 5451//291 5459//291 5460//1024
f 5451//291 5460//1024 5452//1020
f 5452//1020 5460//1024 5461//656
f 5452//1020 5461//656 5453//980
f 5453//980 5461//656 5462//1027
f 5453//980 5462//1027 5454//1023
f 5454//1023 5462//1027 5463//298
f 5454//1023 5463//298 5455//298
f 5455//298 5463//298 5464//1026
f 5455//298 5464//1026 5456//1022
f 5456//1022 5464//1026 5457//660
f 5456//1022 5457//660 5449//988
f 5457//660 5465//989 5466//1029
f 5457//660 5466//1029 5458//1025
f 5458//1025 5466//1029 5467//291
f 5458//1025 5467//291 5459//291
f 5459//291 5467//291 5468//1028
f 5459//291 5468//1028 5460//1024
f 5460//1024 5468//1028 5469//981
f 5460//1024 5469//981 5461//656
f 5461//656 5469//981 5470//1031
f 5461//656 5470//1031 5462//1027
f 5462//1027 5470//1031 5471//298
f 5462//1027 5471//298 5463//298
f 5463//298 5471//298 5472//1030
f 5463//298 5472//1030 5464//1026
f 5464//1026 5472//1030 5465//989
f 5464//1026 5465//989 5457//660
f 5465//989 5473//368 5474//1033
f 5465//989 5474//1033 5466//1029
f 5466//1029 5474//1033 5475//291
f 5466//1029 5475//291 5467//291
f 5467//291 5475//291 5476//1032
f 5467//291 5476//1032 5468//1028
f 5468//1028 5476//1032 5477//365
f 5468//1028 5477//365 5469//981
f 5469//981 5477//365 5478//1035
f 5469//981 5478//1035 5470//1031
f 5470//1031 5478//1035 5479//298
f 5470//1031 5479//298 5471//298
f 5471//298 5479//298 5480//1034
f 5471//298 5480//1034 5472//1030
f 5472//1030 5480//1034 5473//368
f 5472//1030 5473//368 5465//989
f 5473//368 5481//990 5482//1037
f 5473//368 5482//1037 5474//1033
f 5474//1033 5482//1037 5483//291
f 5474//1033 5483//291 5475//291
f 5475//291 5483//291 5484//1036
f 5475//291 5484//1036 5476//1032
f 5476//1032 5484//1036 5485//982
f 5476//1032 5485//982 5477//365
f 5477//365 5485//982 5486//1039
f 5477//365 5486//1039 5478//1035
f 5478//1035 5486//1039 5487//298
f 5478//1035 5487//298 5479//298
f 5479//298 5487//298 5488//1038
f 5479//298 5488//1038 5480//1034
f 5480//1034 5488//1038 5481//990
f 5480//1034 5481//990 5473//368
f 5481//990 5489//661 5490//1041
f 5481//990 5490//1041 5482//1037
f 5482//1037 5490//1041 5491//291
f 5482//1037 5491//291 5483//291
f 5483//291 5491//291 5492//1040
f 5483//291 5492//1040 5484//1036
f 5484//1036 5492//1040 5493//657
f 5484//1036 5493//657 5485//982
f 5485//982 5493//657 5494//1043
f 5485//982 5494//1043 5486//1039
f 5486//1039 5494//1043 5495//298
f 5486//1039 5495//298 5487//298
f 5487//298 5495//298 5496//1042
f 5487//298 5496//1042 5488//1038
f 5488//1038 5496//1042 5489//661
f 5488//1038 5489//661 5481//990
f 5489//661 5497//991 5498//1045
f 5489//661 5498//1045 5490//1041
f 5490//1041 5498//1045 5499//291
f 5490//1041 5499//291 5491//291
f 5491//291 5499//291 5500//1044
f 5491//291 5500//1044 5492//1040
f 5492//1040 5500//1044 5501//983
f 5492//1040 5501//983 5493//657
f 5493//657 5501//983 5502//1047
f 5493//657 5502//1047 5494//1043
f 5494//1043 5502//1047 5503//298
f 5494//1043 5503//298 5495//298
f 5495//298 5503//298 5504//1046
f 5495//298 5504//1046 5496//1042
f 5496//1042 5504//1046 5497//991
f 5496//1042 5497//991 5489//661
f 5497//991 5249//363 5252//327
f 5497//991 5252//327 5498//1045
f 5498//1045 5252//327 5254//291
f 5498//1045 5254//291 5499//291
f 5499//291 5254//291 5256//402
f 5499//291 5256//402 5500//1044
f 5500//1044 5256//402 5258//366
f 5500//1044 5258//366 5501//983
f 5501//983 5258//366 5260//330
f 5501//983 5260//330 5502//1047
f 5502//1047 5260//330 5262//298
f 5502//1047 5262//298 5503//298
f 5503//298 5262//298 5264//399
f 5503//298 5264//399 5504//1046
f 5504//1046 5264//399 5249//363
f 5504//1046 5249//363 5497//991
f 5505//363 5506//364 5507//364
f 5505//363 5508//363 5506//364
f 5507//364 5509//290 5510//290
f 5507//364 5506//364 5509//290
f 5510//290 5511//365 5512//365
f 5510//290 5509//290 5511//365
f 5512//365 5513//366 5514//366
f 5512//365 5511//365 5513//366
f 5514//366 5515//367 5516//367
f 5514//366 5513//366 5515//367
f 5516//367 5517//289 5518//289
f 5516//367 5515//367 5517//289
f 5518//289 5519//368 5520//368
f 5518//289 5517//289 5519//368
f 5520//368 5508//363 5505//363
f 5520//368 5519//368 5508//363
f 5521//298 5507//298 5505//298
f 5522//291 5508//291 5506//291
f 5521//298 5510//298 5507//298
f 5522//291 5506//291 5509//291
f 5521//298 5512//298 5510//298
f 5522//291 5509//291 5511//291
f 5521//298 5514//298 5512//298
f 5522//291 5511//291 5513//291
f 5521//298 5516//298 5514//298
f 5522//291 5513//291 5515//291
f 5521//298 5518//298 5516//298
f 5522//291 5515//291 5517//291
f 5521//298 5520//298 5518//298
f 5522//291 5517//291 5519//291
f 5521//298 5505//298 5520//298
f 5522//291 5519//291 5508//291
f 5523//363 5524//364 5525//364
f 5523//363 5526//363 5524//364
f 5525//364 5527//290 5528//290
f 5525//364 5524//364 5527//290
f 5528//290 5529//365 5530//365
f 5528//290 5527//290 5529//365
f 5530//365 5531//366 5532//366
f 5530//365 5529//365 5531//366
f 5532//366 5533//367 5534//367
f 5532//366 5531//366 5533//367
f 5534//367 5535//289 5536//289
f 5534//367 5533//367 5535//289
f 5536//289 5537//368 5538//368
f 5536//289 5535//289 5537//368
f 5538//368 5526//363 5523//363
f 5538//368 5537//368 5526//363
f 5539//298 5525//298 5523//298
f 5540//291 5526//291 5524//291
f 5539//298 5528//298 5525//298
f 5540//291 5524//291 5527//291
f 5539//298 5530//298 5528//298
f 5540//291 5527//291 5529//291
f 5539//298 5532//298 5530//298
f 5540//291 5529//291 5531//291
f 5539//298 5534//298 5532//298
f 5540//291 5531//291 5533//291
f 5539//298 5536//298 5534//298
f 5540//291 5533//291 5535//291
f 5539//298 5538//298 5536//298
f 5540//291 5535//291 5537//291
f 5539//298 5523//298 5538//298
f 5540//291 5537//291 5526//291
f 5541//363 5542//364 5543//364
f 5541//363 5544//363 5542//364
f 5543//364 5545//290 5546//290
f 5543//364 5542//364 5545//290
f 5546//290 5547//365 5548//365
f 5546//290 5545//290 5547//365
f 5548//365 5549//366 5550//366
f 5548//365 5547//365 5549//366
f 5550//366 5551//367 5552//367
f 5550//366 5549//366 5551//367
f 5552//367 5553//289 5554//289
f 5552//367 5551//367 5553//289
f 5554//289 5555//368 5556//368
f 5554//289 5553//289 5555//368
f 5556//368 5544//363 5541//363
f 5556//368 5555//368 5544//363
f 5557//298 5543//298 5541//298
f 5558//291 5544//291 5542//291
f 5557//298 5546//298 5543//298
f 5558//291 5542//291 5545//291
f 5557//298 5548//298 5546//298
f 5558//291 5545//291 5547//291
f 5557//298 5550//298 5548//298
f 5558//291 5547//291 5549//291
f 5557//298 5552//298 5550//298
f 5558//291 5549//291 5551//291
f 5557//298 5554//298 5552//298
f 5558//291 5551//291 5553//291
f 5557//298 5556//298 5554//298
f 5558//291 5553//291 5555//291
f 5557//298 5541//298 5556//298
f 5558//291 5555//291 5544//291
f 5559//363 5560//364 5561//364
f 5559//363 5562//363 5560//364
f 5561//364 5563//290 5564//290
f 5561//364 5560//364 5563//290
f 5564//290 5565//365 5566//365
f 5564//290 5563//290 5565//365
f 5566//365 5567//366 5568//366
f 5566//365 5565//365 5567//366
f 5568//366 5569//367 5570//367
f 5568//366 5567//366 5569//367
f 5570//367 5571//289 5572//289
f 5570//367 5569//367 5571//289
f 5572//289 5573//368 5574//368
f 5572//289 5571//289 5573//368
f 5574//368 5562//363 5559//363
f 5574//368 5573//368 5562//363
f 5575//298 5561//298 5559//298
f 5576//291 5562//291 5560//291
f 5575//298 5564//298 5561//298
f 5576//291 5560//291 5563//291
f 5575//298 5566//298 5564//298
f 5576//291 5563//291 5565//291
f 5575//298 5568//298 5566//298
f 5576//291 5565//291 5567//291
f 5575//298 5570//298 5568//298
f 5576//291 5567//291 5569//291
f 5575//298 5572//298 5570//298
f 5576//291 5569//291 5571//291
f 5575//298 5574//298 5572//298
f 5576//291 5571//291 5573//291
f 5575//298 5559//298 5574//298
f 5576//291 5573//291 5562//291
f 5577//363 5578//364 5579//364
f 5577//363 5580//363 5578//364
f 5579//364 5581//290 5582//290
f 5579//364 5578//364 5581//290
f 5582//290 5583//365 5584//365
f 5582//290 5581//290 5583//365
f 5584//365 5585//366 5586//366
f 5584//365 5583//365 5585//366
f 5586//366 5587//367 5588//367
f 5586//366 5585//366 5587//367
f 5588//367 5589//289 5590//289
f 5588//367 5587//367 5589//289
f 5590//289 5591//368 5592//368
f 5590//289 5589//289 5591//368
f 5592//368 5580//363 5577//363
f 5592//368 5591//368 5580//363
f 5593//298 5579//298 5577//298
f 5594//291 5580//291 5578//291
f 5593//298 5582//298 5579//298
f 5594//291 5578//291 5581//291
f 5593//298 5584//298 5582//298
f 5594//291 5581//291 5583//291
f 5593//298 5586//298 5584//298
f 5594//291 5583//291 5585//291
f 5593//298 5588//298 5586//298
f 5594//291 5585//291 5587//291
f 5593//298 5590//298 5588//298
f 5594//291 5587//291 5589//291
f 5593//298 5592//298 5590//298
f 5594//291 5589//291 5591//291
f 5593//298 5577//298 5592//298
f 5594//291 5591//291 5580//291
f 5595//363 5596//364 5597//364
f 5595//363 5598//363 5596//364
f 5597//364 5599//290 5600//290
f 5597//364 5596//364 5599//290
f 5600//290 5601//365 5602//365
f 5600//290 5599//290 5601//365
f 5602//365 5603//366 5604//366
f 5602//365 5601//365 5603//366
f 5604//366 5605//367 5606//367
f 5604//366 5603//366 5605//367
f 5606//367 5607//289 5608//289
f 5606//367 5605//367 5607//289
f 5608//289 5609//368 5610//368
f 5608//289 5607//289 5609//368
f 5610//368 5598//363 5595//363
f 5610//368 5609//368 5598//363
f 5611//298 5597//298 5595//298
f 5612//291 5598//291 5596//291
f 5611//298 5600//298 5597//298
f 5612//291 5596//291 5599//291
f 5611//298 5602//298 5600//298
f 5612//291 5599//291 5601//291
f 5611//298 5604//298 5602//298
f 5612//291 5601//291 5603//291
f 5611//298 5606//298 5604//298
f 5612//291 5603//291 5605//291
f 5611//298 5608//298 5606//298
f 5612//291 5605//291 5607//291
f 5611//298 5610//298 5608//298
f 5612//291 5607//291 5609//291
f 5611//298 5595//298 5610//298
f 5612//291 5609//291 5598//291
f 5613//363 5614//364 5615//364
f 5613//363 5616//363 5614//364
f 5615//364 5617//290 5618//290
f 5615//364 5614//364 5617//290
f 5618//290 5619//365 5620//365
f 5618//290 5617//290 5619//365
f 5620//365 5621//366 5622//366
f 5620//365 5619//365 5621//366
f 5622//366 5623//367 5624//367
f 5622//366 5621//366 5623//367
f 5624//367 5625//289 5626//289
f 5624//367 5623//367 5625//289
f 5626//289 5627//368 5628//368
f 5626//289 5625//289 5627//368
f 5628//368 5616//363 5613//363
f 5628//368 5627//368 5616//363
f 5629//298 5615//298 5613//298
f 5630//291 5616//291 5614//291
f 5629//298 5618//298 5615//298
f 5630//291 5614//291 5617//291
f 5629//298 5620//298 5618//298
f 5630//291 5617//291 5619//291
f 5629//298 5622//298 5620//298
f 5630//291 5619//291 5621//291
f 5629//298 5624//298 5622//298
f 5630//291 5621//291 5623//291
f 5629//298 5626//298 5624//298
f 5630//291 5623//291 5625//291
f 5629//298 5628//298 5626//298
f 5630//291 5625//291 5627//291
f 5629//298 5613//298 5628//298
f 5630//291 5627//291 5616//291
f 5631//363 5632//364 5633//364
f 5631//363 5634//363 5632//364
f 5633//364 5635//290 5636//290
f 5633//364 5632//364 5635//290
f 5636//290 5637//365 5638//365
f 5636//290 5635//290 5637//365
f 5638//365 5639//366 5640//366
f 5638//365 5637//365 5639//366
f 5640//366 5641//367 5642//367
f 5640//366 5639//366 5641//367
f 5642//367 5643//289 5644//289
f 5642//367 5641//367 5643//289
f 5644//289 5645//368 5646//368
f 5644//289 5643//289 5645//368
f 5646//368 5634//363 5631//363
f 5646//368 5645//368 5634//363
f 5647//298 5633//298 5631//298
f 5648//291 5634//291 5632//291
f 5647//298 5636//298 5633//298
f 5648//291 5632//291 5635//291
f 5647//298 5638//298 5636//298
f 5648//291 5635//291 5637//291
f 5647//298 5640//298 5638//298
f 5648//291 5637//291 5639//291
f 5647//298 5642//298 5640//298
f 5648//291 5639//291 5641//291
f 5647//298 5644//298 5642//298
f 5648//291 5641//291 5643//291
f 5647//298 5646//298 5644//298
f 5648//291 5643//291 5645//291
f 5647//298 5631//298 5646//298
f 5648//291 5645//291 5634//291
f 5649//363 5650//364 5651//364
f 5649//363 5652//363 5650//364
f 5651//364 5653//290 5654//290
f 5651//364 5650//364 5653//290
f 5654//290 5655//365 5656//365
f 5654//290 5653//290 5655//365
f 5656//365 5657//366 5658//366
f 5656//365 5655//365 5657//366
f 5658//366 5659//367 5660//367
f 5658//366 5657//366 5659//367
f 5660//367 5661//289 5662//289
f 5660//367 5659//367 5661//289
f 5662//289 5663//368 5664//368
f 5662//289 5661//289 5663//368
f 5664//368 5652//363 5649//363
f 5664//368 5663//368 5652//363
f 5665//298 5651//298 5649//298
f 5666//291 5652//291 5650//291
f 5665//298 5654//298 5651//298
f 5666//291 5650//291 5653//291
f 5665//298 5656//298 5654//298
f 5666//291 5653//291 5655//291
f 5665//298 5658//298 5656//298
f 5666//291 5655//291 5657//291
f 5665//298 5660//298 5658//298
f 5666//291 5657//291 5659//291
f 5665//298 5662//298 5660//298
f 5666//291 5659//291 5661//291
f 5665//298 5664//298 5662//298
f 5666//291 5661//291 5663//291
f 5665//298 5649//298 5664//298
f 5666//291 5663//291 5652//291
f 5667//363 5668//364 5669//364
f 5667//363 5670//363 5668//364
f 5669//364 5671//290 5672//290
f 5669//364 5668//364 5671//290
f 5672//290 5673//365 5674//365
f 5672//290 5671//290 5673//365
f 5674//365 5675//366 5676//366
f 5674//365 5673//365 5675//366
f 5676//366 5677//367 5678//367
f 5676//366 5675//366 5677//367
f 5678//367 5679//289 5680//289
f 5678//367 5677//367 5679//289
f 5680//289 5681//368 5682//368
f 5680//289 5679//289 5681//368
f 5682//368 5670//363 5667//363
f 5682//368 5681//368 5670//363
f 5683//298 5669//298 5667//298
f 5684//291 5670//291 5668//291
f 5683//298 5672//298 5669//298
f 5684//291 5668//291 5671//291
f 5683//298 5674//298 5672//298
f 5684//291 5671//291 5673//291
f 5683//298 5676//298 5674//298
f 5684//291 5673//291 5675//291
f 5683//298 5678//298 5676//298
f 5684//291 5675//291 5677//291
f 5683//298 5680//298 5678//298
f 5684//291 5677//291 5679//291
f 5683//298 5682//298 5680//298
f 5684//291 5679//291 5681//291
f 5683//298 5667//298 5682//298
f 5684//291 5681//291 5670//291
f 5685//363 5686//364 5687//364
f 5685//363 5688//363 5686//364
f 5687//364 5689//290 5690//290
f 5687//364 5686//364 5689//290
f 5690//290 5691//365 5692//365
f 5690//290 5689//290 5691//365
f 5692//365 5693//366 5694//366
f 5692//365 5691//365 5693//366
f 5694//366 5695//367 5696//367
f 5694//366 5693//366 5695//367
f 5696//367 5697//289 5698//289
f 5696//367 5695//367 5697//289
f 5698//289 5699//368 5700//368
f 5698//289 5697//289 5699//368
f 5700//368 5688//363 5685//363
f 5700//368 5699//368 5688//363
f 5701//298 5687//298 5685//298
f 5702//291 5688//291 5686//291
f 5701//298 5690//298 5687//298
f 5702//291 5686//291 5689//291
f 5701//298 5692//298 5690//298
f 5702//291 5689//291 5691//291
f 5701//298 5694//298 5692//298
f 5702//291 5691//291 5693//291
f 5701//298 5696//298 5694//298
f 5702//291 5693//291 5695//291
f 5701//298 5698//298 5696//298
f 5702//291 5695//291 5697//291
f 5701//298 5700//298 5698//298
f 5702//291 5697//291 5699//291
f 5701//298 5685//298 5700//298
f 5702//291 5699//291 5688//291
f 5703//363 5704//364 5705//364
f 5703//363 5706//363 5704//364
f 5705//364 5707//290 5708//290
f 5705//364 5704//364 5707//290
f 5708//290 5709//365 5710//365
f 5708//290 5707//290 5709//365
f 5710//365 5711//366 5712//366
f 5710//365 5709//365 5711//366
f 5712//366 5713//367 5714//367
f 5712//366 5711//366 5713//367
f 5714//367 5715//289 5716//289
f 5714//367 5713//367 5715//289
f 5716//289 5717//368 5718//368
f 5716//289 5715//289 5717//368
f 5718//368 5706//363 5703//363
f 5718//368 5717//368 5706//363
f 5719//298 5705//298 5703//298
f 5720//291 5706//291 5704//291
f 5719//298 5708//298 5705//298
f 5720//291 5704//291 5707//291
f 5719//298 5710//298 5708//298
f 5720//291 5707//291 5709//291
f 5719//298 5712//298 5710//298
f 5720//291 5709//291 5711//291
f 5719//298 5714//298 5712//298
f 5720//291 5711//291 5713//291
f 5719//298 5716//298 5714//298
f 5720//291 5713//291 5715//291
f 5719//298 5718//298 5716//298
f 5720//291 5715//291 5717//291
f 5719//298 5703//298 5718//298
f 5720//291 5717//291 5706//291
usemtl rubber_black
f 5721//363 5722//952 5723//952
f 5721//363 5723//952 5724//363
f 5722//952 5725//953 5726//953
f 5722//952 5726//953 5723//952
f 5725//953 5727//954 5728//954
f 5725//953 5728//954 5726//953
f 5727//954 5729//807 5730//807
f 5727//954 5730//807 5728//954
f 5729//807 5731//364 5732//364
f 5729//807 5732//364 5730//807
f 5731//364 5733//955 5734//955
f 5731//364 5734//955 5732//364
f 5733//955 5735//956 5736//956
f 5733//955 5736//956 5734//955
f 5735//956 5737//808 5738//808
f 5735//956 5738//808 5736//956
f 5737//808 5739//957 5740//957
f 5737//808 5740//957 5738//808
f 5739//957 5741//290 5742//290
f 5739//957 5742//290 5740//957
f 5741//290 5743//958 5744//958
f 5741//290 5744//958 5742//290
f 5743//958 5745//809 5746//809
f 5743//958 5746//809 5744//958
f 5745//809 5747//959 5748//959
f 5745//809 5748//959 5746//809
f 5747//959 5749//960 5750//960
f 5747//959 5750//960 5748//959
f 5749//960 5751//365 5752//365
f 5749//960 5752//365 5750//960
f 5751//365 5753//810 5754//810
f 5751//365 5754//810 5752//365
f 5753//810 5755//961 5756//961
f 5753//810 5756//961 5754//810
f 5755//961 5757//962 5758//962
f 5755//961 5758//962 5756//961
f 5757//962 5759//963 5760//963
f 5757//962 5760//963 5758//962
f 5759//963 5761//366 5762//366
f 5759//963 5762//366 5760//963
f 5761//366 5763//964 5764//964
f 5761//366 5764//964 5762//366
f 5763//964 5765//965 5766//965
f 5763//964 5766//965 5764//964
f 5765//965 5767//966 5768//966
f 5765//965 5768//966 5766//965
f 5767//966 5769//811 5770//811
f 5767//966 5770//811 5768//966
f 5769//811 5771//367 5772//367
f 5769//811 5772//367 5770//811
f 5771//367 5773//967 5774//967
f 5771//367 5774//967 5772//367
f 5773//967 5775//968 5776//968
f 5773//967 5776//968 5774//967
f 5775//968 5777//812 5778//812
f 5775//968 5778//812 5776//968
f 5777//812 5779//969 5780//969
f 5777//812 5780//969 5778//812
f 5779//969 5781//289 5782//289
f 5779//969 5782//289 5780//969
f 5781//289 5783//970 5784//970
f 5781//289 5784//970 5782//289
f 5783//970 5785//813 5786//813
f 5783//970 5786//813 5784//970
f 5785//813 5787//971 5788//971
f 5785//813 5788//971 5786//813
f 5787//971 5789//972 5790//972
f 5787//971 5790//972 5788//971
f 5789//972 5791//368 5792//368
f 5789//972 5792//368 5790//972
f 5791//368 5793//814 5794//814
f 5791//368 5794//814 5792//368
f 5793//814 5795//973 5796//973
f 5793//814 5796//973 5794//814
f 5795//973 5797//974 5798//974
f 5795//973 5798//974 5796//973
f 5797//974 5799//975 5800//975
f 5797//974 5800//975 5798//974
f 5799//975 5721//363 5724//363
f 5799//975 5724//363 5800//975
f 5801//298 5722//298 5721//298
f 5802//291 5724//291 5723//291
f 5801//298 5725//298 5722//298
f 5802//291 5723//291 5726//291
f 5801//298 5727//298 5725//298
f 5802//291 5726//291 5728//291
f 5801//298 5729//298 5727//298
f 5802//291 5728//291 5730//291
f 5801//298 5731//298 5729//298
f 5802//291 5730//291 5732//291
f 5801//298 5733//298 5731//298
f 5802//291 5732//291 5734//291
f 5801//298 5735//298 5733//298
f 5802//291 5734//291 5736//291
f 5801//298 5737//298 5735//298
f 5802//291 5736//291 5738//291
f 5801//298 5739//298 5737//298
f 5802//291 5738//291 5740//291
f 5801//298 5741//298 5739//298
f 5802//291 5740//291 5742//291
f 5801//298 5743//298 5741//298
f 5802//291 5742//291 5744//291
f 5801//298 5745//298 5743//298
f 5802//291 5744//291 5746//291
f 5801//298 5747//298 5745//298
f 5802//291 5746//291 5748//291
f 5801//298 5749//298 5747//298
f 5802//291 5748//291 5750//291
f 5801//298 5751//298 5749//298
f 5802//291 5750//291 5752//291
f 5801//298 5753//298 5751//298
f 5802//291 5752//291 5754//291
f 5801//298 5755//298 5753//298
f 5802//291 5754//291 5756//291
f 5801//298 5757//298 5755//298
f 5802//291 5756//291 5758//291
f 5801//298 5759//298 5757//298
f 5802//291 5758//291 5760//291
f 5801//298 5761//298 5759//298
f 5802//291 5760//291 5762//291
f 5801//298 5763//298 5761//298
f 5802//291 5762//291 5764//291
f 5801//298 5765//298 5763//298
f 5802//291 5764//291 5766//291
f 5801//298 5767//298 5765//298
f 5802//291 5766//291 5768//291
f 5801//298 5769//298 5767//298
f 5802//291 5768//291 5770//291
f 5801//298 5771//298 5769//298
f 5802//291 5770//291 5772//291
f 5801//298 5773//298 5771//298
f 5802//291 5772//291 5774//291
f 5801//298 5775//298 5773//298
f 5802//291 5774//291 5776//291
f 5801//298 5777//298 5775//298
f 5802//291 5776//291 5778//291
f 5801//298 5779//298 5777//298
f 5802//291 5778//291 5780//291
f 5801//298 5781//298 5779//298
f 5802//291 5780//291 5782//291
f 5801//298 5783//298 5781//298
f 5802//291 5782//291 5784//291
f 5801//298 5785//298 5783//298
f 5802//291 5784//291 5786//291
f 5801//298 5787//298 5785//298
f 5802//291 5786//291 5788//291
f 5801//298 5789//298 5787//298
f 5802//291 5788//291 5790//291
f 5801//298 5791//298 5789//298
f 5802//291 5790//291 5792//291
f 5801//298 5793//298 5791//298
f 5802//291 5792//291 5794//291
f 5801//298 5795//298 5793//298
f 5802//291 5794//291 5796//291
f 5801//298 5797//298 5795//298
f 5802//291 5796//291 5798//291
f 5801//298 5799//298 5797//298
f 5802//291 5798//291 5800//291
f 5801//298 5721//298 5799//298
f 5802//291 5800//291 5724//291
usemtl gunmetal
f 5803//363 5804//976 5805//976
f 5803//363 5805//976 5806//363
f 5804//976 5807//654 5808//654
f 5804//976 5808//654 5805//976
f 5807//654 5809//977 5810//977
f 5807//654 5810//977 5808//654
f 5809//977 5811//364 5812//364
f 5809//977 5812//364 5810//977
f 5811//364 5813//978 5814//978
f 5811//364 5814//978 5812//364
f 5813//978 5815//655 5816//655
f 5813//978 5816//655 5814//978
f 5815//655 5817//979 5818//979
f 5815//655 5818//979 5816//655
f 5817//979 5819//290 5820//290
f 5817//979 5820//290 5818//979
f 5819//290 5821//980 5822//980
f 5819//290 5822//980 5820//290
f 5821//980 5823//656 5824//656
f 5821//980 5824//656 5822//980
f 5823//656 5825//981 5826//981
f 5823//656 5826//981 5824//656
f 5825//981 5827//365 5828//365
f 5825//981 5828//365 5826//981
f 5827//365 5829//982 5830//982
f 5827//365 5830//982 5828//365
f 5829//982 5831//657 5832//657
f 5829//982 5832//657 5830//982
f 5831//657 5833//983 5834//983
f 5831//657 5834//983 5832//657
f 5833//983 5835//366 5836//366
f 5833//983 5836//366 5834//983
f 5835//366 5837//984 5838//984
f 5835//366 5838//984 5836//366
f 5837//984 5839//658 5840//658
f 5837//984 5840//658 5838//984
f 5839//658 5841//985 5842//985
f 5839//658 5842//985 5840//658
f 5841//985 5843//367 5844//367
f 5841//985 5844//367 5842//985
f 5843//367 5845//986 5846//986
f 5843//367 5846//986 5844//367
f 5845//986 5847//659 5848//659
f 5845//986 5848//659 5846//986
f 5847//659 5849//987 5850//987
f 5847//659 5850//987 5848//659
f 5849//987 5851//289 5852//289
f 5849//987 5852//289 5850//987
f 5851//289 5853//988 5854//988
f 5851//289 5854//988 5852//289
f 5853//988 5855//660 5856//660
f 5853//988 5856//660 5854//988
f 5855//660 5857//989 5858//989
f 5855//660 5858//989 5856//660
f 5857//989 5859//368 5860//368
f 5857//989 5860//368 5858//989
f 5859//368 5861//990 5862//990
f 5859//368 5862//990 5860//368
f 5861//990 5863//661 5864//661
f 5861//990 5864//661 5862//990
f 5863//661 5865//991 5866//991
f 5863//661 5866//991 5864//661
f 5865//991 5803//363 5806//363
f 5865//991 5806//363 5866//991
f 5867//298 5804//298 5803//298
f 5868//291 5806//291 5805//291
f 5867//298 5807//298 5804//298
f 5868//291 5805//291 5808//291
f 5867//298 5809//298 5807//298
f 5868//291 5808//291 5810//291
f 5867//298 5811//298 5809//298
f 5868//291 5810//291 5812//291
f 5867//298 5813//298 5811//298
f 5868//291 5812//291 5814//291
f 5867//298 5815//298 5813//298
f 5868//291 5814//291 5816//291
f 5867//298 5817//298 5815//298
f 5868//291 5816//291 5818//291
f 5867//298 5819//298 5817//298
f 5868//291 5818//291 5820//291
f 5867//298 5821//298 5819//298
f 5868//291 5820//291 5822//291
f 5867//298 5823//298 5821//298
f 5868//291 5822//291 5824//291
f 5867//298 5825//298 5823//298
f 5868//291 5824//291 5826//291
f 5867//298 5827//298 5825//298
f 5868//291 5826//291 5828//291
f 5867//298 5829//298 5827//298
f 5868//291 5828//291 5830//291
f 5867//298 5831//298 5829//298
f 5868//291 5830//291 5832//291
f 5867//298 5833//298 5831//298
f 5868//291 5832//291 5834//291
f 5867//298 5835//298 5833//298
f 5868//291 5834//291 5836//291
f 5867//298 5837//298 5835//298
f 5868//291 5836//291 5838//291
f 5867//298 5839//298 5837//298
f 5868//291 5838//291 5840//291
f 5867//298 5841//298 5839//298
f 5868//291 5840//291 5842//291
f 5867//298 5843//298 5841//298
f 5868//291 5842//291 5844//291
f 5867//298 5845//298 5843//298
f 5868//291 5844//291 5846//291
f 5867//298 5847//298 5845//298
f 5868//291 5846//291 5848//291
f 5867//298 5849//298 5847//298
f 5868//291 5848//291 5850//291
f 5867//298 5851//298 5849//298
f 5868//291 5850//291 5852//291
f 5867//298 5853//298 5851//298
f 5868//291 5852//291 5854//291
f 5867//298 5855//298 5853//298
f 5868//291 5854//291 5856//291
f 5867//298 5857//298 5855//298
f 5868//291 5856//291 5858//291
f 5867//298 5859//298 5857//298
f 5868//291 5858//291 5860//291
f 5867//298 5861//298 5859//298
f 5868//291 5860//291 5862//291
f 5867//298 5863//298 5861//298
f 5868//291 5862//291 5864//291
f 5867//298 5865//298 5863//298
f 5868//291 5864//291 5866//291
f 5867//298 5803//298 5865//298
f 5868//291 5866//291 5806//291
usemtl housing_black
f 5869//363 5870//976 5871//976
f 5869//363 5871//976 5872//363
f 5870//976 5873//654 5874//654
f 5870//976 5874//654 5871//976
f 5873//654 5875//977 5876//977
f 5873//654 5876//977 5874//654
f 5875//977 5877//364 5878//364
f 5875//977 5878//364 5876//977
f 5877//364 5879//978 5880//978
f 5877//364 5880//978 5878//364
f 5879//978 5881//655 5882//655
f 5879//978 5882//655 5880//978
f 5881//655 5883//979 5884//979
f 5881//655 5884//979 5882//655
f 5883//979 5885//290 5886//290
f 5883//979 5886//290 5884//979
f 5885//290 5887//980 5888//980
f 5885//290 5888//980 5886//290
f 5887//980 5889//656 5890//656
f 5887//980 5890//656 5888//980
f 5889//656 5891//981 5892//981
f 5889//656 5892//981 5890//656
f 5891//981 5893//365 5894//365
f 5891//981 5894//365 5892//981
f 5893//365 5895//982 5896//982
f 5893//365 5896//982 5894//365
f 5895//982 5897//657 5898//657
f 5895//982 5898//657 5896//982
f 5897//657 5899//983 5900//983
f 5897//657 5900//983 5898//657
f 5899//983 5901//366 5902//366
f 5899//983 5902//366 5900//983
f 5901//366 5903//984 5904//984
f 5901//366 5904//984 5902//366
f 5903//984 5905//658 5906//658
f 5903//984 5906//658 5904//984
f 5905//658 5907//985 5908//985
f 5905//658 5908//985 5906//658
f 5907//985 5909//367 5910//367
f 5907//985 5910//367 5908//985
f 5909//367 5911//986 5912//986
f 5909//367 5912//986 5910//367
f 5911//986 5913//659 5914//659
f 5911//986 5914//659 5912//986
f 5913//659 5915//987 5916//987
f 5913//659 5916//987 5914//659
f 5915//987 5917//289 5918//289
f 5915//987 5918//289 5916//987
f 5917//289 5919//988 5920//988
f 5917//289 5920//988 5918//289
f 5919//988 5921//660 5922//660
f 5919//988 5922//660 5920//988
f 5921//660 5923//989 5924//989
f 5921//660 5924//989 5922//660
f 5923//989 5925//368 5926//368
f 5923//989 5926//368 5924//989
f 5925//368 5927//990 5928//990
f 5925//368 5928//990 5926//368
f 5927//990 5929//661 5930//661
f 5927//990 5930//661 5928//990
f 5929//661 5931//991 5932//991
f 5929//661 5932//991 5930//661
f 5931//991 5869//363 5872//363
f 5931//991 5872//363 5932//991
f 5933//298 5870//298 5869//298
f 5934//291 5872//291 5871//291
f 5933//298 5873//298 5870//298
f 5934//291 5871//291 5874//291
f 5933//298 5875//298 5873//298
f 5934//291 5874//291 5876//291
f 5933//298 5877//298 5875//298
f 5934//291 5876//291 5878//291
f 5933//298 5879//298 5877//298
f 5934//291 5878//291 5880//291
f 5933//298 5881//298 5879//298
f 5934//291 5880//291 5882//291
f 5933//298 5883//298 5881//298
f 5934//291 5882//291 5884//291
f 5933//298 5885//298 5883//298
f 5934//291 5884//291 5886//291
f 5933//298 5887//298 5885//298
f 5934//291 5886//291 5888//291
f 5933//298 5889//298 5887//298
f 5934//291 5888//291 5890//291
f 5933//298 5891//298 5889//298
f 5934//291 5890//291 5892//291
f 5933//298 5893//298 5891//298
f 5934//291 5892//291 5894//291
f 5933//298 5895//298 5893//298
f 5934//291 5894//291 5896//291
f 5933//298 5897//298 5895//298
f 5934//291 5896//291 5898//291
f 5933//298 5899//298 5897//298
f 5934//291 5898//291 5900//291
f 5933//298 5901//298 5899//298
f 5934//291 5900//291 5902//291
f 5933//298 5903//298 5901//298
f 5934//291 5902//291 5904//291
f 5933//298 5905//298 5903//298
f 5934//291 5904//291 5906//291
f 5933//298 5907//298 5905//298
f 5934//291 5906//291 5908//291
f 5933//298 5909//298 5907//298
f 5934//291 5908//291 5910//291
f 5933//298 5911//298 5909//298
f 5934//291 5910//291 5912//291
f 5933//298 5913//298 5911//298
f 5934//291 5912//291 5914//291
f 5933//298 5915//298 5913//298
f 5934//291 5914//291 5916//291
f 5933//298 5917//298 5915//298
f 5934//291 5916//291 5918//291
f 5933//298 5919//298 5917//298
f 5934//291 5918//291 5920//291
f 5933//298 5921//298 5919//298
f 5934//291 5920//291 5922//291
f 5933//298 5923//298 5921//298
f 5934//291 5922//291 5924//291
f 5933//298 5925//298 5923//298
f 5934//291 5924//291 5926//291
f 5933//298 5927//298 5925//298
f 5934//291 5926//291 5928//291
f 5933//298 5929//298 5927//298
f 5934//291 5928//291 5930//291
f 5933//298 5931//298 5929//298
f 5934//291 5930//291 5932//291
f 5933//298 5869//298 5931//298
f 5934//291 5932//291 5872//291
usemtl metal_highlight
f 5935//363 5936//976 5937//992
f 5935//363 5937//992 5938//327
f 5938//327 5937//992 5939//291
f 5938//327 5939//291 5940//291
f 5940//291 5939//291 5941//993
f 5940//291 5941//993 5942//402
f 5942//402 5941//993 5943//984
f 5942//402 5943//984 5944//366
f 5944//366 5943//984 5945//994
f 5944//366 5945//994 5946//330
f 5946//330 5945//994 5947//298
f 5946//330 5947//298 5948//298
f 5948//298 5947//298 5949//995
f 5948//298 5949//995 5950//399
f 5950//399 5949//995 5936//976
f 5950//399 5936//976 5935//363
f 5936//976 5951//654 5952//996
f 5936//976 5952//996 5937//992
f 5937//992 5952//996 5953//291
f 5937//992 5953//291 5939//291
f 5939//291 5953//291 5954//997
f 5939//291 5954//997 5941//993
f 5941//993 5954//997 5955//658
f 5941//993 5955//658 5943//984
f 5943//984 5955//658 5956//998
f 5943//984 5956//998 5945//994
f 5945//994 5956//998 5957//298
f 5945//994 5957//298 5947//298
f 5947//298 5957//298 5958//999
f 5947//298 5958//999 5949//995
f 5949//995 5958//999 5951//654
f 5949//995 5951//654 5936//976
f 5951//654 5959//977 5960//1000
f 5951//654 5960//1000 5952//996
f 5952//996 5960//1000 5961//291
f 5952//996 5961//291 5953//291
f 5953//291 5961//291 5962//1001
f 5953//291 5962//1001 5954//997
f 5954//997 5962//1001 5963//985
f 5954//997 5963//985 5955//658
f 5955//658 5963//985 5964//1002
f 5955//658 5964//1002 5956//998
f 5956//998 5964//1002 5965//298
f 5956//998 5965//298 5957//298
f 5957//298 5965//298 5966//1003
f 5957//298 5966//1003 5958//999
f 5958//999 5966//1003 5959//977
f 5958//999 5959//977 5951//654
f 5959//977 5967//364 5968//1004
f 5959//977 5968//1004 5960//1000
f 5960//1000 5968//1004 5969//291
f 5960//1000 5969//291 5961//291
f 5961//291 5969//291 5970//1005
f 5961//291 5970//1005 5962//1001
f 5962//1001 5970//1005 5971//367
f 5962//1001 5971//367 5963//985
f 5963//985 5971//367 5972//1006
f 5963//985 5972//1006 5964//1002
f 5964//1002 5972//1006 5973//298
f 5964//1002 5973//298 5965//298
f 5965//298 5973//298 5974//1007
f 5965//298 5974//1007 5966//1003
f 5966//1003 5974//1007 5967//364
f 5966//1003 5967//364 5959//977
f 5967//364 5975//978 5976//1008
f 5967//364 5976//1008 5968//1004
f 5968//1004 5976//1008 5977//291
f 5968//1004 5977//291 5969//291
f 5969//291 5977//291 5978//1009
f 5969//291 5978//1009 5970//1005
f 5970//1005 5978//1009 5979//986
f 5970//1005 5979//986 5971//367
f 5971//367 5979//986 5980//1010
f 5971//367 5980//1010 5972//1006
f 5972//1006 5980//1010 5981//298
f 5972//1006 5981//298 5973//298
f 5973//298 5981//298 5982//1011
f 5973//298 5982//1011 5974//1007
f 5974//1007 5982//1011 5975//978
f 5974//1007 5975//978 5967//364
f 5975//978 5983//655 5984//1012
f 5975//978 5984//1012 5976//1008
f 5976//1008 5984//1012 5985//291
f 5976//1008 5985//291 5977//291
f 5977//291 5985//291 5986//1013
f 5977//291 5986//1013 5978//1009
f 5978//1009 5986//1013 5987//659
f 5978//1009 5987//659 5979//986
f 5979//986 5987//659 5988//1014
f 5979//986 5988//1014 5980//1010
f 5980//1010 5988//1014 5989//298
f 5980//1010 5989//298 5981//298
f 5981//298 5989//298 5990//1015
f 5981//298 5990//1015 5982//1011
f 5982//1011 5990//1015 5983//655
f 5982//1011 5983//655 5975//978
f 5983//655 5991//979 5992//1016
f 5983//655 5992//1016 5984//1012
f 5984//1012 5992//1016 5993//291
f 5984//1012 5993//291 5985//291
f 5985//291 5993//291 5994//1017
f 5985//291 5994//1017 5986//1013
f 5986//1013 5994//1017 5995//987
f 5986//1013 5995//987 5987//659
f 5987//659 5995//987 5996//1018
f 5987//659 5996//1018 5988//1014
f 5988//1014 5996//1018 5997//298
f 5988//1014 5997//298 5989//298
f 5989//298 5997//298 5998//1019
f 5989//298 5998//1019 5990//1015
f 5990//1015 5998//1019 5991//979
f 5990//1015 5991//979 5983//655
f 5991//979 5999//290 6000//294
f 5991//979 6000//294 5992//1016
f 5992//1016 6000//294 6001//291
f 5992//1016 6001//291 5993//291
f 5993//291 6001//291 6002//302
f 5993//291 6002//302 5994//1017
f 5994//1017 6002//302 6003//289
f 5994//1017 6003//289 5995//987
f 5995//987 6003//289 6004//300
f 5995//987 6004//300 5996//1018
f 5996//1018 6004//300 6005//298
f 5996//1018 6005//298 5997//298
f 5997//298 6005//298 6006//296
f 5997//298 6006//296 5998//1019
f 5998//1019 6006//296 5999//290
f 5998//1019 5999//290 5991//979
f 5999//290 6007//980 6008//1020
f 5999//290 6008//1020 6000//294
f 6000//294 6008//1020 6009//291
f 6000//294 6009//291 6001//291
f 6001//291 6009//291 6010//1021
f 6001//291 6010//1021 6002//302
f 6002//302 6010//1021 6011//988
f 6002//302 6011//988 6003//289
f 6003//289 6011//988 6012//1022
f 6003//289 6012//1022 6004//300
f 6004//300 6012//1022 6013//298
f 6004//300 6013//298 6005//298
f 6005//298 6013//298 6014//1023
f 6005//298 6014//1023 6006//296
f 6006//296 6014//1023 6007//980
f 6006//296 6007//980 5999//290
f 6007//980 6015//656 6016//1024
f 6007//980 6016//1024 6008//1020
f 6008//1020 6016//1024 6017//291
f 6008//1020 6017//291 6009//291
f 6009//291 6017//291 6018//1025
f 6009//291 6018//1025 6010//1021
f 6010//1021 6018//1025 6019//660
f 6010//1021 6019//660 6011//988
f 6011//988 6019//660 6020//1026
f 6011//988 6020//1026 6012//1022
f 6012//1022 6020//1026 6021//298
f 6012//1022 6021//298 6013//298
f 6013//298 6021//298 6022//1027
f 6013//298 6022//1027 6014//1023
f 6014//1023 6022//1027 6015//656
f 6014//1023 6015//656 6007//980
f 6015//656 6023//981 6024//1028
f 6015//656 6024//1028 6016//1024
f 6016//1024 6024//1028 6025//291
f 6016//1024 6025//291 6017//291
f 6017//291 6025//291 6026//1029
f 6017//291 6026//1029 6018//1025
f 6018//1025 6026//1029 6027//989
f 6018//1025 6027//989 6019//660
f 6019//660 6027//989 6028//1030
f 6019//660 6028//1030 6020//1026
f 6020//1026 6028//1030 6029//298
f 6020//1026 6029//298 6021//298
f 6021//298 6029//298 6030//1031
f 6021//298 6030//1031 6022//1027
f 6022//1027 6030//1031 6023//981
f 6022//1027 6023//981 6015//656
f 6023//981 6031//365 6032//1032
f 6023//981 6032//1032 6024//1028
f 6024//1028 6032//1032 6033//291
f 6024//1028 6033//291 6025//291
f 6025//291 6033//291 6034//1033
f 6025//291 6034//1033 6026//1029
f 6026//1029 6034//1033 6035//368
f 6026//1029 6035//368 6027//989
f 6027//989 6035//368 6036//1034
f 6027//989 6036//1034 6028//1030
f 6028//1030 6036//1034 6037//298
f 6028//1030 6037//298 6029//298
f 6029//298 6037//298 6038//1035
f 6029//298 6038//1035 6030//1031
f 6030//1031 6038//1035 6031//365
f 6030//1031 6031//365 6023//981
f 6031//365 6039//982 6040//1036
f 6031//365 6040//1036 6032//1032
f 6032//1032 6040//1036 6041//291
f 6032//1032 6041//291 6033//291
f 6033//291 6041//291 6042//1037
f 6033//291 6042//1037 6034//1033
f 6034//1033 6042//1037 6043//990
f 6034//1033 6043//990 6035//368
f 6035//368 6043//990 6044//1038
f 6035//368 6044//1038 6036//1034
f 6036//1034 6044//1038 6045//298
f 6036//1034 6045//298 6037//298
f 6037//298 6045//298 6046//1039
f 6037//298 6046//1039 6038//1035
f 6038//1035 6046//1039 6039//982
f 6038//1035 6039//982 6031//365
f 6039//982 6047//657 6048//1040
f 6039//982 6048//1040 6040//1036
f 6040//1036 6048//1040 6049//291
f 6040//1036 6049//291 6041//291
f 6041//291 6049//291 6050//1041
f 6041//291 6050//1041 6042//1037
f 6042//1037 6050//1041 6051//661
f 6042//1037 6051//661 6043//990
f 6043//990 6051//661 6052//1042
f 6043//990 6052//1042 6044//1038
f 6044//1038 6052//1042 6053//298
f 6044//1038 6053//298 6045//298
f 6045//298 6053//298 6054//1043
f 6045//298 6054//1043 6046//1039
f 6046//1039 6054//1043 6047//657
f 6046//1039 6047//657 6039//982
f 6047//657 6055//983 6056//1044
f 6047//657 6056//1044 6048//1040
f 6048//1040 6056//1044 6057//291
f 6048//1040 6057//291 6049//291
f 6049//291 6057//291 6058//1045
f 6049//291 6058//1045 6050//1041
f 6050//1041 6058//1045 6059//991
f 6050//1041 6059//991 6051//661
f 6051//661 6059//991 6060//1046
f 6051//661 6060//1046 6052//1042
f 6052//1042 6060//1046 6061//298
f 6052//1042 6061//298 6053//298
f 6053//298 6061//298 6062//1047
f 6053//298 6062//1047 6054//1043
f 6054//1043 6062//1047 6055//983
f 6054//1043 6055//983 6047//657
f 6055//983 6063//366 6064//402
f 6055//983 6064//402 6056//1044
f 6056//1044 6064//402 6065//291
f 6056//1044 6065//291 6057//291
f 6057//291 6065//291 6066//327
f 6057//291 6066//327 6058//1045
f 6058//1045 6066//327 6067//363
f 6058//1045 6067//363 6059//991
f 6059//991 6067//363 6068//399
f 6059//991 6068//399 6060//1046
f 6060//1046 6068//399 6069//298
f 6060//1046 6069//298 6061//298
f 6061//298 6069//298 6070//330
f 6061//298 6070//330 6062//1047
f 6062//1047 6070//330 6063//366
f 6062//1047 6063//366 6055//983
f 6063//366 6071//984 6072//993
f 6063//366 6072//993 6064//402
f 6064//402 6072//993 6073//291
f 6064//402 6073//291 6065//291
f 6065//291 6073//291 6074//992
f 6065//291 6074//992 6066//327
f 6066//327 6074//992 6075//976
f 6066//327 6075//976 6067//363
f 6067//363 6075//976 6076//995
f 6067//363 6076//995 6068//399
f 6068//399 6076//995 6077//298
f 6068//399 6077//298 6069//298
f 6069//298 6077//298 6078//994
f 6069//298 6078//994 6070//330
f 6070//330 6078//994 6071//984
f 6070//330 6071//984 6063//366
f 6071//984 6079//658 6080//997
f 6071//984 6080//997 6072//993
f 6072//993 6080//997 6081//291
f 6072//993 6081//291 6073//291
f 6073//291 6081//291 6082//996
f 6073//291 6082//996 6074//992
f 6074//992 6082//996 6083//654
f 6074//992 6083//654 6075//976
f 6075//976 6083//654 6084//999
f 6075//976 6084//999 6076//995
f 6076//995 6084//999 6085//298
f 6076//995 6085//298 6077//298
f 6077//298 6085//298 6086//998
f 6077//298 6086//998 6078//994
f 6078//994 6086//998 6079//658
f 6078//994 6079//658 6071//984
f 6079//658 6087//985 6088//1001
f 6079//658 6088//1001 6080//997
f 6080//997 6088//1001 6089//291
f 6080//997 6089//291 6081//291
f 6081//291 6089//291 6090//1000
f 6081//291 6090//1000 6082//996
f 6082//996 6090//1000 6091//977
f 6082//996 6091//977 6083//654
f 6083//654 6091//977 6092//1003
f 6083//654 6092//1003 6084//999
f 6084//999 6092//1003 6093//298
f 6084//999 6093//298 6085//298
f 6085//298 6093//298 6094//1002
f 6085//298 6094//1002 6086//998
f 6086//998 6094//1002 6087//985
f 6086//998 6087//985 6079//658
f 6087//985 6095//367 6096//1005
f 6087//985 6096//1005 6088//1001
f 6088//1001 6096//1005 6097//291
f 6088//1001 6097//291 6089//291
f 6089//291 6097//291 6098//1004
f 6089//291 6098//1004 6090//1000
f 6090//1000 6098//1004 6099//364
f 6090//1000 6099//364 6091//977
f 6091//977 6099//364 6100//1007
f 6091//977 6100//1007 6092//1003
f 6092//1003 6100//1007 6101//298
f 6092//1003 6101//298 6093//298
f 6093//298 6101//298 6102//1006
f 6093//298 6102//1006 6094//1002
f 6094//1002 6102//1006 6095//367
f 6094//1002 6095//367 6087//985
f 6095//367 6103//986 6104//1009
f 6095//367 6104//1009 6096//1005
f 6096//1005 6104//1009 6105//291
f 6096//1005 6105//291 6097//291
f 6097//291 6105//291 6106//1008
f 6097//291 6106//1008 6098//1004
f 6098//1004 6106//1008 6107//978
f 6098//1004 6107//978 6099//364
f 6099//364 6107//978 6108//1011
f 6099//364 6108//1011 6100//1007
f 6100//1007 6108//1011 6109//298
f 6100//1007 6109//298 6101//298
f 6101//298 6109//298 6110//1010
f 6101//298 6110//1010 6102//1006
f 6102//1006 6110//1010 6103//986
f 6102//1006 6103//986 6095//367
f 6103//986 6111//659 6112//1013
f 6103//986 6112//1013 6104//1009
f 6104//1009 6112//1013 6113//291
f 6104//1009 6113//291 6105//291
f 6105//291 6113//291 6114//1012
f 6105//291 6114//1012 6106//1008
f 6106//1008 6114//1012 6115//655
f 6106//1008 6115//655 6107//978
f 6107//978 6115//655 6116//1015
f 6107//978 6116//1015 6108//1011
f 6108//1011 6116//1015 6117//298
f 6108//1011 6117//298 6109//298
f 6109//298 6117//298 6118//1014
f 6109//298 6118//1014 6110//1010
f 6110//1010 6118//1014 6111//659
f 6110//1010 6111//659 6103//986
f 6111//659 6119//987 6120//1017
f 6111//659 6120//1017 6112//1013
f 6112//1013 6120//1017 6121//291
f 6112//1013 6121//291 6113//291
f 6113//291 6121//291 6122//1016
f 6113//291 6122//1016 6114//1012
f 6114//1012 6122//1016 6123//979
f 6114//1012 6123//979 6115//655
f 6115//655 6123//979 6124//1019
f 6115//655 6124//1019 6116//1015
f 6116//1015 6124//1019 6125//298
f 6116//1015 6125//298 6117//298
f 6117//298 6125//298 6126//1018
f 6117//298 6126//1018 6118//1014
f 6118//1014 6126//1018 6119//987
f 6118//1014 6119//987 6111//659
f 6119//987 6127//289 6128//302
f 6119//987 6128//302 6120//1017
f 6120//1017 6128//302 6129//291
f 6120//1017 6129//291 6121//291
f 6121//291 6129//291 6130//294
f 6121//291 6130//294 6122//1016
f 6122//1016 6130//294 6131//290
f 6122//1016 6131//290 6123//979
f 6123//979 6131//290 6132//296
f 6123//979 6132//296 6124//1019
f 6124//1019 6132//296 6133//298
f 6124//1019 6133//298 6125//298
f 6125//298 6133//298 6134//300
f 6125//298 6134//300 6126//1018
f 6126//1018 6134//300 6127//289
f 6126//1018 6127//289 6119//987
f 6127//289 6135//988 6136//1021
f 6127//289 6136//1021 6128//302
f 6128//302 6136//1021 6137//291
f 6128//302 6137//291 6129//291
f 6129//291 6137//291 6138//1020
f 6129//291 6138//1020 6130//294
f 6130//294 6138//1020 6139//980
f 6130//294 6139//980 6131//290
f 6131//290 6139//980 6140//1023
f 6131//290 6140//1023 6132//296
f 6132//296 6140//1023 6141//298
f 6132//296 6141//298 6133//298
f 6133//298 6141//298 6142//1022
f 6133//298 6142//1022 6134//300
f 6134//300 6142//1022 6135//988
f 6134//300 6135//988 6127//289
f 6135//988 6143//660 6144//1025
f 6135//988 6144//1025 6136//1021
f 6136//1021 6144//1025 6145//291
f 6136//1021 6145//291 6137//291
f 6137//291 6145//291 6146//1024
f 6137//291 6146//1024 6138//1020
f 6138//1020 6146//1024 6147//656
f 6138//1020 6147//656 6139//980
f 6139//980 6147//656 6148//1027
f 6139//980 6148//1027 6140//1023
f 6140//1023 6148//1027 6149//298
f 6140//1023 6149//298 6141//298
f 6141//298 6149//298 6150//1026
f 6141//298 6150//1026 6142//1022
f 6142//1022 6150//1026 6143//660
f 6142//1022 6143//660 6135//988
f 6143//660 6151//989 6152//1029
f 6143//660 6152//1029 6144//1025
f 6144//1025 6152//1029 6153//291
f 6144//1025 6153//291 6145//291
f 6145//291 6153//291 6154//1028
f 6145//291 6154//1028 6146//1024
f 6146//1024 6154//1028 6155//981
f 6146//1024 6155//981 6147//656
f 6147//656 6155//981 6156//1031
f 6147//656 6156//1031 6148//1027
f 6148//1027 6156//1031 6157//298
f 6148//1027 6157//298 6149//298
f 6149//298 6157//298 6158//1030
f 6149//298 6158//1030 6150//1026
f 6150//1026 6158//1030 6151//989
f 6150//1026 6151//989 6143//660
f 6151//989 6159//368 6160//1033
f 6151//989 6160//1033 6152//1029
f 6152//1029 6160//1033 6161//291
f 6152//1029 6161//291 6153//291
f 6153//291 6161//291 6162//1032
f 6153//291 6162//1032 6154//1028
f 6154//1028 6162//1032 6163//365
f 6154//1028 6163//365 6155//981
f 6155//981 6163//365 6164//1035
f 6155//981 6164//1035 6156//1031
f 6156//1031 6164//1035 6165//298
f 6156//1031 6165//298 6157//298
f 6157//298 6165//298 6166//1034
f 6157//298 6166//1034 6158//1030
f 6158//1030 6166//1034 6159//368
f 6158//1030 6159//368 6151//989
f 6159//368 6167//990 6168//1037
f 6159//368 6168//1037 6160//1033
f 6160//1033 6168//1037 6169//291
f 6160//1033 6169//291 6161//291
f 6161//291 6169//291 6170//1036
f 6161//291 6170//1036 6162//1032
f 6162//1032 6170//1036 6171//982
f 6162//1032 6171//982 6163//365
f 6163//365 6171//982 6172//1039
f 6163//365 6172//1039 6164//1035
f 6164//1035 6172//1039 6173//298
f 6164//1035 6173//298 6165//298
f 6165//298 6173//298 6174//1038
f 6165//298 6174//1038 6166//1034
f 6166//1034 6174//1038 6167//990
f 6166//1034 6167//990 6159//368
f 6167//990 6175//661 6176//1041
f 6167//990 6176//1041 6168//1037
f 6168//1037 6176//1041 6177//291
f 6168//1037 6177//291 6169//291
f 6169//291 6177//291 6178//1040
f 6169//291 6178//1040 6170//1036
f 6170//1036 6178//1040 6179//657
f 6170//1036 6179//657 6171//982
f 6171//982 6179//657 6180//1043
f 6171//982 6180//1043 6172//1039
f 6172//1039 6180//1043 6181//298
f 6172//1039 6181//298 6173//298
f 6173//298 6181//298 6182//1042
f 6173//298 6182//1042 6174//1038
f 6174//1038 6182//1042 6175//661
f 6174//1038 6175//661 6167//990
f 6175//661 6183//991 6184//1045
f 6175//661 6184//1045 6176//1041
f 6176//1041 6184//1045 6185//291
f 6176//1041 6185//291 6177//291
f 6177//291 6185//291 6186//1044
f 6177//291 6186//1044 6178//1040
f 6178//1040 6186//1044 6187//983
f 6178//1040 6187//983 6179//657
f 6179//657 6187//983 6188//1047
f 6179//657 6188//1047 6180//1043
f 6180//1043 6188//1047 6189//298
f 6180//1043 6189//298 6181//298
f 6181//298 6189//298 6190//1046
f 6181//298 6190//1046 6182//1042
f 6182//1042 6190//1046 6183//991
f 6182//1042 6183//991 6175//661
f 6183//991 5935//363 5938//327
f 6183//991 5938//327 6184//1045
f 6184//1045 5938//327 5940//291
f 6184//1045 5940//291 6185//291
f 6185//291 5940//291 5942//402
f 6185//291 5942//402 6186//1044
f 6186//1044 5942//402 5944//366
f 6186//1044 5944//366 6187//983
f 6187//983 5944//366 5946//330
f 6187//983 5946//330 6188//1047
f 6188//1047 5946//330 5948//298
f 6188//1047 5948//298 6189//298
f 6189//298 5948//298 5950//399
f 6189//298 5950//399 6190//1046
f 6190//1046 5950//399 5935//363
f 6190//1046 5935//363 6183//991
f 6191//363 6192//364 6193//364
f 6191//363 6193//364 6194//363
f 6192//364 6195//290 6196//290
f 6192//364 6196//290 6193//364
f 6195//290 6197//365 6198//365
f 6195//290 6198//365 6196//290
f 6197//365 6199//366 6200//366
f 6197//365 6200//366 6198//365
f 6199//366 6201//367 6202//367
f 6199//366 6202//367 6200//366
f 6201//367 6203//289 6204//289
f 6201//367 6204//289 6202//367
f 6203//289 6205//368 6206//368
f 6203//289 6206//368 6204//289
f 6205//368 6191//363 6194//363
f 6205//368 6194//363 6206//368
f 6207//298 6192//298 6191//298
f 6208//291 6194//291 6193//291
f 6207//298 6195//298 6192//298
f 6208//291 6193//291 6196//291
f 6207//298 6197//298 6195//298
f 6208//291 6196//291 6198//291
f 6207//298 6199//298 6197//298
f 6208//291 6198//291 6200//291
f 6207//298 6201//298 6199//298
f 6208//291 6200//291 6202//291
f 6207//298 6203//298 6201//298
f 6208//291 6202//291 6204//291
f 6207//298 6205//298 6203//298
f 6208//291 6204//291 6206//291
f 6207//298 6191//298 6205//298
f 6208//291 6206//291 6194//291
f 6209//363 6210//364 6211//364
f 6209//363 6211//364 6212//363
f 6210//364 6213//290 6214//290
f 6210//364 6214//290 6211//364
f 6213//290 6215//365 6216//365
f 6213//290 6216//365 6214//290
f 6215//365 6217//366 6218//366
f 6215//365 6218//366 6216//365
f 6217//366 6219//367 6220//367
f 6217//366 6220//367 6218//366
f 6219//367 6221//289 6222//289
f 6219//367 6222//289 6220//367
f 6221//289 6223//368 6224//368
f 6221//289 6224//368 6222//289
f 6223//368 6209//363 6212//363
f 6223//368 6212//363 6224//368
f 6225//298 6210//298 6209//298
f 6226//291 6212//291 6211//291
f 6225//298 6213//298 6210//298
f 6226//291 6211//291 6214//291
f 6225//298 6215//298 6213//298
f 6226//291 6214//291 6216//291
f 6225//298 6217//298 6215//298
f 6226//291 6216//291 6218//291
f 6225//298 6219//298 6217//298
f 6226//291 6218//291 6220//291
f 6225//298 6221//298 6219//298
f 6226//291 6220//291 6222//291
f 6225//298 6223//298 6221//298
f 6226//291 6222//291 6224//291
f 6225//298 6209//298 6223//298
f 6226//291 6224//291 6212//291
f 6227//363 6228//364 6229//364
f 6227//363 6229//364 6230//363
f 6228//364 6231//290 6232//290
f 6228//364 6232//290 6229//364
f 6231//290 6233//365 6234//365
f 6231//290 6234//365 6232//290
f 6233//365 6235//366 6236//366
f 6233//365 6236//366 6234//365
f 6235//366 6237//367 6238//367
f 6235//366 6238//367 6236//366
f 6237//367 6239//289 6240//289
f 6237//367 6240//289 6238//367
f 6239//289 6241//368 6242//368
f 6239//289 6242//368 6240//289
f 6241//368 6227//363 6230//363
f 6241//368 6230//363 6242//368
f 6243//298 6228//298 6227//298
f 6244//291 6230//291 6229//291
f 6243//298 6231//298 6228//298
f 6244//291 6229//291 6232//291
f 6243//298 6233//298 6231//298
f 6244//291 6232//291 6234//291
f 6243//298 6235//298 6233//298
f 6244//291 6234//291 6236//291
f 6243//298 6237//298 6235//298
f 6244//291 6236//291 6238//291
f 6243//298 6239//298 6237//298
f 6244//291 6238//291 6240//291
f 6243//298 6241//298 6239//298
f 6244//291 6240//291 6242//291
f 6243//298 6227//298 6241//298
f 6244//291 6242//291 6230//291
f 6245//363 6246//364 6247//364
f 6245//363 6247//364 6248//363
f 6246//364 6249//290 6250//290
f 6246//364 6250//290 6247//364
f 6249//290 6251//365 6252//365
f 6249//290 6252//365 6250//290
f 6251//365 6253//366 6254//366
f 6251//365 6254//366 6252//365
f 6253//366 6255//367 6256//367
f 6253//366 6256//367 6254//366
f 6255//367 6257//289 6258//289
f 6255//367 6258//289 6256//367
f 6257//289 6259//368 6260//368
f 6257//289 6260//368 6258//289
f 6259//368 6245//363 6248//363
f 6259//368 6248//363 6260//368
f 6261//298 6246//298 6245//298
f 6262//291 6248//291 6247//291
f 6261//298 6249//298 6246//298
f 6262//291 6247//291 6250//291
f 6261//298 6251//298 6249//298
f 6262//291 6250//291 6252//291
f 6261//298 6253//298 6251//298
f 6262//291 6252//291 6254//291
f 6261//298 6255//298 6253//298
f 6262//291 6254//291 6256//291
f 6261//298 6257//298 6255//298
f 6262//291 6256//291 6258//291
f 6261//298 6259//298 6257//298
f 6262//291 6258//291 6260//291
f 6261//298 6245//298 6259//298
f 6262//291 6260//291 6248//291
f 6263//363 6264//364 6265//364
f 6263//363 6265//364 6266//363
f 6264//364 6267//290 6268//290
f 6264//364 6268//290 6265//364
f 6267//290 6269//365 6270//365
f 6267//290 6270//365 6268//290
f 6269//365 6271//366 6272//366
f 6269//365 6272//366 6270//365
f 6271//366 6273//367 6274//367
f 6271//366 6274//367 6272//366
f 6273//367 6275//289 6276//289
f 6273//367 6276//289 6274//367
f 6275//289 6277//368 6278//368
f 6275//289 6278//368 6276//289
f 6277//368 6263//363 6266//363
f 6277//368 6266//363 6278//368
f 6279//298 6264//298 6263//298
f 6280//291 6266//291 6265//291
f 6279//298 6267//298 6264//298
f 6280//291 6265//291 6268//291
f 6279//298 6269//298 6267//298
f 6280//291 6268//291 6270//291
f 6279//298 6271//298 6269//298
f 6280//291 6270//291 6272//291
f 6279//298 6273//298 6271//298
f 6280//291 6272//291 6274//291
f 6279//298 6275//298 6273//298
f 6280//291 6274//291 6276//291
f 6279//298 6277//298 6275//298
f 6280//291 6276//291 6278//291
f 6279//298 6263//298 6277//298
f 6280//291 6278//291 6266//291
f 6281//363 6282//364 6283//364
f 6281//363 6283//364 6284//363
f 6282//364 6285//290 6286//290
f 6282//364 6286//290 6283//364
f 6285//290 6287//365 6288//365
f 6285//290 6288//365 6286//290
f 6287//365 6289//366 6290//366
f 6287//365 6290//366 6288//365
f 6289//366 6291//367 6292//367
f 6289//366 6292//367 6290//366
f 6291//367 6293//289 6294//289
f 6291//367 6294//289 6292//367
f 6293//289 6295//368 6296//368
f 6293//289 6296//368 6294//289
f 6295//368 6281//363 6284//363
f 6295//368 6284//363 6296//368
f 6297//298 6282//298 6281//298
f 6298//291 6284//291 6283//291
f 6297//298 6285//298 6282//298
f 6298//291 6283//291 6286//291
f 6297//298 6287//298 6285//298
f 6298//291 6286//291 6288//291
f 6297//298 6289//298 6287//298
f 6298//291 6288//291 6290//291
f 6297//298 6291//298 6289//298
f 6298//291 6290//291 6292//291
f 6297//298 6293//298 6291//298
f 6298//291 6292//291 6294//291
f 6297//298 6295//298 6293//298
f 6298//291 6294//291 6296//291
f 6297//298 6281//298 6295//298
f 6298//291 6296//291 6284//291
f 6299//363 6300//364 6301//364
f 6299//363 6301//364 6302//363
f 6300//364 6303//290 6304//290
f 6300//364 6304//290 6301//364
f 6303//290 6305//365 6306//365
f 6303//290 6306//365 6304//290
f 6305//365 6307//366 6308//366
f 6305//365 6308//366 6306//365
f 6307//366 6309//367 6310//367
f 6307//366 6310//367 6308//366
f 6309//367 6311//289 6312//289
f 6309//367 6312//289 6310//367
f 6311//289 6313//368 6314//368
f 6311//289 6314//368 6312//289
f 6313//368 6299//363 6302//363
f 6313//368 6302//363 6314//368
f 6315//298 6300//298 6299//298
f 6316//291 6302//291 6301//291
f 6315//298 6303//298 6300//298
f 6316//291 6301//291 6304//291
f 6315//298 6305//298 6303//298
f 6316//291 6304//291 6306//291
f 6315//298 6307//298 6305//298
f 6316//291 6306//291 6308//291
f 6315//298 6309//298 6307//298
f 6316//291 6308//291 6310//291
f 6315//298 6311//298 6309//298
f 6316//291 6310//291 6312//291
f 6315//298 6313//298 6311//298
f 6316//291 6312//291 6314//291
f 6315//298 6299//298 6313//298
f 6316//291 6314//291 6302//291
f 6317//363 6318//364 6319//364
f 6317//363 6319//364 6320//363
f 6318//364 6321//290 6322//290
f 6318//364 6322//290 6319//364
f 6321//290 6323//365 6324//365
f 6321//290 6324//365 6322//290
f 6323//365 6325//366 6326//366
f 6323//365 6326//366 6324//365
f 6325//366 6327//367 6328//367
f 6325//366 6328//367 6326//366
f 6327//367 6329//289 6330//289
f 6327//367 6330//289 6328//367
f 6329//289 6331//368 6332//368
f 6329//289 6332//368 6330//289
f 6331//368 6317//363 6320//363
f 6331//368 6320//363 6332//368
f 6333//298 6318//298 6317//298
f 6334//291 6320//291 6319//291
f 6333//298 6321//298 6318//298
f 6334//291 6319//291 6322//291
f 6333//298 6323//298 6321//298
f 6334//291 6322//291 6324//291
f 6333//298 6325//298 6323//298
f 6334//291 6324//291 6326//291
f 6333//298 6327//298 6325//298
f 6334//291 6326//291 6328//291
f 6333//298 6329//298 6327//298
f 6334//291 6328//291 6330//291
f 6333//298 6331//298 6329//298
f 6334//291 6330//291 6332//291
f 6333//298 6317//298 6331//298
f 6334//291 6332//291 6320//291
f 6335//363 6336//364 6337//364
f 6335//363 6337//364 6338//363
f 6336//364 6339//290 6340//290
f 6336//364 6340//290 6337//364
f 6339//290 6341//365 6342//365
f 6339//290 6342//365 6340//290
f 6341//365 6343//366 6344//366
f 6341//365 6344//366 6342//365
f 6343//366 6345//367 6346//367
f 6343//366 6346//367 6344//366
f 6345//367 6347//289 6348//289
f 6345//367 6348//289 6346//367
f 6347//289 6349//368 6350//368
f 6347//289 6350//368 6348//289
f 6349//368 6335//363 6338//363
f 6349//368 6338//363 6350//368
f 6351//298 6336//298 6335//298
f 6352//291 6338//291 6337//291
f 6351//298 6339//298 6336//298
f 6352//291 6337//291 6340//291
f 6351//298 6341//298 6339//298
f 6352//291 6340//291 6342//291
f 6351//298 6343//298 6341//298
f 6352//291 6342//291 6344//291
f 6351//298 6345//298 6343//298
f 6352//291 6344//291 6346//291
f 6351//298 6347//298 6345//298
f 6352//291 6346//291 6348//291
f 6351//298 6349//298 6347//298
f 6352//291 6348//291 6350//291
f 6351//298 6335//298 6349//298
f 6352//291 6350//291 6338//291
f 6353//363 6354//364 6355//364
f 6353//363 6355//364 6356//363
f 6354//364 6357//290 6358//290
f 6354//364 6358//290 6355//364
f 6357//290 6359//365 6360//365
f 6357//290 6360//365 6358//290
f 6359//365 6361//366 6362//366
f 6359//365 6362//366 6360//365
f 6361//366 6363//367 6364//367
f 6361//366 6364//367 6362//366
f 6363//367 6365//289 6366//289
f 6363//367 6366//289 6364//367
f 6365//289 6367//368 6368//368
f 6365//289 6368//368 6366//289
f 6367//368 6353//363 6356//363
f 6367//368 6356//363 6368//368
f 6369//298 6354//298 6353//298
f 6370//291 6356//291 6355//291
f 6369//298 6357//298 6354//298
f 6370//291 6355//291 6358//291
f 6369//298 6359//298 6357//298
f 6370//291 6358//291 6360//291
f 6369//298 6361//298 6359//298
f 6370//291 6360//291 6362//291
f 6369//298 6363//298 6361//298
f 6370//291 6362//291 6364//291
f 6369//298 6365//298 6363//298
f 6370//291 6364//291 6366//291
f 6369//298 6367//298 6365//298
f 6370//291 6366//291 6368//291
f 6369//298 6353//298 6367//298
f 6370//291 6368//291 6356//291
f 6371//363 6372//364 6373//364
f 6371//363 6373//364 6374//363
f 6372//364 6375//290 6376//290
f 6372//364 6376//290 6373//364
f 6375//290 6377//365 6378//365
f 6375//290 6378//365 6376//290
f 6377//365 6379//366 6380//366
f 6377//365 6380//366 6378//365
f 6379//366 6381//367 6382//367
f 6379//366 6382//367 6380//366
f 6381//367 6383//289 6384//289
f 6381//367 6384//289 6382//367
f 6383//289 6385//368 6386//368
f 6383//289 6386//368 6384//289
f 6385//368 6371//363 6374//363
f 6385//368 6374//363 6386//368
f 6387//298 6372//298 6371//298
f 6388//291 6374//291 6373//291
f 6387//298 6375//298 6372//298
f 6388//291 6373//291 6376//291
f 6387//298 6377//298 6375//298
f 6388//291 6376//291 6378//291
f 6387//298 6379//298 6377//298
f 6388//291 6378//291 6380//291
f 6387//298 6381//298 6379//298
f 6388//291 6380//291 6382//291
f 6387//298 6383//298 6381//298
f 6388//291 6382//291 6384//291
f 6387//298 6385//298 6383//298
f 6388//291 6384//291 6386//291
f 6387//298 6371//298 6385//298
f 6388//291 6386//291 6374//291
f 6389//363 6390//364 6391//364
f 6389//363 6391//364 6392//363
f 6390//364 6393//290 6394//290
f 6390//364 6394//290 6391//364
f 6393//290 6395//365 6396//365
f 6393//290 6396//365 6394//290
f 6395//365 6397//366 6398//366
f 6395//365 6398//366 6396//365
f 6397//366 6399//367 6400//367
f 6397//366 6400//367 6398//366
f 6399//367 6401//289 6402//289
f 6399//367 6402//289 6400//367
f 6401//289 6403//368 6404//368
f 6401//289 6404//368 6402//289
f 6403//368 6389//363 6392//363
f 6403//368 6392//363 6404//368
f 6405//298 6390//298 6389//298
f 6406//291 6392//291 6391//291
f 6405//298 6393//298 6390//298
f 6406//291 6391//291 6394//291
f 6405//298 6395//298 6393//298
f 6406//291 6394//291 6396//291
f 6405//298 6397//298 6395//298
f 6406//291 6396//291 6398//291
f 6405//298 6399//298 6397//298
f 6406//291 6398//291 6400//291
f 6405//298 6401//298 6399//298
f 6406//291 6400//291 6402//291
f 6405//298 6403//298 6401//298
f 6406//291 6402//291 6404//291
f 6405//298 6389//298 6403//298
f 6406//291 6404//291 6392//291
f 6407//363 6408//654 6409//654
f 6407//363 6410//363 6408//654
f 6409//654 6411//364 6412//364
f 6409//654 6408//654 6411//364
f 6412//364 6413//655 6414//655
f 6412//364 6411//364 6413//655
f 6414//655 6415//290 6416//290
f 6414//655 6413//655 6415//290
f 6416//290 6417//656 6418//656
f 6416//290 6415//290 6417//656
f 6418//656 6419//365 6420//365
f 6418//656 6417//656 6419//365
f 6420//365 6421//657 6422//657
f 6420//365 6419//365 6421//657
f 6422//657 6423//366 6424//366
f 6422//657 6421//657 6423//366
f 6424//366 6425//658 6426//658
f 6424//366 6423//366 6425//658
f 6426//658 6427//367 6428//367
f 6426//658 6425//658 6427//367
f 6428//367 6429//659 6430//659
f 6428//367 6427//367 6429//659
f 6430//659 6431//289 6432//289
f 6430//659 6429//659 6431//289
f 6432//289 6433//660 6434//660
f 6432//289 6431//289 6433//660
f 6434//660 6435//368 6436//368
f 6434//660 6433//660 6435//368
f 6436//368 6437//661 6438//661
f 6436//368 6435//368 6437//661
f 6438//661 6410//363 6407//363
f 6438//661 6437//661 6410//363
f 6439//298 6409//298 6407//298
f 6440//291 6410//291 6408//291
f 6439//298 6412//298 6409//298
f 6440//291 6408//291 6411//291
f 6439//298 6414//298 6412//298
f 6440//291 6411//291 6413//291
f 6439//298 6416//298 6414//298
f 6440//291 6413//291 6415//291
f 6439//298 6418//298 6416//298
f 6440//291 6415//291 6417//291
f 6439//298 6420//298 6418//298
f 6440//291 6417//291 6419//291
f 6439//298 6422//298 6420//298
f 6440//291 6419//291 6421//291
f 6439//298 6424//298 6422//298
f 6440//291 6421//291 6423//291
f 6439//298 6426//298 6424//298
f 6440//291 6423//291 6425//291
f 6439//298 6428//298 6426//298
f 6440//291 6425//291 6427//291
f 6439//298 6430//298 6428//298
f 6440//291 6427//291 6429//291
f 6439//298 6432//298 6430//298
f 6440//291 6429//291 6431//291
f 6439//298 6434//298 6432//298
f 6440//291 6431//291 6433//291
f 6439//298 6436//298 6434//298
f 6440//291 6433//291 6435//291
f 6439//298 6438//298 6436//298
f 6440//291 6435//291 6437//291
f 6439//298 6407//298 6438//298
f 6440//291 6437//291 6410//291
f 6441//363 6442//654 6443//654
f 6441//363 6444//363 6442//654
f 6443//654 6445//364 6446//364
f 6443//654 6442//654 6445//364
f 6446//364 6447//655 6448//655
f 6446//364 6445//364 6447//655
f 6448//655 6449//290 6450//290
f 6448//655 6447//655 6449//290
f 6450//290 6451//656 6452//656
f 6450//290 6449//290 6451//656
f 6452//656 6453//365 6454//365
f 6452//656 6451//656 6453//365
f 6454//365 6455//657 6456//657
f 6454//365 6453//365 6455//657
f 6456//657 6457//366 6458//366
f 6456//657 6455//657 6457//366
f 6458//366 6459//658 6460//658
f 6458//366 6457//366 6459//658
f 6460//658 6461//367 6462//367
f 6460//658 6459//658 6461//367
f 6462//367 6463//659 6464//659
f 6462//367 6461//367 6463//659
f 6464//659 6465//289 6466//289
f 6464//659 6463//659 6465//289
f 6466//289 6467//660 6468//660
f 6466//289 6465//289 6467//660
f 6468//660 6469//368 6470//368
f 6468//660 6467//660 6469//368
f 6470//368 6471//661 6472//661
f 6470//368 6469//368 6471//661
f 6472//661 6444//363 6441//363
f 6472//661 6471//661 6444//363
f 6473//298 6443//298 6441//298
f 6474//291 6444//291 6442//291
f 6473//298 6446//298 6443//298
f 6474//291 6442//291 6445//291
f 6473//298 6448//298 6446//298
f 6474//291 6445//291 6447//291
f 6473//298 6450//298 6448//298
f 6474//291 6447//291 6449//291
f 6473//298 6452//298 6450//298
f 6474//291 6449//291 6451//291
f 6473//298 6454//298 6452//298
f 6474//291 6451//291 6453//291
f 6473//298 6456//298 6454//298
f 6474//291 6453//291 6455//291
f 6473//298 6458//298 6456//298
f 6474//291 6455//291 6457//291
f 6473//298 6460//298 6458//298
f 6474//291 6457//291 6459//291
f 6473//298 6462//298 6460//298
f 6474//291 6459//291 6461//291
f 6473//298 6464//298 6462//298
f 6474//291 6461//291 6463//291
f 6473//298 6466//298 6464//298
f 6474//291 6463//291 6465//291
f 6473//298 6468//298 6466//298
f 6474//291 6465//291 6467//291
f 6473//298 6470//298 6468//298
f 6474//291 6467//291 6469//291
f 6473//298 6472//298 6470//298
f 6474//291 6469//291 6471//291
f 6473//298 6441//298 6472//298
f 6474//291 6471//291 6444//291
f 6475//363 6476//654 6477//654
f 6475//363 6477//654 6478//363
f 6476//654 6479//364 6480//364
f 6476//654 6480//364 6477//654
f 6479//364 6481//655 6482//655
f 6479//364 6482//655 6480//364
f 6481//655 6483//290 6484//290
f 6481//655 6484//290 6482//655
f 6483//290 6485//656 6486//656
f 6483//290 6486//656 6484//290
f 6485//656 6487//365 6488//365
f 6485//656 6488//365 6486//656
f 6487//365 6489//657 6490//657
f 6487//365 6490//657 6488//365
f 6489//657 6491//366 6492//366
f 6489//657 6492//366 6490//657
f 6491//366 6493//658 6494//658
f 6491//366 6494//658 6492//366
f 6493//658 6495//367 6496//367
f 6493//658 6496//367 6494//658
f 6495//367 6497//659 6498//659
f 6495//367 6498//659 6496//367
f 6497//659 6499//289 6500//289
f 6497//659 6500//289 6498//659
f 6499//289 6501//660 6502//660
f 6499//289 6502//660 6500//289
f 6501//660 6503//368 6504//368
f 6501//660 6504//368 6502//660
f 6503//368 6505//661 6506//661
f 6503//368 6506//661 6504//368
f 6505//661 6475//363 6478//363
f 6505//661 6478//363 6506//661
f 6507//298 6476//298 6475//298
f 6508//291 6478//291 6477//291
f 6507//298 6479//298 6476//298
f 6508//291 6477//291 6480//291
f 6507//298 6481//298 6479//298
f 6508//291 6480//291 6482//291
f 6507//298 6483//298 6481//298
f 6508//291 6482//291 6484//291
f 6507//298 6485//298 6483//298
f 6508//291 6484//291 6486//291
f 6507//298 6487//298 6485//298
f 6508//291 6486//291 6488//291
f 6507//298 6489//298 6487//298
f 6508//291 6488//291 6490//291
f 6507//298 6491//298 6489//298
f 6508//291 6490//291 6492//291
f 6507//298 6493//298 6491//298
f 6508//291 6492//291 6494//291
f 6507//298 6495//298 6493//298
f 6508//291 6494//291 6496//291
f 6507//298 6497//298 6495//298
f 6508//291 6496//291 6498//291
f 6507//298 6499//298 6497//298
f 6508//291 6498//291 6500//291
f 6507//298 6501//298 6499//298
f 6508//291 6500//291 6502//291
f 6507//298 6503//298 6501//298
f 6508//291 6502//291 6504//291
f 6507//298 6505//298 6503//298
f 6508//291 6504//291 6506//291
f 6507//298 6475//298 6505//298
f 6508//291 6506//291 6478//291
f 6509//363 6510//654 6511//654
f 6509//363 6511//654 6512//363
f 6510//654 6513//364 6514//364
f 6510//654 6514//364 6511//654
f 6513//364 6515//655 6516//655
f 6513//364 6516//655 6514//364
f 6515//655 6517//290 6518//290
f 6515//655 6518//290 6516//655
f 6517//290 6519//656 6520//656
f 6517//290 6520//656 6518//290
f 6519//656 6521//365 6522//365
f 6519//656 6522//365 6520//656
f 6521//365 6523//657 6524//657
f 6521//365 6524//657 6522//365
f 6523//657 6525//366 6526//366
f 6523//657 6526//366 6524//657
f 6525//366 6527//658 6528//658
f 6525//366 6528//658 6526//366
f 6527//658 6529//367 6530//367
f 6527//658 6530//367 6528//658
f 6529//367 6531//659 6532//659
f 6529//367 6532//659 6530//367
f 6531//659 6533//289 6534//289
f 6531//659 6534//289 6532//659
f 6533//289 6535//660 6536//660
f 6533//289 6536//660 6534//289
f 6535//660 6537//368 6538//368
f 6535//660 6538//368 6536//660
f 6537//368 6539//661 6540//661
f 6537//368 6540//661 6538//368
f 6539//661 6509//363 6512//363
f 6539//661 6512//363 6540//661
f 6541//298 6510//298 6509//298
f 6542//291 6512//291 6511//291
f 6541//298 6513//298 6510//298
f 6542//291 6511//291 6514//291
f 6541//298 6515//298 6513//298
f 6542//291 6514//291 6516//291
f 6541//298 6517//298 6515//298
f 6542//291 6516//291 6518//291
f 6541//298 6519//298 6517//298
f 6542//291 6518//291 6520//291
f 6541//298 6521//298 6519//298
f 6542//291 6520//291 6522//291
f 6541//298 6523//298 6521//298
f 6542//291 6522//291 6524//291
f 6541//298 6525//298 6523//298
f 6542//291 6524//291 6526//291
f 6541//298 6527//298 6525//298
f 6542//291 6526//291 6528//291
f 6541//298 6529//298 6527//298
f 6542//291 6528//291 6530//291
f 6541//298 6531//298 6529//298
f 6542//291 6530//291 6532//291
f 6541//298 6533//298 6531//298
f 6542//291 6532//291 6534//291
f 6541//298 6535//298 6533//298
f 6542//291 6534//291 6536//291
f 6541//298 6537//298 6535//298
f 6542//291 6536//291 6538//291
f 6541//298 6539//298 6537//298
f 6542//291 6538//291 6540//291
f 6541//298 6509//298 6539//298
f 6542//291 6540//291 6512//291
usemtl gunmetal
f 6543//363 6544//1048 6545//1049
f 6543//363 6545//1049 6546//327
f 6546//327 6545//1049 6547//291
f 6546//327 6547//291 6548//291
f 6548//291 6547//291 6549//1050
f 6548//291 6549//1050 6550//402
f 6550//402 6549//1050 6551//1051
f 6550//402 6551//1051 6552//366
f 6552//366 6551//1051 6553//1052
f 6552//366 6553//1052 6554//330
f 6554//330 6553//1052 6555//298
f 6554//330 6555//298 6556//298
f 6556//298 6555//298 6557//1053
f 6556//298 6557//1053 6558//399
f 6558//399 6557//1053 6544//1048
f 6558//399 6544//1048 6543//363
f 6544//1048 6559//1054 6560//1055
f 6544//1048 6560//1055 6545//1049
f 6545//1049 6560//1055 6561//291
f 6545//1049 6561//291 6547//291
f 6547//291 6561//291 6562//1056
f 6547//291 6562//1056 6549//1050
f 6549//1050 6562//1056 6563//1057
f 6549//1050 6563//1057 6551//1051
f 6551//1051 6563//1057 6564//1058
f 6551//1051 6564//1058 6553//1052
f 6553//1052 6564//1058 6565//298
f 6553//1052 6565//298 6555//298
f 6555//298 6565//298 6566//1059
f 6555//298 6566//1059 6557//1053
f 6557//1053 6566//1059 6559//1054
f 6557//1053 6559//1054 6544//1048
f 6559//1054 6567//364 6568//1004
f 6559//1054 6568//1004 6560//1055
f 6560//1055 6568//1004 6569//291
f 6560//1055 6569//291 6561//291
f 6561//291 6569//291 6570//1005
f 6561//291 6570//1005 6562//1056
f 6562//1056 6570//1005 6571//367
f 6562//1056 6571//367 6563//1057
f 6563//1057 6571//367 6572//1006
f 6563//1057 6572//1006 6564//1058
f 6564//1058 6572//1006 6573//298
f 6564//1058 6573//298 6565//298
f 6565//298 6573//298 6574//1007
f 6565//298 6574//1007 6566//1059
f 6566//1059 6574//1007 6567//364
f 6566//1059 6567//364 6559//1054
f 6567//364 6575//1060 6576//1061
f 6567//364 6576//1061 6568//1004
f 6568//1004 6576//1061 6577//291
f 6568//1004 6577//291 6569//291
f 6569//291 6577//291 6578//1062
f 6569//291 6578//1062 6570//1005
f 6570//1005 6578//1062 6579//1063
f 6570//1005 6579//1063 6571//367
f 6571//367 6579//1063 6580//1064
f 6571//367 6580//1064 6572//1006
f 6572//1006 6580//1064 6581//298
f 6572//1006 6581//298 6573//298
f 6573//298 6581//298 6582//1065
f 6573//298 6582//1065 6574//1007
f 6574//1007 6582//1065 6575//1060
f 6574//1007 6575//1060 6567//364
f 6575//1060 6583//1066 6584//1067
f 6575//1060 6584//1067 6576//1061
f 6576//1061 6584//1067 6585//291
f 6576//1061 6585//291 6577//291
f 6577//291 6585//291 6586//1068
f 6577//291 6586//1068 6578//1062
f 6578//1062 6586//1068 6587//1069
f 6578//1062 6587//1069 6579//1063
f 6579//1063 6587//1069 6588//1070
f 6579//1063 6588//1070 6580//1064
f 6580//1064 6588//1070 6589//298
f 6580//1064 6589//298 6581//298
f 6581//298 6589//298 6590//1071
f 6581//298 6590//1071 6582//1065
f 6582//1065 6590//1071 6583//1066
f 6582//1065 6583//1066 6575//1060
f 6583//1066 6591//290 6592//294
f 6583//1066 6592//294 6584//1067
f 6584//1067 6592//294 6593//291
f 6584//1067 6593//291 6585//291
f 6585//291 6593//291 6594//302
f 6585//291 6594//302 6586//1068
f 6586//1068 6594//302 6595//289
f 6586//1068 6595//289 6587//1069
f 6587//1069 6595//289 6596//300
f 6587//1069 6596//300 6588//1070
f 6588//1070 6596//300 6597//298
f 6588//1070 6597//298 6589//298
f 6589//298 6597//298 6598//296
f 6589//298 6598//296 6590//1071
f 6590//1071 6598//296 6591//290
f 6590//1071 6591//290 6583//1066
f 6591//290 6599//1072 6600//1073
f 6591//290 6600//1073 6592//294
f 6592//294 6600//1073 6601//291
f 6592//294 6601//291 6593//291
f 6593//291 6601//291 6602//1074
f 6593//291 6602//1074 6594//302
f 6594//302 6602//1074 6603//1075
f 6594//302 6603//1075 6595//289
f 6595//289 6603//1075 6604//1076
f 6595//289 6604//1076 6596//300
f 6596//300 6604//1076 6605//298
f 6596//300 6605//298 6597//298
f 6597//298 6605//298 6606//1077
f 6597//298 6606//1077 6598//296
f 6598//296 6606//1077 6599//1072
f 6598//296 6599//1072 6591//290
f 6599//1072 6607//1078 6608//1079
f 6599//1072 6608//1079 6600//1073
f 6600//1073 6608//1079 6609//291
f 6600//1073 6609//291 6601//291
f 6601//291 6609//291 6610//1080
f 6601//291 6610//1080 6602//1074
f 6602//1074 6610//1080 6611//1081
f 6602//1074 6611//1081 6603//1075
f 6603//1075 6611//1081 6612//1082
f 6603//1075 6612//1082 6604//1076
f 6604//1076 6612//1082 6613//298
f 6604//1076 6613//298 6605//298
f 6605//298 6613//298 6614//1083
f 6605//298 6614//1083 6606//1077
f 6606//1077 6614//1083 6607//1078
f 6606//1077 6607//1078 6599//1072
f 6607//1078 6615//365 6616//1032
f 6607//1078 6616//1032 6608//1079
f 6608//1079 6616//1032 6617//291
f 6608//1079 6617//291 6609//291
f 6609//291 6617//291 6618//1033
f 6609//291 6618//1033 6610//1080
f 6610//1080 6618//1033 6619//368
f 6610//1080 6619//368 6611//1081
f 6611//1081 6619//368 6620//1034
f 6611//1081 6620//1034 6612//1082
f 6612//1082 6620//1034 6621//298
f 6612//1082 6621//298 6613//298
f 6613//298 6621//298 6622//1035
f 6613//298 6622//1035 6614//1083
f 6614//1083 6622//1035 6615//365
f 6614//1083 6615//365 6607//1078
f 6615//365 6623//1084 6624//1085
f 6615//365 6624//1085 6616//1032
f 6616//1032 6624//1085 6625//291
f 6616//1032 6625//291 6617//291
f 6617//291 6625//291 6626//1086
f 6617//291 6626//1086 6618//1033
f 6618//1033 6626//1086 6627//1087
f 6618//1033 6627//1087 6619//368
f 6619//368 6627//1087 6628//1088
f 6619//368 6628//1088 6620//1034
f 6620//1034 6628//1088 6629//298
f 6620//1034 6629//298 6621//298
f 6621//298 6629//298 6630//1089
f 6621//298 6630//1089 6622//1035
f 6622//1035 6630//1089 6623//1084
f 6622//1035 6623//1084 6615//365
f 6623//1084 6631//1090 6632//1091
f 6623//1084 6632//1091 6624//1085
f 6624//1085 6632//1091 6633//291
f 6624//1085 6633//291 6625//291
f 6625//291 6633//291 6634//1092
f 6625//291 6634//1092 6626//1086
f 6626//1086 6634//1092 6635//1093
f 6626//1086 6635//1093 6627//1087
f 6627//1087 6635//1093 6636//1094
f 6627//1087 6636//1094 6628//1088
f 6628//1088 6636//1094 6637//298
f 6628//1088 6637//298 6629//298
f 6629//298 6637//298 6638//1095
f 6629//298 6638//1095 6630//1089
f 6630//1089 6638//1095 6631//1090
f 6630//1089 6631//1090 6623//1084
f 6631//1090 6639//366 6640//402
f 6631//1090 6640//402 6632//1091
f 6632//1091 6640//402 6641//291
f 6632//1091 6641//291 6633//291
f 6633//291 6641//291 6642//327
f 6633//291 6642//327 6634//1092
f 6634//1092 6642//327 6643//363
f 6634//1092 6643//363 6635//1093
f 6635//1093 6643//363 6644//399
f 6635//1093 6644//399 6636//1094
f 6636//1094 6644//399 6645//298
f 6636//1094 6645//298 6637//298
f 6637//298 6645//298 6646//330
f 6637//298 6646//330 6638//1095
f 6638//1095 6646//330 6639//366
f 6638//1095 6639//366 6631//1090
f 6639//366 6647//1051 6648//1050
f 6639//366 6648//1050 6640//402
f 6640//402 6648//1050 6649//291
f 6640//402 6649//291 6641//291
f 6641//291 6649//291 6650//1049
f 6641//291 6650//1049 6642//327
f 6642//327 6650//1049 6651//1048
f 6642//327 6651//1048 6643//363
f 6643//363 6651//1048 6652//1053
f 6643//363 6652//1053 6644//399
f 6644//399 6652//1053 6653//298
f 6644//399 6653//298 6645//298
f 6645//298 6653//298 6654//1052
f 6645//298 6654//1052 6646//330
f 6646//330 6654//1052 6647//1051
f 6646//330 6647//1051 6639//366
f 6647//1051 6655//1057 6656//1056
f 6647//1051 6656//1056 6648//1050
f 6648//1050 6656//1056 6657//291
f 6648//1050 6657//291 6649//291
f 6649//291 6657//291 6658//1055
f 6649//291 6658//1055 6650//1049
f 6650//1049 6658//1055 6659//1054
f 6650//1049 6659//1054 6651//1048
f 6651//1048 6659//1054 6660//1059
f 6651//1048 6660//1059 6652//1053
f 6652//1053 6660//1059 6661//298
f 6652//1053 6661//298 6653//298
f 6653//298 6661//298 6662//1058
f 6653//298 6662//1058 6654//1052
f 6654//1052 6662//1058 6655//1057
f 6654//1052 6655//1057 6647//1051
f 6655//1057 6663//367 6664//1005
f 6655//1057 6664//1005 6656//1056
f 6656//1056 6664//1005 6665//291
f 6656//1056 6665//291 6657//291
f 6657//291 6665//291 6666//1004
f 6657//291 6666//1004 6658//1055
f 6658//1055 6666//1004 6667//364
f 6658//1055 6667//364 6659//1054
f 6659//1054 6667//364 6668//1007
f 6659//1054 6668//1007 6660//1059
f 6660//1059 6668//1007 6669//298
f 6660//1059 6669//298 6661//298
f 6661//298 6669//298 6670//1006
f 6661//298 6670//1006 6662//1058
f 6662//1058 6670//1006 6663//367
f 6662//1058 6663//367 6655//1057
f 6663//367 6671//1063 6672//1062
f 6663//367 6672//1062 6664//1005
f 6664//1005 6672//1062 6673//291
f 6664//1005 6673//291 6665//291
f 6665//291 6673//291 6674//1061
f 6665//291 6674//1061 6666//1004
f 6666//1004 6674//1061 6675//1060
f 6666//1004 6675//1060 6667//364
f 6667//364 6675//1060 6676//1065
f 6667//364 6676//1065 6668//1007
f 6668//1007 6676//1065 6677//298
f 6668//1007 6677//298 6669//298
f 6669//298 6677//298 6678//1064
f 6669//298 6678//1064 6670//1006
f 6670//1006 6678//1064 6671//1063
f 6670//1006 6671//1063 6663//367
f 6671//1063 6679//1069 6680//1068
f 6671//1063 6680//1068 6672//1062
f 6672//1062 6680//1068 6681//291
f 6672//1062 6681//291 6673//291
f 6673//291 6681//291 6682//1067
f 6673//291 6682//1067 6674//1061
f 6674//1061 6682//1067 6683//1066
f 6674//1061 6683//1066 6675//1060
f 6675//1060 6683//1066 6684//1071
f 6675//1060 6684//1071 6676//1065
f 6676//1065 6684//1071 6685//298
f 6676//1065 6685//298 6677//298
f 6677//298 6685//298 6686//1070
f 6677//298 6686//1070 6678//1064
f 6678//1064 6686//1070 6679//1069
f 6678//1064 6679//1069 6671//1063
f 6679//1069 6687//289 6688//302
f 6679//1069 6688//302 6680//1068
f 6680//1068 6688//302 6689//291
f 6680//1068 6689//291 6681//291
f 6681//291 6689//291 6690//294
f 6681//291 6690//294 6682//1067
f 6682//1067 6690//294 6691//290
f 6682//1067 6691//290 6683//1066
f 6683//1066 6691//290 6692//296
f 6683//1066 6692//296 6684//1071
f 6684//1071 6692//296 6693//298
f 6684//1071 6693//298 6685//298
f 6685//298 6693//298 6694//300
f 6685//298 6694//300 6686//1070
f 6686//1070 6694//300 6687//289
f 6686//1070 6687//289 6679//1069
f 6687//289 6695//1075 6696//1074
f 6687//289 6696//1074 6688//302
f 6688//302 6696//1074 6697//291
f 6688//302 6697//291 6689//291
f 6689//291 6697//291 6698//1073
f 6689//291 6698//1073 6690//294
f 6690//294 6698//1073 6699//1072
f 6690//294 6699//1072 6691//290
f 6691//290 6699//1072 6700//1077
f 6691//290 6700//1077 6692//296
f 6692//296 6700//1077 6701//298
f 6692//296 6701//298 6693//298
f 6693//298 6701//298 6702//1076
f 6693//298 6702//1076 6694//300
f 6694//300 6702//1076 6695//1075
f 6694//300 6695//1075 6687//289
f 6695//1075 6703//1081 6704//1080
f 6695//1075 6704//1080 6696//1074
f 6696//1074 6704//1080 6705//291
f 6696//1074 6705//291 6697//291
f 6697//291 6705//291 6706//1079
f 6697//291 6706//1079 6698//1073
f 6698//1073 6706//1079 6707//1078
f 6698//1073 6707//1078 6699//1072
f 6699//1072 6707//1078 6708//1083
f 6699//1072 6708//1083 6700//1077
f 6700//1077 6708//1083 6709//298
f 6700//1077 6709//298 6701//298
f 6701//298 6709//298 6710//1082
f 6701//298 6710//1082 6702//1076
f 6702//1076 6710//1082 6703//1081
f 6702//1076 6703//1081 6695//1075
f 6703//1081 6711//368 6712//1033
f 6703//1081 6712//1033 6704//1080
f 6704//1080 6712//1033 6713//291
f 6704//1080 6713//291 6705//291
f 6705//291 6713//291 6714//1032
f 6705//291 6714//1032 6706//1079
f 6706//1079 6714//1032 6715//365
f 6706//1079 6715//365 6707//1078
f 6707//1078 6715//365 6716//1035
f 6707//1078 6716//1035 6708//1083
f 6708//1083 6716//1035 6717//298
f 6708//1083 6717//298 6709//298
f 6709//298 6717//298 6718//1034
f 6709//298 6718//1034 6710//1082
f 6710//1082 6718//1034 6711//368
f 6710//1082 6711//368 6703//1081
f 6711//368 6719//1087 6720//1086
f 6711//368 6720//1086 6712//1033
f 6712//1033 6720//1086 6721//291
f 6712//1033 6721//291 6713//291
f 6713//291 6721//291 6722//1085
f 6713//291 6722//1085 6714//1032
f 6714//1032 6722//1085 6723//1084
f 6714//1032 6723//1084 6715//365
f 6715//365 6723//1084 6724//1089
f 6715//365 6724//1089 6716//1035
f 6716//1035 6724//1089 6725//298
f 6716//1035 6725//298 6717//298
f 6717//298 6725//298 6726//1088
f 6717//298 6726//1088 6718//1034
f 6718//1034 6726//1088 6719//1087
f 6718//1034 6719//1087 6711//368
f 6719//1087 6727//1093 6728//1092
f 6719//1087 6728//1092 6720//1086
f 6720//1086 6728//1092 6729//291
f 6720//1086 6729//291 6721//291
f 6721//291 6729//291 6730//1091
f 6721//291 6730//1091 6722//1085
f 6722//1085 6730//1091 6731//1090
f 6722//1085 6731//1090 6723//1084
f 6723//1084 6731//1090 6732//1095
f 6723//1084 6732//1095 6724//1089
f 6724//1089 6732//1095 6733//298
f 6724//1089 6733//298 6725//298
f 6725//298 6733//298 6734//1094
f 6725//298 6734//1094 6726//1088
f 6726//1088 6734//1094 6727//1093
f 6726//1088 6727//1093 6719//1087
f 6727//1093 6543//363 6546//327
f 6727//1093 6546//327 6728//1092
f 6728//1092 6546//327 6548//291
f 6728//1092 6548//291 6729//291
f 6729//291 6548//291 6550//402
f 6729//291 6550//402 6730//1091
f 6730//1091 6550//402 6552//366
f 6730//1091 6552//366 6731//1090
f 6731//1090 6552//366 6554//330
f 6731//1090 6554//330 6732//1095
f 6732//1095 6554//330 6556//298
f 6732//1095 6556//298 6733//298
f 6733//298 6556//298 6558//399
f 6733//298 6558//399 6734//1094
f 6734//1094 6558//399 6543//363
f 6734//1094 6543//363 6727//1093
usemtl housing_edge
f 6735//363 6736//953 6737//953
f 6735//363 6737//953 6738//363
f 6736//953 6739//807 6740//807
f 6736//953 6740//807 6737//953
f 6739//807 6741//955 6742//955
f 6739//807 6742//955 6740//807
f 6741//955 6743//808 6744//808
f 6741//955 6744//808 6742//955
f 6743//808 6745//290 6746//290
f 6743//808 6746//290 6744//808
f 6745//290 6747//809 6748//809
f 6745//290 6748//809 6746//290
f 6747//809 6749//960 6750//960
f 6747//809 6750//960 6748//809
f 6749//960 6751//810 6752//810
f 6749//960 6752//810 6750//960
f 6751//810 6753//962 6754//962
f 6751//810 6754//962 6752//810
f 6753//962 6755//366 6756//366
f 6753//962 6756//366 6754//962
f 6755//366 6757//965 6758//965
f 6755//366 6758//965 6756//366
f 6757//965 6759//811 6760//811
f 6757//965 6760//811 6758//965
f 6759//811 6761//967 6762//967
f 6759//811 6762//967 6760//811
f 6761//967 6763//812 6764//812
f 6761//967 6764//812 6762//967
f 6763//812 6765//289 6766//289
f 6763//812 6766//289 6764//812
f 6765//289 6767//813 6768//813
f 6765//289 6768//813 6766//289
f 6767//813 6769//972 6770//972
f 6767//813 6770//972 6768//813
f 6769//972 6771//814 6772//814
f 6769//972 6772//814 6770//972
f 6771//814 6773//974 6774//974
f 6771//814 6774//974 6772//814
f 6773//974 6735//363 6738//363
f 6773//974 6738//363 6774//974
f 6775//298 6736//298 6735//298
f 6776//291 6738//291 6737//291
f 6775//298 6739//298 6736//298
f 6776//291 6737//291 6740//291
f 6775//298 6741//298 6739//298
f 6776//291 6740//291 6742//291
f 6775//298 6743//298 6741//298
f 6776//291 6742//291 6744//291
f 6775//298 6745//298 6743//298
f 6776//291 6744//291 6746//291
f 6775//298 6747//298 6745//298
f 6776//291 6746//291 6748//291
f 6775//298 6749//298 6747//298
f 6776//291 6748//291 6750//291
f 6775//298 6751//298 6749//298
f 6776//291 6750//291 6752//291
f 6775//298 6753//298 6751//298
f 6776//291 6752//291 6754//291
f 6775//298 6755//298 6753//298
f 6776//291 6754//291 6756//291
f 6775//298 6757//298 6755//298
f 6776//291 6756//291 6758//291
f 6775//298 6759//298 6757//298
f 6776//291 6758//291 6760//291
f 6775//298 6761//298 6759//298
f 6776//291 6760//291 6762//291
f 6775//298 6763//298 6761//298
f 6776//291 6762//291 6764//291
f 6775//298 6765//298 6763//298
f 6776//291 6764//291 6766//291
f 6775//298 6767//298 6765//298
f 6776//291 6766//291 6768//291
f 6775//298 6769//298 6767//298
f 6776//291 6768//291 6770//291
f 6775//298 6771//298 6769//298
f 6776//291 6770//291 6772//291
f 6775//298 6773//298 6771//298
f 6776//291 6772//291 6774//291
f 6775//298 6735//298 6773//298
f 6776//291 6774//291 6738//291
usemtl label_dark
f 6777//1096 6778//1096 6779//1096
f 6777//1097 6779//1097 6780//1097
f 6781//1098 6782//1098 6783//1098
f 6781//1099 6783//1099 6784//1099
usemtl gunmetal
f 6777//1100 6784//1100 6783//1100
f 6777//1100 6783//1100 6778//1100
f 6778//1101 6783//1101 6782//1101
f 6778//1101 6782//1101 6779//1101
f 6779//1102 6782//1102 6781//1102
f 6779//1102 6781//1102 6780//1102
f 6780//1103 6781//1103 6784//1103
f 6780//1103 6784//1103 6777//1103
usemtl metal_highlight
f 6785//363 6786//654 6787//654
f 6785//363 6787//654 6788//363
f 6786//654 6789//364 6790//364
f 6786//654 6790//364 6787//654
f 6789//364 6791//655 6792//655
f 6789//364 6792//655 6790//364
f 6791//655 6793//290 6794//290
f 6791//655 6794//290 6792//655
f 6793//290 6795//656 6796//656
f 6793//290 6796//656 6794//290
f 6795//656 6797//365 6798//365
f 6795//656 6798//365 6796//656
f 6797//365 6799//657 6800//657
f 6797//365 6800//657 6798//365
f 6799//657 6801//366 6802//366
f 6799//657 6802//366 6800//657
f 6801//366 6803//658 6804//658
f 6801//366 6804//658 6802//366
f 6803//658 6805//367 6806//367
f 6803//658 6806//367 6804//658
f 6805//367 6807//659 6808//659
f 6805//367 6808//659 6806//367
f 6807//659 6809//289 6810//289
f 6807//659 6810//289 6808//659
f 6809//289 6811//660 6812//660
f 6809//289 6812//660 6810//289
f 6811//660 6813//368 6814//368
f 6811//660 6814//368 6812//660
f 6813//368 6815//661 6816//661
f 6813//368 6816//661 6814//368
f 6815//661 6785//363 6788//363
f 6815//661 6788//363 6816//661
f 6817//298 6786//298 6785//298
f 6818//291 6788//291 6787//291
f 6817//298 6789//298 6786//298
f 6818//291 6787//291 6790//291
f 6817//298 6791//298 6789//298
f 6818//291 6790//291 6792//291
f 6817//298 6793//298 6791//298
f 6818//291 6792//291 6794//291
f 6817//298 6795//298 6793//298
f 6818//291 6794//291 6796//291
f 6817//298 6797//298 6795//298
f 6818//291 6796//291 6798//291
f 6817//298 6799//298 6797//298
f 6818//291 6798//291 6800//291
f 6817//298 6801//298 6799//298
f 6818//291 6800//291 6802//291
f 6817//298 6803//298 6801//298
f 6818//291 6802//291 6804//291
f 6817//298 6805//298 6803//298
f 6818//291 6804//291 6806//291
f 6817//298 6807//298 6805//298
f 6818//291 6806//291 6808//291
f 6817//298 6809//298 6807//298
f 6818//291 6808//291 6810//291
f 6817//298 6811//298 6809//298
f 6818//291 6810//291 6812//291
f 6817//298 6813//298 6811//298
f 6818//291 6812//291 6814//291
f 6817//298 6815//298 6813//298
f 6818//291 6814//291 6816//291
f 6817//298 6785//298 6815//298
f 6818//291 6816//291 6788//291
usemtl rubber_black
f 6819//363 6820//654 6821//654
f 6819//363 6821//654 6822//363
f 6820//654 6823//364 6824//364
f 6820//654 6824//364 6821//654
f 6823//364 6825//655 6826//655
f 6823//364 6826//655 6824//364
f 6825//655 6827//290 6828//290
f 6825//655 6828//290 6826//655
f 6827//290 6829//656 6830//656
f 6827//290 6830//656 6828//290
f 6829//656 6831//365 6832//365
f 6829//656 6832//365 6830//656
f 6831//365 6833//657 6834//657
f 6831//365 6834//657 6832//365
f 6833//657 6835//366 6836//366
f 6833//657 6836//366 6834//657
f 6835//366 6837//658 6838//658
f 6835//366 6838//658 6836//366
f 6837//658 6839//367 6840//367
f 6837//658 6840//367 6838//658
f 6839//367 6841//659 6842//659
f 6839//367 6842//659 6840//367
f 6841//659 6843//289 6844//289
f 6841//659 6844//289 6842//659
f 6843//289 6845//660 6846//660
f 6843//289 6846//660 6844//289
f 6845//660 6847//368 6848//368
f 6845//660 6848//368 6846//660
f 6847//368 6849//661 6850//661
f 6847//368 6850//661 6848//368
f 6849//661 6819//363 6822//363
f 6849//661 6822//363 6850//661
f 6818//298 6820//298 6819//298
f 6851//291 6822//291 6821//291
f 6818//298 6823//298 6820//298
f 6851//291 6821//291 6824//291
f 6818//298 6825//298 6823//298
f 6851//291 6824//291 6826//291
f 6818//298 6827//298 6825//298
f 6851//291 6826//291 6828//291
f 6818//298 6829//298 6827//298
f 6851//291 6828//291 6830//291
f 6818//298 6831//298 6829//298
f 6851//291 6830//291 6832//291
f 6818//298 6833//298 6831//298
f 6851//291 6832//291 6834//291
f 6818//298 6835//298 6833//298
f 6851//291 6834//291 6836//291
f 6818//298 6837//298 6835//298
f 6851//291 6836//291 6838//291
f 6818//298 6839//298 6837//298
f 6851//291 6838//291 6840//291
f 6818//298 6841//298 6839//298
f 6851//291 6840//291 6842//291
f 6818//298 6843//298 6841//298
f 6851//291 6842//291 6844//291
f 6818//298 6845//298 6843//298
f 6851//291 6844//291 6846//291
f 6818//298 6847//298 6845//298
f 6851//291 6846//291 6848//291
f 6818//298 6849//298 6847//298
f 6851//291 6848//291 6850//291
f 6818//298 6819//298 6849//298
f 6851//291 6850//291 6822//291
usemtl metal_highlight
f 6852//363 6853//654 6854//654
f 6852//363 6854//654 6855//363
f 6853//654 6856//364 6857//364
f 6853//654 6857//364 6854//654
f 6856//364 6858//655 6859//655
f 6856//364 6859//655 6857//364
f 6858//655 6860//290 6861//290
f 6858//655 6861//290 6859//655
f 6860//290 6862//656 6863//656
f 6860//290 6863//656 6861//290
f 6862//656 6864//365 6865//365
f 6862//656 6865//365 6863//656
f 6864//365 6866//657 6867//657
f 6864//365 6867//657 6865//365
f 6866//657 6868//366 6869//366
f 6866//657 6869//366 6867//657
f 6868//366 6870//658 6871//658
f 6868//366 6871//658 6869//366
f 6870//658 6872//367 6873//367
f 6870//658 6873//367 6871//658
f 6872//367 6874//659 6875//659
f 6872//367 6875//659 6873//367
f 6874//659 6876//289 6877//289
f 6874//659 6877//289 6875//659
f 6876//289 6878//660 6879//660
f 6876//289 6879//660 6877//289
f 6878//660 6880//368 6881//368
f 6878//660 6881//368 6879//660
f 6880//368 6882//661 6883//661
f 6880//368 6883//661 6881//368
f 6882//661 6852//363 6855//363
f 6882//661 6855//363 6883//661
f 6884//298 6853//298 6852//298
f 6885//291 6855//291 6854//291
f 6884//298 6856//298 6853//298
f 6885//291 6854//291 6857//291
f 6884//298 6858//298 6856//298
f 6885//291 6857//291 6859//291
f 6884//298 6860//298 6858//298
f 6885//291 6859//291 6861//291
f 6884//298 6862//298 6860//298
f 6885//291 6861//291 6863//291
f 6884//298 6864//298 6862//298
f 6885//291 6863//291 6865//291
f 6884//298 6866//298 6864//298
f 6885//291 6865//291 6867//291
f 6884//298 6868//298 6866//298
f 6885//291 6867//291 6869//291
f 6884//298 6870//298 6868//298
f 6885//291 6869//291 6871//291
f 6884//298 6872//298 6870//298
f 6885//291 6871//291 6873//291
f 6884//298 6874//298 6872//298
f 6885//291 6873//291 6875//291
f 6884//298 6876//298 6874//298
f 6885//291 6875//291 6877//291
f 6884//298 6878//298 6876//298
f 6885//291 6877//291 6879//291
f 6884//298 6880//298 6878//298
f 6885//291 6879//291 6881//291
f 6884//298 6882//298 6880//298
f 6885//291 6881//291 6883//291
f 6884//298 6852//298 6882//298
f 6885//291 6883//291 6855//291
usemtl rubber_black
f 6886//363 6887//654 6888//654
f 6886//363 6888//654 6889//363
f 6887//654 6890//364 6891//364
f 6887//654 6891//364 6888//654
f 6890//364 6892//655 6893//655
f 6890//364 6893//655 6891//364
f 6892//655 6894//290 6895//290
f 6892//655 6895//290 6893//655
f 6894//290 6896//656 6897//656
f 6894//290 6897//656 6895//290
f 6896//656 6898//365 6899//365
f 6896//656 6899//365 6897//656
f 6898//365 6900//657 6901//657
f 6898//365 6901//657 6899//365
f 6900//657 6902//366 6903//366
f 6900//657 6903//366 6901//657
f 6902//366 6904//658 6905//658
f 6902//366 6905//658 6903//366
f 6904//658 6906//367 6907//367
f 6904//658 6907//367 6905//658
f 6906//367 6908//659 6909//659
f 6906//367 6909//659 6907//367
f 6908//659 6910//289 6911//289
f 6908//659 6911//289 6909//659
f 6910//289 6912//660 6913//660
f 6910//289 6913//660 6911//289
f 6912//660 6914//368 6915//368
f 6912//660 6915//368 6913//660
f 6914//368 6916//661 6917//661
f 6914//368 6917//661 6915//368
f 6916//661 6886//363 6889//363
f 6916//661 6889//363 6917//661
f 6885//298 6887//298 6886//298
f 6918//291 6889//291 6888//291
f 6885//298 6890//298 6887//298
f 6918//291 6888//291 6891//291
f 6885//298 6892//298 6890//298
f 6918//291 6891//291 6893//291
f 6885//298 6894//298 6892//298
f 6918//291 6893//291 6895//291
f 6885//298 6896//298 6894//298
f 6918//291 6895//291 6897//291
f 6885//298 6898//298 6896//298
f 6918//291 6897//291 6899//291
f 6885//298 6900//298 6898//298
f 6918//291 6899//291 6901//291
f 6885//298 6902//298 6900//298
f 6918//291 6901//291 6903//291
f 6885//298 6904//298 6902//298
f 6918//291 6903//291 6905//291
f 6885//298 6906//298 6904//298
f 6918//291 6905//291 6907//291
f 6885//298 6908//298 6906//298
f 6918//291 6907//291 6909//291
f 6885//298 6910//298 6908//298
f 6918//291 6909//291 6911//291
f 6885//298 6912//298 6910//298
f 6918//291 6911//291 6913//291
f 6885//298 6914//298 6912//298
f 6918//291 6913//291 6915//291
f 6885//298 6916//298 6914//298
f 6918//291 6915//291 6917//291
f 6885//298 6886//298 6916//298
f 6918//291 6917//291 6889//291
usemtl metal_highlight
f 6919//363 6920//654 6921//654
f 6919//363 6921//654 6922//363
f 6920//654 6923//364 6924//364
f 6920//654 6924//364 6921//654
f 6923//364 6925//655 6926//655
f 6923//364 6926//655 6924//364
f 6925//655 6927//290 6928//290
f 6925//655 6928//290 6926//655
f 6927//290 6929//656 6930//656
f 6927//290 6930//656 6928//290
f 6929//656 6931//365 6932//365
f 6929//656 6932//365 6930//656
f 6931//365 6933//657 6934//657
f 6931//365 6934//657 6932//365
f 6933//657 6935//366 6936//366
f 6933//657 6936//366 6934//657
f 6935//366 6937//658 6938//658
f 6935//366 6938//658 6936//366
f 6937//658 6939//367 6940//367
f 6937//658 6940//367 6938//658
f 6939//367 6941//659 6942//659
f 6939//367 6942//659 6940//367
f 6941//659 6943//289 6944//289
f 6941//659 6944//289 6942//659
f 6943//289 6945//660 6946//660
f 6943//289 6946//660 6944//289
f 6945//660 6947//368 6948//368
f 6945//660 6948//368 6946//660
f 6947//368 6949//661 6950//661
f 6947//368 6950//661 6948//368
f 6949//661 6919//363 6922//363
f 6949//661 6922//363 6950//661
f 6951//298 6920//298 6919//298
f 6952//291 6922//291 6921//291
f 6951//298 6923//298 6920//298
f 6952//291 6921//291 6924//291
f 6951//298 6925//298 6923//298
f 6952//291 6924//291 6926//291
f 6951//298 6927//298 6925//298
f 6952//291 6926//291 6928//291
f 6951//298 6929//298 6927//298
f 6952//291 6928//291 6930//291
f 6951//298 6931//298 6929//298
f 6952//291 6930//291 6932//291
f 6951//298 6933//298 6931//298
f 6952//291 6932//291 6934//291
f 6951//298 6935//298 6933//298
f 6952//291 6934//291 6936//291
f 6951//298 6937//298 6935//298
f 6952//291 6936//291 6938//291
f 6951//298 6939//298 6937//298
f 6952//291 6938//291 6940//291
f 6951//298 6941//298 6939//298
f 6952//291 6940//291 6942//291
f 6951//298 6943//298 6941//298
f 6952//291 6942//291 6944//291
f 6951//298 6945//298 6943//298
f 6952//291 6944//291 6946//291
f 6951//298 6947//298 6945//298
f 6952//291 6946//291 6948//291
f 6951//298 6949//298 6947//298
f 6952//291 6948//291 6950//291
f 6951//298 6919//298 6949//298
f 6952//291 6950//291 6922//291
usemtl rubber_black
f 6953//363 6954//654 6955//654
f 6953//363 6955//654 6956//363
f 6954//654 6957//364 6958//364
f 6954//654 6958//364 6955//654
f 6957//364 6959//655 6960//655
f 6957//364 6960//655 6958//364
f 6959//655 6961//290 6962//290
f 6959//655 6962//290 6960//655
f 6961//290 6963//656 6964//656
f 6961//290 6964//656 6962//290
f 6963//656 6965//365 6966//365
f 6963//656 6966//365 6964//656
f 6965//365 6967//657 6968//657
f 6965//365 6968//657 6966//365
f 6967//657 6969//366 6970//366
f 6967//657 6970//366 6968//657
f 6969//366 6971//658 6972//658
f 6969//366 6972//658 6970//366
f 6971//658 6973//367 6974//367
f 6971//658 6974//367 6972//658
f 6973//367 6975//659 6976//659
f 6973//367 6976//659 6974//367
f 6975//659 6977//289 6978//289
f 6975//659 6978//289 6976//659
f 6977//289 6979//660 6980//660
f 6977//289 6980//660 6978//289
f 6979//660 6981//368 6982//368
f 6979//660 6982//368 6980//660
f 6981//368 6983//661 6984//661
f 6981//368 6984//661 6982//368
f 6983//661 6953//363 6956//363
f 6983//661 6956//363 6984//661
f 6952//298 6954//298 6953//298
f 6985//291 6956//291 6955//291
f 6952//298 6957//298 6954//298
f 6985//291 6955//291 6958//291
f 6952//298 6959//298 6957//298
f 6985//291 6958//291 6960//291
f 6952//298 6961//298 6959//298
f 6985//291 6960//291 6962//291
f 6952//298 6963//298 6961//298
f 6985//291 6962//291 6964//291
f 6952//298 6965//298 6963//298
f 6985//291 6964//291 6966//291
f 6952//298 6967//298 6965//298
f 6985//291 6966//291 6968//291
f 6952//298 6969//298 6967//298
f 6985//291 6968//291 6970//291
f 6952//298 6971//298 6969//298
f 6985//291 6970//291 6972//291
f 6952//298 6973//298 6971//298
f 6985//291 6972//291 6974//291
f 6952//298 6975//298 6973//298
f 6985//291 6974//291 6976//291
f 6952//298 6977//298 6975//298
f 6985//291 6976//291 6978//291
f 6952//298 6979//298 6977//298
f 6985//291 6978//291 6980//291
f 6952//298 6981//298 6979//298
f 6985//291 6980//291 6982//291
f 6952//298 6983//298 6981//298
f 6985//291 6982//291 6984//291
f 6952//298 6953//298 6983//298
f 6985//291 6984//291 6956//291
usemtl label_light
f 6986//1104 6987//1104 6988//1104
f 6986//1105 6988//1105 6989//1105
f 6990//1106 6991//1106 6992//1106
f 6990//1107 6992//1107 6993//1107
f 6986//1108 6993//1108 6992//1108
f 6986//1108 6992//1108 6987//1108
f 6987//1109 6992//1109 6991//1109
f 6987//1109 6991//1109 6988//1109
f 6988//1110 6991//1110 6990//1110
f 6988//1110 6990//1110 6989//1110
f 6989//1111 6990//1111 6993//1111
f 6989//1111 6993//1111 6986//1111
usemtl vent_dark
f 6994//291 6995//457 6996//457
f 6994//291 6996//457 6997//291
f 6995//457 6998//475 6999//475
f 6995//457 6999//475 6996//457
f 6998//475 7000//493 7001//493
f 6998//475 7001//493 6999//475
f 7000//493 7002//511 7003//511
f 7000//493 7003//511 7001//493
f 7002//511 7004//298 7005//298
f 7002//511 7005//298 7003//511
f 7004//298 7006//460 7007//460
f 7004//298 7007//460 7005//298
f 7006//460 7008//478 7009//478
f 7006//460 7009//478 7007//460
f 7008//478 7010//496 7011//496
f 7008//478 7011//496 7009//478
f 7010//496 7012//514 7013//514
f 7010//496 7013//514 7011//496
f 7012//514 6994//291 6997//291
f 7012//514 6997//291 7013//514
f 7014//289 6995//289 6994//289
f 7015//290 6997//290 6996//290
f 7014//289 6998//289 6995//289
f 7015//290 6996//290 6999//290
f 7014//289 7000//289 6998//289
f 7015//290 6999//290 7001//290
f 7014//289 7002//289 7000//289
f 7015//290 7001//290 7003//290
f 7014//289 7004//289 7002//289
f 7015//290 7003//290 7005//290
f 7014//289 7006//289 7004//289
f 7015//290 7005//290 7007//290
f 7014//289 7008//289 7006//289
f 7015//290 7007//290 7009//290
f 7014//289 7010//289 7008//289
f 7015//290 7009//290 7011//290
f 7014//289 7012//289 7010//289
f 7015//290 7011//290 7013//290
f 7014//289 6994//289 7012//289
f 7015//290 7013//290 6997//290
f 7016//291 7017//457 7018//457
f 7016//291 7018//457 7019//291
f 7017//457 7020//475 7021//475
f 7017//457 7021//475 7018//457
f 7020//475 7022//493 7023//493
f 7020//475 7023//493 7021//475
f 7022//493 7024//511 7025//511
f 7022//493 7025//511 7023//493
f 7024//511 7026//298 7027//298
f 7024//511 7027//298 7025//511
f 7026//298 7028//460 7029//460
f 7026//298 7029//460 7027//298
f 7028//460 7030//478 7031//478
f 7028//460 7031//478 7029//460
f 7030//478 7032//496 7033//496
f 7030//478 7033//496 7031//478
f 7032//496 7034//514 7035//514
f 7032//496 7035//514 7033//496
f 7034//514 7016//291 7019//291
f 7034//514 7019//291 7035//514
f 7036//289 7017//289 7016//289
f 7037//290 7019//290 7018//290
f 7036//289 7020//289 7017//289
f 7037//290 7018//290 7021//290
f 7036//289 7022//289 7020//289
f 7037//290 7021//290 7023//290
f 7036//289 7024//289 7022//289
f 7037//290 7023//290 7025//290
f 7036//289 7026//289 7024//289
f 7037//290 7025//290 7027//290
f 7036//289 7028//289 7026//289
f 7037//290 7027//290 7029//290
f 7036//289 7030//289 7028//289
f 7037//290 7029//290 7031//290
f 7036//289 7032//289 7030//289
f 7037//290 7031//290 7033//290
f 7036//289 7034//289 7032//289
f 7037//290 7033//290 7035//290
f 7036//289 7016//289 7034//289
f 7037//290 7035//290 7019//290
f 7038//291 7039//457 7040//457
f 7038//291 7040//457 7041//291
f 7039//457 7042//475 7043//475
f 7039//457 7043//475 7040//457
f 7042//475 7044//493 7045//493
f 7042//475 7045//493 7043//475
f 7044//493 7046//511 7047//511
f 7044//493 7047//511 7045//493
f 7046//511 7048//298 7049//298
f 7046//511 7049//298 7047//511
f 7048//298 7050//460 7051//460
f 7048//298 7051//460 7049//298
f 7050//460 7052//478 7053//478
f 7050//460 7053//478 7051//460
f 7052//478 7054//496 7055//496
f 7052//478 7055//496 7053//478
f 7054//496 7056//514 7057//514
f 7054//496 7057//514 7055//496
f 7056//514 7038//291 7041//291
f 7056//514 7041//291 7057//514
f 7058//289 7039//289 7038//289
f 7059//290 7041//290 7040//290
f 7058//289 7042//289 7039//289
f 7059//290 7040//290 7043//290
f 7058//289 7044//289 7042//289
f 7059//290 7043//290 7045//290
f 7058//289 7046//289 7044//289
f 7059//290 7045//290 7047//290
f 7058//289 7048//289 7046//289
f 7059//290 7047//290 7049//290
f 7058//289 7050//289 7048//289
f 7059//290 7049//290 7051//290
f 7058//289 7052//289 7050//289
f 7059//290 7051//290 7053//290
f 7058//289 7054//289 7052//289
f 7059//290 7053//290 7055//290
f 7058//289 7056//289 7054//289
f 7059//290 7055//290 7057//290
f 7058//289 7038//289 7056//289
f 7059//290 7057//290 7041//290
f 7060//291 7061//457 7062//457
f 7060//291 7062//457 7063//291
f 7061//457 7064//475 7065//475
f 7061//457 7065//475 7062//457
f 7064//475 7066//493 7067//493
f 7064//475 7067//493 7065//475
f 7066//493 7068//511 7069//511
f 7066//493 7069//511 7067//493
f 7068//511 7070//298 7071//298
f 7068//511 7071//298 7069//511
f 7070//298 7072//460 7073//460
f 7070//298 7073//460 7071//298
f 7072//460 7074//478 7075//478
f 7072//460 7075//478 7073//460
f 7074//478 7076//496 7077//496
f 7074//478 7077//496 7075//478
f 7076//496 7078//514 7079//514
f 7076//496 7079//514 7077//496
f 7078//514 7060//291 7063//291
f 7078//514 7063//291 7079//514
f 7080//289 7061//289 7060//289
f 7081//290 7063//290 7062//290
f 7080//289 7064//289 7061//289
f 7081//290 7062//290 7065//290
f 7080//289 7066//289 7064//289
f 7081//290 7065//290 7067//290
f 7080//289 7068//289 7066//289
f 7081//290 7067//290 7069//290
f 7080//289 7070//289 7068//289
f 7081//290 7069//290 7071//290
f 7080//289 7072//289 7070//289
f 7081//290 7071//290 7073//290
f 7080//289 7074//289 7072//289
f 7081//290 7073//290 7075//290
f 7080//289 7076//289 7074//289
f 7081//290 7075//290 7077//290
f 7080//289 7078//289 7076//289
f 7081//290 7077//290 7079//290
f 7080//289 7060//289 7078//289
f 7081//290 7079//290 7063//290
f 7082//291 7083//457 7084//457
f 7082//291 7084//457 7085//291
f 7083//457 7086//475 7087//475
f 7083//457 7087//475 7084//457
f 7086//475 7088//493 7089//493
f 7086//475 7089//493 7087//475
f 7088//493 7090//511 7091//511
f 7088//493 7091//511 7089//493
f 7090//511 7092//298 7093//298
f 7090//511 7093//298 7091//511
f 7092//298 7094//460 7095//460
f 7092//298 7095//460 7093//298
f 7094//460 7096//478 7097//478
f 7094//460 7097//478 7095//460
f 7096//478 7098//496 7099//496
f 7096//478 7099//496 7097//478
f 7098//496 7100//514 7101//514
f 7098//496 7101//514 7099//496
f 7100//514 7082//291 7085//291
f 7100//514 7085//291 7101//514
f 7102//289 7083//289 7082//289
f 7103//290 7085//290 7084//290
f 7102//289 7086//289 7083//289
f 7103//290 7084//290 7087//290
f 7102//289 7088//289 7086//289
f 7103//290 7087//290 7089//290
f 7102//289 7090//289 7088//289
f 7103//290 7089//290 7091//290
f 7102//289 7092//289 7090//289
f 7103//290 7091//290 7093//290
f 7102//289 7094//289 7092//289
f 7103//290 7093//290 7095//290
f 7102//289 7096//289 7094//289
f 7103//290 7095//290 7097//290
f 7102//289 7098//289 7096//289
f 7103//290 7097//290 7099//290
f 7102//289 7100//289 7098//289
f 7103//290 7099//290 7101//290
f 7102//289 7082//289 7100//289
f 7103//290 7101//290 7085//290
f 7104//291 7105//457 7106//457
f 7104//291 7106//457 7107//291
f 7105//457 7108//475 7109//475
f 7105//457 7109//475 7106//457
f 7108//475 7110//493 7111//493
f 7108//475 7111//493 7109//475
f 7110//493 7112//511 7113//511
f 7110//493 7113//511 7111//493
f 7112//511 7114//298 7115//298
f 7112//511 7115//298 7113//511
f 7114//298 7116//460 7117//460
f 7114//298 7117//460 7115//298
f 7116//460 7118//478 7119//478
f 7116//460 7119//478 7117//460
f 7118//478 7120//496 7121//496
f 7118//478 7121//496 7119//478
f 7120//496 7122//514 7123//514
f 7120//496 7123//514 7121//496
f 7122//514 7104//291 7107//291
f 7122//514 7107//291 7123//514
f 7124//289 7105//289 7104//289
f 7125//290 7107//290 7106//290
f 7124//289 7108//289 7105//289
f 7125//290 7106//290 7109//290
f 7124//289 7110//289 7108//289
f 7125//290 7109//290 7111//290
f 7124//289 7112//289 7110//289
f 7125//290 7111//290 7113//290
f 7124//289 7114//289 7112//289
f 7125//290 7113//290 7115//290
f 7124//289 7116//289 7114//289
f 7125//290 7115//290 7117//290
f 7124//289 7118//289 7116//289
f 7125//290 7117//290 7119//290
f 7124//289 7120//289 7118//289
f 7125//290 7119//290 7121//290
f 7124//289 7122//289 7120//289
f 7125//290 7121//290 7123//290
f 7124//289 7104//289 7122//289
f 7125//290 7123//290 7107//290
f 7126//291 7127//457 7128//457
f 7126//291 7128//457 7129//291
f 7127//457 7130//475 7131//475
f 7127//457 7131//475 7128//457
f 7130//475 7132//493 7133//493
f 7130//475 7133//493 7131//475
f 7132//493 7134//511 7135//511
f 7132//493 7135//511 7133//493
f 7134//511 7136//298 7137//298
f 7134//511 7137//298 7135//511
f 7136//298 7138//460 7139//460
f 7136//298 7139//460 7137//298
f 7138//460 7140//478 7141//478
f 7138//460 7141//478 7139//460
f 7140//478 7142//496 7143//496
f 7140//478 7143//496 7141//478
f 7142//496 7144//514 7145//514
f 7142//496 7145//514 7143//496
f 7144//514 7126//291 7129//291
f 7144//514 7129//291 7145//514
f 7146//289 7127//289 7126//289
f 7147//290 7129//290 7128//290
f 7146//289 7130//289 7127//289
f 7147//290 7128//290 7131//290
f 7146//289 7132//289 7130//289
f 7147//290 7131//290 7133//290
f 7146//289 7134//289 7132//289
f 7147//290 7133//290 7135//290
f 7146//289 7136//289 7134//289
f 7147//290 7135//290 7137//290
f 7146//289 7138//289 7136//289
f 7147//290 7137//290 7139//290
f 7146//289 7140//289 7138//289
f 7147//290 7139//290 7141//290
f 7146//289 7142//289 7140//289
f 7147//290 7141//290 7143//290
f 7146//289 7144//289 7142//289
f 7147//290 7143//290 7145//290
f 7146//289 7126//289 7144//289
f 7147//290 7145//290 7129//290
f 7148//291 7149//457 7150//457
f 7148//291 7150//457 7151//291
f 7149//457 7152//475 7153//475
f 7149//457 7153//475 7150//457
f 7152//475 7154//493 7155//493
f 7152//475 7155//493 7153//475
f 7154//493 7156//511 7157//511
f 7154//493 7157//511 7155//493
f 7156//511 7158//298 7159//298
f 7156//511 7159//298 7157//511
f 7158//298 7160//460 7161//460
f 7158//298 7161//460 7159//298
f 7160//460 7162//478 7163//478
f 7160//460 7163//478 7161//460
f 7162//478 7164//496 7165//496
f 7162//478 7165//496 7163//478
f 7164//496 7166//514 7167//514
f 7164//496 7167//514 7165//496
f 7166//514 7148//291 7151//291
f 7166//514 7151//291 7167//514
f 7168//289 7149//289 7148//289
f 7169//290 7151//290 7150//290
f 7168//289 7152//289 7149//289
f 7169//290 7150//290 7153//290
f 7168//289 7154//289 7152//289
f 7169//290 7153//290 7155//290
f 7168//289 7156//289 7154//289
f 7169//290 7155//290 7157//290
f 7168//289 7158//289 7156//289
f 7169//290 7157//290 7159//290
f 7168//289 7160//289 7158//289
f 7169//290 7159//290 7161//290
f 7168//289 7162//289 7160//289
f 7169//290 7161//290 7163//290
f 7168//289 7164//289 7162//289
f 7169//290 7163//290 7165//290
f 7168//289 7166//289 7164//289
f 7169//290 7165//290 7167//290
f 7168//289 7148//289 7166//289
f 7169//290 7167//290 7151//290
f 7170//291 7171//457 7172//457
f 7170//291 7172//457 7173//291
f 7171//457 7174//475 7175//475
f 7171//457 7175//475 7172//457
f 7174//475 7176//493 7177//493
f 7174//475 7177//493 7175//475
f 7176//493 7178//511 7179//511
f 7176//493 7179//511 7177//493
f 7178//511 7180//298 7181//298
f 7178//511 7181//298 7179//511
f 7180//298 7182//460 7183//460
f 7180//298 7183//460 7181//298
f 7182//460 7184//478 7185//478
f 7182//460 7185//478 7183//460
f 7184//478 7186//496 7187//496
f 7184//478 7187//496 7185//478
f 7186//496 7188//514 7189//514
f 7186//496 7189//514 7187//496
f 7188//514 7170//291 7173//291
f 7188//514 7173//291 7189//514
f 7190//289 7171//289 7170//289
f 7191//290 7173//290 7172//290
f 7190//289 7174//289 7171//289
f 7191//290 7172//290 7175//290
f 7190//289 7176//289 7174//289
f 7191//290 7175//290 7177//290
f 7190//289 7178//289 7176//289
f 7191//290 7177//290 7179//290
f 7190//289 7180//289 7178//289
f 7191//290 7179//290 7181//290
f 7190//289 7182//289 7180//289
f 7191//290 7181//290 7183//290
f 7190//289 7184//289 7182//289
f 7191//290 7183//290 7185//290
f 7190//289 7186//289 7184//289
f 7191//290 7185//290 7187//290
f 7190//289 7188//289 7186//289
f 7191//290 7187//290 7189//290
f 7190//289 7170//289 7188//289
f 7191//290 7189//290 7173//290
f 7192//291 7193//457 7194//457
f 7192//291 7194//457 7195//291
f 7193//457 7196//475 7197//475
f 7193//457 7197//475 7194//457
f 7196//475 7198//493 7199//493
f 7196//475 7199//493 7197//475
f 7198//493 7200//511 7201//511
f 7198//493 7201//511 7199//493
f 7200//511 7202//298 7203//298
f 7200//511 7203//298 7201//511
f 7202//298 7204//460 7205//460
f 7202//298 7205//460 7203//298
f 7204//460 7206//478 7207//478
f 7204//460 7207//478 7205//460
f 7206//478 7208//496 7209//496
f 7206//478 7209//496 7207//478
f 7208//496 7210//514 7211//514
f 7208//496 7211//514 7209//496
f 7210//514 7192//291 7195//291
f 7210//514 7195//291 7211//514
f 7212//289 7193//289 7192//289
f 7213//290 7195//290 7194//290
f 7212//289 7196//289 7193//289
f 7213//290 7194//290 7197//290
f 7212//289 7198//289 7196//289
f 7213//290 7197//290 7199//290
f 7212//289 7200//289 7198//289
f 7213//290 7199//290 7201//290
f 7212//289 7202//289 7200//289
f 7213//290 7201//290 7203//290
f 7212//289 7204//289 7202//289
f 7213//290 7203//290 7205//290
f 7212//289 7206//289 7204//289
f 7213//290 7205//290 7207//290
f 7212//289 7208//289 7206//289
f 7213//290 7207//290 7209//290
f 7212//289 7210//289 7208//289
f 7213//290 7209//290 7211//290
f 7212//289 7192//289 7210//289
f 7213//290 7211//290 7195//290
f 7214//291 7215//457 7216//457
f 7214//291 7216//457 7217//291
f 7215//457 7218//475 7219//475
f 7215//457 7219//475 7216//457
f 7218//475 7220//493 7221//493
f 7218//475 7221//493 7219//475
f 7220//493 7222//511 7223//511
f 7220//493 7223//511 7221//493
f 7222//511 7224//298 7225//298
f 7222//511 7225//298 7223//511
f 7224//298 7226//460 7227//460
f 7224//298 7227//460 7225//298
f 7226//460 7228//478 7229//478
f 7226//460 7229//478 7227//460
f 7228//478 7230//496 7231//496
f 7228//478 7231//496 7229//478
f 7230//496 7232//514 7233//514
f 7230//496 7233//514 7231//496
f 7232//514 7214//291 7217//291
f 7232//514 7217//291 7233//514
f 7234//289 7215//289 7214//289
f 7235//290 7217//290 7216//290
f 7234//289 7218//289 7215//289
f 7235//290 7216//290 7219//290
f 7234//289 7220//289 7218//289
f 7235//290 7219//290 7221//290
f 7234//289 7222//289 7220//289
f 7235//290 7221//290 7223//290
f 7234//289 7224//289 7222//289
f 7235//290 7223//290 7225//290
f 7234//289 7226//289 7224//289
f 7235//290 7225//290 7227//290
f 7234//289 7228//289 7226//289
f 7235//290 7227//290 7229//290
f 7234//289 7230//289 7228//289
f 7235//290 7229//290 7231//290
f 7234//289 7232//289 7230//289
f 7235//290 7231//290 7233//290
f 7234//289 7214//289 7232//289
f 7235//290 7233//290 7217//290
f 7236//291 7237//457 7238//457
f 7236//291 7238//457 7239//291
f 7237//457 7240//475 7241//475
f 7237//457 7241//475 7238//457
f 7240//475 7242//493 7243//493
f 7240//475 7243//493 7241//475
f 7242//493 7244//511 7245//511
f 7242//493 7245//511 7243//493
f 7244//511 7246//298 7247//298
f 7244//511 7247//298 7245//511
f 7246//298 7248//460 7249//460
f 7246//298 7249//460 7247//298
f 7248//460 7250//478 7251//478
f 7248//460 7251//478 7249//460
f 7250//478 7252//496 7253//496
f 7250//478 7253//496 7251//478
f 7252//496 7254//514 7255//514
f 7252//496 7255//514 7253//496
f 7254//514 7236//291 7239//291
f 7254//514 7239//291 7255//514
f 7256//289 7237//289 7236//289
f 7257//290 7239//290 7238//290
f 7256//289 7240//289 7237//289
f 7257//290 7238//290 7241//290
f 7256//289 7242//289 7240//289
f 7257//290 7241//290 7243//290
f 7256//289 7244//289 7242//289
f 7257//290 7243//290 7245//290
f 7256//289 7246//289 7244//289
f 7257//290 7245//290 7247//290
f 7256//289 7248//289 7246//289
f 7257//290 7247//290 7249//290
f 7256//289 7250//289 7248//289
f 7257//290 7249//290 7251//290
f 7256//289 7252//289 7250//289
f 7257//290 7251//290 7253//290
f 7256//289 7254//289 7252//289
f 7257//290 7253//290 7255//290
f 7256//289 7236//289 7254//289
f 7257//290 7255//290 7239//290
f 7258//291 7259//457 7260//457
f 7258//291 7260//457 7261//291
f 7259//457 7262//475 7263//475
f 7259//457 7263//475 7260//457
f 7262//475 7264//493 7265//493
f 7262//475 7265//493 7263//475
f 7264//493 7266//511 7267//511
f 7264//493 7267//511 7265//493
f 7266//511 7268//298 7269//298
f 7266//511 7269//298 7267//511
f 7268//298 7270//460 7271//460
f 7268//298 7271//460 7269//298
f 7270//460 7272//478 7273//478
f 7270//460 7273//478 7271//460
f 7272//478 7274//496 7275//496
f 7272//478 7275//496 7273//478
f 7274//496 7276//514 7277//514
f 7274//496 7277//514 7275//496
f 7276//514 7258//291 7261//291
f 7276//514 7261//291 7277//514
f 7278//289 7259//289 7258//289
f 7279//290 7261//290 7260//290
f 7278//289 7262//289 7259//289
f 7279//290 7260//290 7263//290
f 7278//289 7264//289 7262//289
f 7279//290 7263//290 7265//290
f 7278//289 7266//289 7264//289
f 7279//290 7265//290 7267//290
f 7278//289 7268//289 7266//289
f 7279//290 7267//290 7269//290
f 7278//289 7270//289 7268//289
f 7279//290 7269//290 7271//290
f 7278//289 7272//289 7270//289
f 7279//290 7271//290 7273//290
f 7278//289 7274//289 7272//289
f 7279//290 7273//290 7275//290
f 7278//289 7276//289 7274//289
f 7279//290 7275//290 7277//290
f 7278//289 7258//289 7276//289
f 7279//290 7277//290 7261//290
f 7280//291 7281//457 7282//457
f 7280//291 7282//457 7283//291
f 7281//457 7284//475 7285//475
f 7281//457 7285//475 7282//457
f 7284//475 7286//493 7287//493
f 7284//475 7287//493 7285//475
f 7286//493 7288//511 7289//511
f 7286//493 7289//511 7287//493
f 7288//511 7290//298 7291//298
f 7288//511 7291//298 7289//511
f 7290//298 7292//460 7293//460
f 7290//298 7293//460 7291//298
f 7292//460 7294//478 7295//478
f 7292//460 7295//478 7293//460
f 7294//478 7296//496 7297//496
f 7294//478 7297//496 7295//478
f 7296//496 7298//514 7299//514
f 7296//496 7299//514 7297//496
f 7298//514 7280//291 7283//291
f 7298//514 7283//291 7299//514
f 7300//289 7281//289 7280//289
f 7301//290 7283//290 7282//290
f 7300//289 7284//289 7281//289
f 7301//290 7282//290 7285//290
f 7300//289 7286//289 7284//289
f 7301//290 7285//290 7287//290
f 7300//289 7288//289 7286//289
f 7301//290 7287//290 7289//290
f 7300//289 7290//289 7288//289
f 7301//290 7289//290 7291//290
f 7300//289 7292//289 7290//289
f 7301//290 7291//290 7293//290
f 7300//289 7294//289 7292//289
f 7301//290 7293//290 7295//290
f 7300//289 7296//289 7294//289
f 7301//290 7295//290 7297//290
f 7300//289 7298//289 7296//289
f 7301//290 7297//290 7299//290
f 7300//289 7280//289 7298//289
f 7301//290 7299//290 7283//290
f 7302//291 7303//457 7304//457
f 7302//291 7304//457 7305//291
f 7303//457 7306//475 7307//475
f 7303//457 7307//475 7304//457
f 7306//475 7308//493 7309//493
f 7306//475 7309//493 7307//475
f 7308//493 7310//511 7311//511
f 7308//493 7311//511 7309//493
f 7310//511 7312//298 7313//298
f 7310//511 7313//298 7311//511
f 7312//298 7314//460 7315//460
f 7312//298 7315//460 7313//298
f 7314//460 7316//478 7317//478
f 7314//460 7317//478 7315//460
f 7316//478 7318//496 7319//496
f 7316//478 7319//496 7317//478
f 7318//496 7320//514 7321//514
f 7318//496 7321//514 7319//496
f 7320//514 7302//291 7305//291
f 7320//514 7305//291 7321//514
f 7322//289 7303//289 7302//289
f 7323//290 7305//290 7304//290
f 7322//289 7306//289 7303//289
f 7323//290 7304//290 7307//290
f 7322//289 7308//289 7306//289
f 7323//290 7307//290 7309//290
f 7322//289 7310//289 7308//289
f 7323//290 7309//290 7311//290
f 7322//289 7312//289 7310//289
f 7323//290 7311//290 7313//290
f 7322//289 7314//289 7312//289
f 7323//290 7313//290 7315//290
f 7322//289 7316//289 7314//289
f 7323//290 7315//290 7317//290
f 7322//289 7318//289 7316//289
f 7323//290 7317//290 7319//290
f 7322//289 7320//289 7318//289
f 7323//290 7319//290 7321//290
f 7322//289 7302//289 7320//289
f 7323//290 7321//290 7305//290
f 7324//291 7325//457 7326//457
f 7324//291 7326//457 7327//291
f 7325//457 7328//475 7329//475
f 7325//457 7329//475 7326//457
f 7328//475 7330//493 7331//493
f 7328//475 7331//493 7329//475
f 7330//493 7332//511 7333//511
f 7330//493 7333//511 7331//493
f 7332//511 7334//298 7335//298
f 7332//511 7335//298 7333//511
f 7334//298 7336//460 7337//460
f 7334//298 7337//460 7335//298
f 7336//460 7338//478 7339//478
f 7336//460 7339//478 7337//460
f 7338//478 7340//496 7341//496
f 7338//478 7341//496 7339//478
f 7340//496 7342//514 7343//514
f 7340//496 7343//514 7341//496
f 7342//514 7324//291 7327//291
f 7342//514 7327//291 7343//514
f 7344//289 7325//289 7324//289
f 7345//290 7327//290 7326//290
f 7344//289 7328//289 7325//289
f 7345//290 7326//290 7329//290
f 7344//289 7330//289 7328//289
f 7345//290 7329//290 7331//290
f 7344//289 7332//289 7330//289
f 7345//290 7331//290 7333//290
f 7344//289 7334//289 7332//289
f 7345//290 7333//290 7335//290
f 7344//289 7336//289 7334//289
f 7345//290 7335//290 7337//290
f 7344//289 7338//289 7336//289
f 7345//290 7337//290 7339//290
f 7344//289 7340//289 7338//289
f 7345//290 7339//290 7341//290
f 7344//289 7342//289 7340//289
f 7345//290 7341//290 7343//290
f 7344//289 7324//289 7342//289
f 7345//290 7343//290 7327//290
f 7346//291 7347//457 7348//457
f 7346//291 7348//457 7349//291
f 7347//457 7350//475 7351//475
f 7347//457 7351//475 7348//457
f 7350//475 7352//493 7353//493
f 7350//475 7353//493 7351//475
f 7352//493 7354//511 7355//511
f 7352//493 7355//511 7353//493
f 7354//511 7356//298 7357//298
f 7354//511 7357//298 7355//511
f 7356//298 7358//460 7359//460
f 7356//298 7359//460 7357//298
f 7358//460 7360//478 7361//478
f 7358//460 7361//478 7359//460
f 7360//478 7362//496 7363//496
f 7360//478 7363//496 7361//478
f 7362//496 7364//514 7365//514
f 7362//496 7365//514 7363//496
f 7364//514 7346//291 7349//291
f 7364//514 7349//291 7365//514
f 7366//289 7347//289 7346//289
f 7367//290 7349//290 7348//290
f 7366//289 7350//289 7347//289
f 7367//290 7348//290 7351//290
f 7366//289 7352//289 7350//289
f 7367//290 7351//290 7353//290
f 7366//289 7354//289 7352//289
f 7367//290 7353//290 7355//290
f 7366//289 7356//289 7354//289
f 7367//290 7355//290 7357//290
f 7366//289 7358//289 7356//289
f 7367//290 7357//290 7359//290
f 7366//289 7360//289 7358//289
f 7367//290 7359//290 7361//290
f 7366//289 7362//289 7360//289
f 7367//290 7361//290 7363//290
f 7366//289 7364//289 7362//289
f 7367//290 7363//290 7365//290
f 7366//289 7346//289 7364//289
f 7367//290 7365//290 7349//290
f 7368//291 7369//457 7370//457
f 7368//291 7370//457 7371//291
f 7369//457 7372//475 7373//475
f 7369//457 7373//475 7370//457
f 7372//475 7374//493 7375//493
f 7372//475 7375//493 7373//475
f 7374//493 7376//511 7377//511
f 7374//493 7377//511 7375//493
f 7376//511 7378//298 7379//298
f 7376//511 7379//298 7377//511
f 7378//298 7380//460 7381//460
f 7378//298 7381//460 7379//298
f 7380//460 7382//478 7383//478
f 7380//460 7383//478 7381//460
f 7382//478 7384//496 7385//496
f 7382//478 7385//496 7383//478
f 7384//496 7386//514 7387//514
f 7384//496 7387//514 7385//496
f 7386//514 7368//291 7371//291
f 7386//514 7371//291 7387//514
f 7388//289 7369//289 7368//289
f 7389//290 7371//290 7370//290
f 7388//289 7372//289 7369//289
f 7389//290 7370//290 7373//290
f 7388//289 7374//289 7372//289
f 7389//290 7373//290 7375//290
f 7388//289 7376//289 7374//289
f 7389//290 7375//290 7377//290
f 7388//289 7378//289 7376//289
f 7389//290 7377//290 7379//290
f 7388//289 7380//289 7378//289
f 7389//290 7379//290 7381//290
f 7388//289 7382//289 7380//289
f 7389//290 7381//290 7383//290
f 7388//289 7384//289 7382//289
f 7389//290 7383//290 7385//290
f 7388//289 7386//289 7384//289
f 7389//290 7385//290 7387//290
f 7388//289 7368//289 7386//289
f 7389//290 7387//290 7371//290
